serial_number,has_failed,alarm_triggered,first_alarm_date,actual_failure_date,days_to_failure_at_alarm,category,is_hit,is_fp_early,is_fp_cens,is_false_alarm,is_miss,is_correct_rejection,max_predicted_score,alarm_predicted_score,first_seen_date,days_since_observed,threshold_used
2AG61PSY,0,0,,,,Censored No Alarm,0,0,0,0,0,1,0.0006281162202322838,,2019-05-27,,0.939
2AG8AVRY,0,0,,,,Censored No Alarm,0,0,0,0,0,1,0.006708669011396276,,2019-08-14,,0.939
2AGEGU7Y,0,0,,,,Censored No Alarm,0,0,0,0,0,1,0.0006348290661193688,,2019-05-27,,0.939
2AGEU1JY,0,0,,,,Censored No Alarm,0,0,0,0,0,1,0.574918464493633,,2019-06-01,,0.939
2AGG48NY,0,0,,,,Censored No Alarm,0,0,0,0,0,1,0.0006281162202322838,,2019-05-27,,0.939
2AGG7H1Y,0,0,,,,Censored No Alarm,0,0,0,0,0,1,0.0006348290661193688,,2019-05-27,,0.939
2AGGHGJY,1,0,,2024-11-19,,Missed,0,0,0,0,1,0,0.4184993309784581,,2019-05-16,,0.939
2AGGHLEY,0,0,,,,Censored No Alarm,0,0,0,0,0,1,0.0006544218275462667,,2019-06-01,,0.939
2AGGHM0Y,0,0,,,,Censored No Alarm,0,0,0,0,0,1,0.0006281162202322838,,2019-05-27,,0.939
2AGGHMUY,0,0,,,,Censored No Alarm,0,0,0,0,0,1,0.0007932233312447358,,2019-05-16,,0.939
2AGGHR1Y,0,0,,,,Censored No Alarm,0,0,0,0,0,1,0.007982729458145267,,2019-05-27,,0.939
2AGGHR7Y,0,0,,,,Censored No Alarm,0,0,0,0,0,1,0.0006281162202322838,,2019-05-27,,0.939
2AGGL0UY,1,0,,2022-02-27,,Missed,0,0,0,0,1,0,0.04245332349180143,,2019-05-27,,0.939
2AGGR3NY,0,0,,,,Censored No Alarm,0,0,0,0,0,1,0.046313182297134596,,2019-05-27,,0.939
2AGGZNJY,0,0,,,,Censored No Alarm,0,0,0,0,0,1,0.0007634233468544235,,2019-05-27,,0.939
2AGH31BY,1,0,,2023-11-01,,Missed,0,0,0,0,1,0,0.051077507214271185,,2019-05-27,,0.939
2AGH31PY,1,0,,2024-11-18,,Missed,0,0,0,0,1,0,0.4062454489678106,,2019-05-27,,0.939
2AGH33SY,1,1,2025-03-01,2025-05-08,68.0,Early,0,1,0,1,0,0,0.9999582859852261,0.9999258412299757,2019-05-27,2105.0,0.939
2AGH34HY,0,0,,,,Censored No Alarm,0,0,0,0,0,1,0.034481493808128046,,2019-05-27,,0.939
2AGH34PY,0,0,,,,Censored No Alarm,0,0,0,0,0,1,0.0006867419290134839,,2019-05-27,,0.939
2AGH35GY,0,0,,,,Censored No Alarm,0,0,0,0,0,1,0.000630163628722679,,2019-05-27,,0.939
2AGHB9XY,1,0,,2024-12-02,,Missed,0,0,0,0,1,0,0.05579659984334554,,2019-05-27,,0.939
2AGHDYHY,0,0,,,,Censored No Alarm,0,0,0,0,0,1,0.0006348290661193688,,2019-05-27,,0.939
2AGHEP9Y,1,0,,2024-07-26,,Missed,0,0,0,0,1,0,0.03071465557001454,,2019-05-27,,0.939
2AGHGR1Y,0,0,,,,Censored No Alarm,0,0,0,0,0,1,0.005990581781747318,,2019-05-27,,0.939
2AGHGRLY,0,0,,,,Censored No Alarm,0,0,0,0,0,1,0.0006348290661193688,,2019-05-27,,0.939
2AGHGRRY,0,0,,,,Censored No Alarm,0,0,0,0,0,1,0.0006348290661193688,,2019-05-27,,0.939
2AGHJD4Y,0,1,2026-02-20,,,Censored Early,0,0,1,1,0,0,0.9989672481343466,0.9988440105206872,2019-06-01,2456.0,0.939
2AGHK55Y,0,0,,,,Censored No Alarm,0,0,0,0,0,1,0.0006281162202322838,,2019-05-27,,0.939
2AGHK8MY,0,0,,,,Censored No Alarm,0,0,0,0,0,1,0.0006348290661193688,,2019-05-27,,0.939
2AGHLEUY,1,0,,2023-11-06,,Missed,0,0,0,0,1,0,0.01478511394975006,,2019-05-27,,0.939
2AGHLGTY,1,0,,2025-08-05,,Missed,0,0,0,0,1,0,0.4010172929062659,,2019-05-27,,0.939
2AGHLKHY,0,0,,,,Censored No Alarm,0,0,0,0,0,1,0.0006348290661193688,,2019-05-27,,0.939
2AGHLMXY,0,0,,,,Censored No Alarm,0,0,0,0,0,1,0.0006544218275462667,,2019-05-27,,0.939
2AGHLN0Y,0,0,,,,Censored No Alarm,0,0,0,0,0,1,0.0006544218275462667,,2019-05-27,,0.939
2AGHMUTY,0,0,,,,Censored No Alarm,0,0,0,0,0,1,0.0006544218275462667,,2019-05-27,,0.939
2AGHMUYY,0,0,,,,Censored No Alarm,0,0,0,0,0,1,0.0006544218275462667,,2019-06-01,,0.939
2AGHMW5Y,0,0,,,,Censored No Alarm,0,0,0,0,0,1,0.01986704957574399,,2019-05-27,,0.939
2AGHMXGY,1,0,,2023-05-14,,Missed,0,0,0,0,1,0,0.009465883984613087,,2019-05-27,,0.939
2AGHMYTY,0,0,,,,Censored No Alarm,0,0,0,0,0,1,0.024512013416776755,,2019-05-27,,0.939
2AGHMZMY,0,0,,,,Censored No Alarm,0,0,0,0,0,1,0.35805719574647243,,2019-05-27,,0.939
2AGHN0TY,1,1,2020-09-19,2020-10-22,33.0,Early,0,1,0,1,0,0,1.0,1.0,2019-05-27,481.0,0.939
2AGHN0WY,0,0,,,,Censored No Alarm,0,0,0,0,0,1,0.0006544218275462667,,2019-05-27,,0.939
2AGHN16Y,0,0,,,,Censored No Alarm,0,0,0,0,0,1,0.0006281162202322838,,2019-05-27,,0.939
2AGHN2AY,0,0,,,,Censored No Alarm,0,0,0,0,0,1,0.0006348290661193688,,2019-05-27,,0.939
2AGHN3XY,0,0,,,,Censored No Alarm,0,0,0,0,0,1,0.0006348290661193688,,2019-05-27,,0.939
2AGHPDKY,0,0,,,,Censored No Alarm,0,0,0,0,0,1,0.0006449012921829455,,2019-05-27,,0.939
2AGHSJ4Y,0,0,,,,Censored No Alarm,0,0,0,0,0,1,0.0006281162202322838,,2019-05-27,,0.939
2AGHSS9Y,0,0,,,,Censored No Alarm,0,0,0,0,0,1,0.0006867419290134839,,2019-05-27,,0.939
2AGHTBYY,1,1,2024-08-28,2025-01-25,150.0,Early,0,1,0,1,0,0,1.0,1.0,2019-05-27,1920.0,0.939
2AGHTGEY,1,0,,2023-03-14,,Missed,0,0,0,0,1,0,0.3841764957132733,,2019-05-27,,0.939
2AGHTKBY,0,0,,,,Censored No Alarm,0,0,0,0,0,1,0.008667781554699003,,2019-05-27,,0.939
2AGLY65Y,1,0,,2023-11-20,,Missed,0,0,0,0,1,0,0.028798492259816365,,2019-08-13,,0.939
2AGM231Y,0,0,,,,Censored No Alarm,0,0,0,0,0,1,0.0006867419290134839,,2019-05-04,,0.939
2AGM23NY,0,0,,,,Censored No Alarm,0,0,0,0,0,1,0.0006867419290134839,,2019-05-04,,0.939
2AGM5UVY,0,1,2025-07-08,,,Censored Early,0,0,1,1,0,0,0.9815611876417274,0.9815611876417274,2019-05-16,2245.0,0.939
2AGM5V7Y,1,0,,2025-12-05,,Missed,0,0,0,0,1,0,0.5533388278582153,,2019-05-16,,0.939
2AGM5VBY,0,1,2026-02-09,,,Censored Early,0,0,1,1,0,0,0.9993489237753252,0.9993489237753252,2019-05-16,2461.0,0.939
2AGM5VHY,1,0,,2025-01-18,,Missed,0,0,0,0,1,0,0.03591394673055435,,2019-08-14,,0.939
2AGM5W9Y,1,0,,2025-01-16,,Missed,0,0,0,0,1,0,0.039591945633572156,,2019-05-16,,0.939
2AGM5YEY,0,0,,,,Censored No Alarm,0,0,0,0,0,1,0.009220427206204813,,2019-05-04,,0.939
2AGM8EMY,1,0,,2024-10-29,,Missed,0,0,0,0,1,0,0.8566321327282982,,2019-05-16,,0.939
2AGM8EUY,0,0,,,,Censored No Alarm,0,0,0,0,0,1,0.0006867419290134839,,2019-05-27,,0.939
2AGM8J2Y,0,0,,,,Censored No Alarm,0,0,0,0,0,1,0.0006996688445225923,,2019-05-16,,0.939
2AGM8JAY,0,0,,,,Censored No Alarm,0,0,0,0,0,1,0.0006767515188995758,,2019-05-16,,0.939
2AGM8LNY,0,0,,,,Censored No Alarm,0,0,0,0,0,1,0.5614327069866989,,2019-05-04,,0.939
2AGM8RJY,0,0,,,,Censored No Alarm,0,0,0,0,0,1,0.4201350017773413,,2019-08-13,,0.939
2AGM8RTY,0,1,2025-04-09,,,Censored Early,0,0,1,1,0,0,0.999509711737288,0.999509711737288,2019-05-16,2155.0,0.939
2AGM8UNY,1,1,2025-10-28,2026-03-12,135.0,Early,0,1,0,1,0,0,1.0,0.9999998372373026,2019-08-13,2268.0,0.939
2AGM8V7Y,0,0,,,,Censored No Alarm,0,0,0,0,0,1,0.0006867419290134839,,2019-05-16,,0.939
2AGM9MXY,1,0,,2025-09-21,,Missed,0,0,0,0,1,0,0.014037479955644184,,2019-05-04,,0.939
2AGM9PJY,0,0,,,,Censored No Alarm,0,0,0,0,0,1,0.2275343462180919,,2019-05-04,,0.939
2AGM9RGY,1,0,,2022-12-23,,Missed,0,0,0,0,1,0,0.0006982103424615836,,2019-05-16,,0.939
2AGM9S6Y,0,0,,,,Censored No Alarm,0,0,0,0,0,1,0.005876745622515423,,2019-05-16,,0.939
2AGM9SDY,0,0,,,,Censored No Alarm,0,0,0,0,0,1,0.0006544218275462667,,2019-05-04,,0.939
2AGM9U1Y,0,0,,,,Censored No Alarm,0,0,0,0,0,1,0.0006348290661193688,,2019-05-16,,0.939
2AGMDJKY,0,0,,,,Censored No Alarm,0,0,0,0,0,1,0.0006867419290134839,,2019-05-04,,0.939
2AGMDUAY,1,0,,2023-02-04,,Missed,0,0,0,0,1,0,0.009302165904176414,,2019-05-16,,0.939
2AGMDY1Y,0,0,,,,Censored No Alarm,0,0,0,0,0,1,0.007205820504996831,,2019-08-14,,0.939
2AGME0XY,1,0,,2024-05-29,,Missed,0,0,0,0,1,0,0.4309838043144739,,2019-05-16,,0.939
2AGME3BY,0,0,,,,Censored No Alarm,0,0,0,0,0,1,0.006555979470050309,,2019-05-16,,0.939
2AGME9PY,1,1,2024-07-31,2024-08-06,6.0,On time,1,0,0,0,0,0,0.9425744965132418,0.9425744965132418,2019-08-13,1814.0,0.939
2AGMGAYY,0,0,,,,Censored No Alarm,0,0,0,0,0,1,0.0006867419290134839,,2019-05-16,,0.939
2AGMGDPY,0,0,,,,Censored No Alarm,0,0,0,0,0,1,0.0006867419290134839,,2019-08-13,,0.939
2AGMGKLY,0,0,,,,Censored No Alarm,0,0,0,0,0,1,0.0007147681639734118,,2019-08-13,,0.939
2AGMGXEY,0,0,,,,Censored No Alarm,0,0,0,0,0,1,0.0006348290661193688,,2019-08-14,,0.939
2AGMH2YY,1,0,,2024-12-10,,Missed,0,0,0,0,1,0,0.06779680230862947,,2019-05-16,,0.939
2AGMH3JY,0,0,,,,Censored No Alarm,0,0,0,0,0,1,0.0006449012921829455,,2019-05-16,,0.939
2AGMHK6Y,0,0,,,,Censored No Alarm,0,0,0,0,0,1,0.011306795757678423,,2019-05-04,,0.939
2AGMHPEY,1,0,,2024-06-25,,Missed,0,0,0,0,1,0,0.024361521224302293,,2019-06-01,,0.939
2AGMHRYY,1,1,2024-05-06,2024-05-16,10.0,On time,1,0,0,0,0,0,0.9999259950615338,0.9999259950615338,2019-05-16,1817.0,0.939
2AGMHTLY,0,0,,,,Censored No Alarm,0,0,0,0,0,1,0.0006867419290134839,,2019-05-04,,0.939
2AGMHU7Y,1,0,,2024-07-08,,Missed,0,0,0,0,1,0,0.01429903459346914,,2019-05-04,,0.939
2AGMHVTY,0,0,,,,Censored No Alarm,0,0,0,0,0,1,0.0006867419290134839,,2019-05-16,,0.939
2AGMHWAY,1,1,2023-09-09,2023-09-22,13.0,On time,1,0,0,0,0,0,0.99985799165871,0.9998532905402323,2019-08-14,1487.0,0.939
2AGMHXDY,1,1,2025-05-13,2025-06-02,20.0,On time,1,0,0,0,0,0,0.9999183217080212,0.9999143092866362,2019-08-13,2100.0,0.939
2AGMHY3Y,1,0,,2025-11-18,,Missed,0,0,0,0,1,0,0.011668995583640197,,2019-08-14,,0.939
2AGMHY5Y,0,0,,,,Censored No Alarm,0,0,0,0,0,1,0.0006867419290134839,,2019-08-13,,0.939
2AGMJ35Y,0,0,,,,Censored No Alarm,0,0,0,0,0,1,0.0006867419290134839,,2019-05-04,,0.939
2AGMJ3JY,0,0,,,,Censored No Alarm,0,0,0,0,0,1,0.0006867419290134839,,2019-05-16,,0.939
2AGMJ3TY,0,0,,,,Censored No Alarm,0,0,0,0,0,1,0.0006544218275462667,,2019-08-14,,0.939
2AGMJ47Y,0,0,,,,Censored No Alarm,0,0,0,0,0,1,0.0006544218275462667,,2019-06-01,,0.939
2AGMJ5BY,1,0,,2021-05-03,,Missed,0,0,0,0,1,0,0.0006230909766389821,,2019-05-04,,0.939
2AGMKV4Y,1,1,2026-01-18,2026-01-28,10.0,On time,1,0,0,0,0,0,1.0,1.0,2019-05-04,2451.0,0.939
2AGMKVHY,1,0,,2023-05-06,,Missed,0,0,0,0,1,0,0.025565494155418488,,2019-08-13,,0.939
2AGMKVTY,1,0,,2024-12-04,,Missed,0,0,0,0,1,0,0.4289139442936979,,2019-08-14,,0.939
2AGMLMLY,0,0,,,,Censored No Alarm,0,0,0,0,0,1,0.03581886170296036,,2019-08-14,,0.939
2AGMLSZY,1,1,2020-07-24,2020-07-30,6.0,On time,1,0,0,0,0,0,1.0,1.0,2019-05-16,435.0,0.939
2AGMLT7Y,0,0,,,,Censored No Alarm,0,0,0,0,0,1,0.4022235260530653,,2019-05-16,,0.939
2AGMLWNY,0,0,,,,Censored No Alarm,0,0,0,0,0,1,0.03844946168088953,,2019-08-14,,0.939
2AGMLZLY,1,1,2026-02-05,2026-02-11,6.0,On time,1,0,0,0,0,0,0.999895665781301,0.9992150976249805,2019-05-16,2457.0,0.939
2AGMM0UY,0,0,,,,Censored No Alarm,0,0,0,0,0,1,0.8681132140774882,,2019-05-16,,0.939
2AGMMNKY,0,0,,,,Censored No Alarm,0,0,0,0,0,1,0.022464696388301404,,2019-06-01,,0.939
2AGMMU1Y,0,0,,,,Censored No Alarm,0,0,0,0,0,1,0.0006867419290134839,,2019-05-16,,0.939
2AGMMU4Y,0,0,,,,Censored No Alarm,0,0,0,0,0,1,0.0006867419290134839,,2019-08-14,,0.939
2AGMNB7Y,1,0,,2023-03-30,,Missed,0,0,0,0,1,0,0.0497616953770612,,2019-05-16,,0.939
2AGMNBEY,0,0,,,,Censored No Alarm,0,0,0,0,0,1,0.0006867419290134839,,2019-05-16,,0.939
2AGMND4Y,1,1,2025-10-14,2025-10-27,13.0,On time,1,0,0,0,0,0,1.0,1.0,2019-05-04,2355.0,0.939
2AGMNE1Y,1,0,,2025-11-26,,Missed,0,0,0,0,1,0,0.08116879189421086,,2019-05-16,,0.939
2AGMNEBY,1,0,,2024-08-05,,Missed,0,0,0,0,1,0,0.511408871465078,,2019-05-04,,0.939
2AGMNG0Y,0,0,,,,Censored No Alarm,0,0,0,0,0,1,0.0514248598469036,,2019-05-16,,0.939
2AGMNJKY,1,0,,2025-09-29,,Missed,0,0,0,0,1,0,0.8933626021286197,,2019-05-16,,0.939
2AGMNM8Y,0,0,,,,Censored No Alarm,0,0,0,0,0,1,0.03755357542941713,,2019-08-14,,0.939
2AGMNMWY,1,0,,2023-05-10,,Missed,0,0,0,0,1,0,0.013867471040924735,,2019-05-16,,0.939
2AGMNTXY,0,0,,,,Censored No Alarm,0,0,0,0,0,1,0.0006867419290134839,,2019-05-16,,0.939
2AGMNUVY,0,0,,,,Censored No Alarm,0,0,0,0,0,1,0.004631496811624019,,2019-05-04,,0.939
2AGMNWBY,0,0,,,,Censored No Alarm,0,0,0,0,0,1,0.0006544218275462667,,2019-08-13,,0.939
2AGMNXRY,0,0,,,,Censored No Alarm,0,0,0,0,0,1,0.04177105476040711,,2019-08-13,,0.939
2AGMP7ZY,0,0,,,,Censored No Alarm,0,0,0,0,0,1,0.0006867419290134839,,2019-08-14,,0.939
2AGMPBWY,0,0,,,,Censored No Alarm,0,0,0,0,0,1,0.05520490108786462,,2019-05-16,,0.939
2AGMPD8Y,1,0,,2023-11-21,,Missed,0,0,0,0,1,0,0.0006281162202322838,,2019-08-13,,0.939
2AGMPK3Y,0,0,,,,Censored No Alarm,0,0,0,0,0,1,0.012378465953842534,,2019-05-04,,0.939
2AGMPL7Y,1,0,,2025-02-27,,Missed,0,0,0,0,1,0,0.03343583693849729,,2019-05-16,,0.939
2AGMPP1Y,0,0,,,,Censored No Alarm,0,0,0,0,0,1,0.004527379607903991,,2019-05-16,,0.939
2AGMPP4Y,1,1,2025-08-08,2025-09-23,46.0,Early,0,1,0,1,0,0,0.9956939514421289,0.9821530327893312,2019-05-16,2276.0,0.939
2AGMPPGY,0,0,,,,Censored No Alarm,0,0,0,0,0,1,0.0006767515188995758,,2019-05-16,,0.939
2AGMPSSY,0,0,,,,Censored No Alarm,0,0,0,0,0,1,0.0006867419290134839,,2019-05-16,,0.939
2AGMPT2Y,0,0,,,,Censored No Alarm,0,0,0,0,0,1,0.0006767515188995758,,2019-05-16,,0.939
2AGMPZ8Y,0,0,,,,Censored No Alarm,0,0,0,0,0,1,0.0006449012921829455,,2019-08-14,,0.939
2AGMS6PY,0,0,,,,Censored No Alarm,0,0,0,0,0,1,0.0006348290661193688,,2019-08-14,,0.939
2AGMSHHY,1,0,,2022-08-12,,Missed,0,0,0,0,1,0,0.004816839674656779,,2019-05-04,,0.939
2AGMTK0Y,1,0,,2025-08-30,,Missed,0,0,0,0,1,0,0.3056261297287871,,2019-05-16,,0.939
2AGMTL0Y,1,0,,2023-04-17,,Missed,0,0,0,0,1,0,0.0007674659918320125,,2019-05-04,,0.939
2AGMTXAY,0,0,,,,Censored No Alarm,0,0,0,0,0,1,0.0006544218275462667,,2019-08-13,,0.939
2AGMUBMY,0,0,,,,Censored No Alarm,0,0,0,0,0,1,0.0006544218275462667,,2019-06-01,,0.939
2AGMUBRY,1,0,,2024-08-04,,Missed,0,0,0,0,1,0,0.006141543693432519,,2019-08-13,,0.939
2AGMV9UY,0,0,,,,Censored No Alarm,0,0,0,0,0,1,0.0006867419290134839,,2019-08-13,,0.939
2AGMVDDY,0,0,,,,Censored No Alarm,0,0,0,0,0,1,0.0006867419290134839,,2019-05-16,,0.939
2AGMWHVY,1,0,,2024-07-19,,Missed,0,0,0,0,1,0,0.05701972551553526,,2019-05-16,,0.939
2AGMZLMY,1,0,,2023-05-16,,Missed,0,0,0,0,1,0,0.05333439902005041,,2019-08-13,,0.939
2AGN038Y,0,0,,,,Censored No Alarm,0,0,0,0,0,1,0.0006348290661193688,,2019-08-13,,0.939
2AGN03MY,0,0,,,,Censored No Alarm,0,0,0,0,0,1,0.0070316919993171564,,2019-08-13,,0.939
2AGN05MY,0,0,,,,Censored No Alarm,0,0,0,0,0,1,0.0006348290661193688,,2019-08-13,,0.939
2AGN071Y,0,0,,,,Censored No Alarm,0,0,0,0,0,1,0.0063465769171291465,,2019-08-13,,0.939
2AGN07AY,0,0,,,,Censored No Alarm,0,0,0,0,0,1,0.0006867419290134839,,2019-08-14,,0.939
2AGN17RY,0,0,,,,Censored No Alarm,0,0,0,0,0,1,0.0006348290661193688,,2019-08-13,,0.939
2AGN1YNY,0,0,,,,Censored No Alarm,0,0,0,0,0,1,0.0006867419290134839,,2019-08-14,,0.939
2AGN29AY,0,0,,,,Censored No Alarm,0,0,0,0,0,1,0.0006348290661193688,,2019-08-14,,0.939
2AGN43EY,0,0,,,,Censored No Alarm,0,0,0,0,0,1,0.06017755125918738,,2019-08-13,,0.939
2AGN5A3Y,0,0,,,,Censored No Alarm,0,0,0,0,0,1,0.0006544218275462667,,2019-06-01,,0.939
2AGN7GZY,0,0,,,,Censored No Alarm,0,0,0,0,0,1,0.0006281162202322838,,2019-08-13,,0.939
2AGN7XVY,0,0,,,,Censored No Alarm,0,0,0,0,0,1,0.045825648574626066,,2019-08-14,,0.939
2AGN7XYY,0,0,,,,Censored No Alarm,0,0,0,0,0,1,0.025332486696147762,,2019-05-27,,0.939
2AGN853Y,0,0,,,,Censored No Alarm,0,0,0,0,0,1,0.0006348290661193688,,2019-08-14,,0.939
2AGN8H9Y,0,0,,,,Censored No Alarm,0,0,0,0,0,1,0.0006348290661193688,,2019-08-14,,0.939
2AGN8Y9Y,0,0,,,,Censored No Alarm,0,0,0,0,0,1,0.009991638412371743,,2019-08-13,,0.939
2AGN8ZGY,0,0,,,,Censored No Alarm,0,0,0,0,0,1,0.39584973012899083,,2019-06-01,,0.939
2AGN90RY,1,0,,2023-12-07,,Missed,0,0,0,0,1,0,0.8048496072163424,,2019-08-14,,0.939
2AGN9N4Y,1,1,2025-01-26,2025-03-06,39.0,Early,0,1,0,1,0,0,0.9996781268001468,0.9996672558733158,2019-08-13,1993.0,0.939
2AGNAK7Y,0,0,,,,Censored No Alarm,0,0,0,0,0,1,0.0006348290661193688,,2019-08-14,,0.939
2AGNAKGY,0,0,,,,Censored No Alarm,0,0,0,0,0,1,0.0006867419290134839,,2019-08-14,,0.939
2AGNAYKY,0,0,,,,Censored No Alarm,0,0,0,0,0,1,0.0006544218275462667,,2019-08-13,,0.939
2AGNBWPY,0,0,,,,Censored No Alarm,0,0,0,0,0,1,0.0006867419290134839,,2019-08-13,,0.939
2AGND0EY,0,0,,,,Censored No Alarm,0,0,0,0,0,1,0.11756828903875785,,2019-08-13,,0.939
2AGNEAHY,0,0,,,,Censored No Alarm,0,0,0,0,0,1,0.0006348290661193688,,2019-08-13,,0.939
2AGNEK5Y,0,0,,,,Censored No Alarm,0,0,0,0,0,1,0.0011950626848522877,,2019-08-14,,0.939
2AGNEN9Y,0,0,,,,Censored No Alarm,0,0,0,0,0,1,0.0006544218275462667,,2019-08-14,,0.939
2AGNEREY,0,0,,,,Censored No Alarm,0,0,0,0,0,1,0.010012805577194353,,2019-08-13,,0.939
2AGNGZPY,0,0,,,,Censored No Alarm,0,0,0,0,0,1,0.0006281162202322838,,2019-05-27,,0.939
2AGNJE2Y,0,1,2019-06-17,,,Censored Early,0,0,1,1,0,0,0.9990504436866392,0.9990504436866392,2019-06-01,16.0,0.939
2AGNJG7Y,0,0,,,,Censored No Alarm,0,0,0,0,0,1,0.0006867419290134839,,2019-08-13,,0.939
2AGNJGHY,0,0,,,,Censored No Alarm,0,0,0,0,0,1,0.0006867419290134839,,2019-08-13,,0.939
2AGNJRYY,0,0,,,,Censored No Alarm,0,0,0,0,0,1,0.0006348290661193688,,2019-06-01,,0.939
2AGNJTAY,0,0,,,,Censored No Alarm,0,0,0,0,0,1,0.0006544218275462667,,2019-08-14,,0.939
2AGNJTRY,0,0,,,,Censored No Alarm,0,0,0,0,0,1,0.0006544218275462667,,2019-08-14,,0.939
2AGNKB9Y,1,0,,2023-11-29,,Missed,0,0,0,0,1,0,0.0006867419290134839,,2019-08-13,,0.939
2AGNKGXY,0,0,,,,Censored No Alarm,0,0,0,0,0,1,0.0006544218275462667,,2019-08-14,,0.939
2AGNKNJY,0,0,,,,Censored No Alarm,0,0,0,0,0,1,0.000720977982884433,,2019-08-14,,0.939
2AGNKSPY,0,0,,,,Censored No Alarm,0,0,0,0,0,1,0.00064853842592673,,2019-08-14,,0.939
2AGNKV4Y,0,0,,,,Censored No Alarm,0,0,0,0,0,1,0.0006348290661193688,,2019-08-13,,0.939
2AGNL61Y,0,0,,,,Censored No Alarm,0,0,0,0,0,1,0.0006544218275462667,,2019-05-16,,0.939
2AGNNTHY,0,0,,,,Censored No Alarm,0,0,0,0,0,1,0.012625057869218482,,2019-05-16,,0.939
2AGNT47Y,0,0,,,,Censored No Alarm,0,0,0,0,0,1,0.0006544218275462667,,2019-05-16,,0.939
2AGP393Y,1,0,,2023-04-06,,Missed,0,0,0,0,1,0,0.864294133022579,,2019-06-01,,0.939
2AGP43EY,1,0,,2024-09-01,,Missed,0,0,0,0,1,0,0.016910816681160137,,2019-05-16,,0.939
2AGP5EDY,0,0,,,,Censored No Alarm,0,0,0,0,0,1,0.0006867419290134839,,2019-05-16,,0.939
2AGP5GBY,0,0,,,,Censored No Alarm,0,0,0,0,0,1,0.0006867419290134839,,2019-05-16,,0.939
2AGP5J1Y,0,0,,,,Censored No Alarm,0,0,0,0,0,1,0.000899830635449258,,2019-05-16,,0.939
2AGP6TYY,0,0,,,,Censored No Alarm,0,0,0,0,0,1,0.0006281162202322838,,2019-05-16,,0.939
2AGP6UBY,0,0,,,,Censored No Alarm,0,0,0,0,0,1,0.0006544218275462667,,2019-05-16,,0.939
2AGP9W7Y,0,0,,,,Censored No Alarm,0,0,0,0,0,1,0.048975751286514234,,2019-05-16,,0.939
2AGPHHKY,0,0,,,,Censored No Alarm,0,0,0,0,0,1,0.0006544218275462667,,2019-06-01,,0.939
2AGPHHTY,0,0,,,,Censored No Alarm,0,0,0,0,0,1,0.0006867419290134839,,2019-06-01,,0.939
2AGPJAVY,0,0,,,,Censored No Alarm,0,0,0,0,0,1,0.0006281162202322838,,2019-05-27,,0.939
2AGPJBGY,0,0,,,,Censored No Alarm,0,0,0,0,0,1,0.0007411150886136946,,2019-05-27,,0.939
2AGPJBNY,0,0,,,,Censored No Alarm,0,0,0,0,0,1,0.0006281162202322838,,2019-05-27,,0.939
2AGPJE5Y,0,0,,,,Censored No Alarm,0,0,0,0,0,1,0.0006544218275462667,,2019-05-16,,0.939
2AGPJGPY,1,0,,2021-02-22,,Missed,0,0,0,0,1,0,0.04120762364101159,,2019-05-16,,0.939
2AGPJH1Y,1,0,,2024-08-11,,Missed,0,0,0,0,1,0,0.04823184397042972,,2019-05-16,,0.939
2AGPJHAY,0,0,,,,Censored No Alarm,0,0,0,0,0,1,0.0006544218275462667,,2019-08-13,,0.939
2AGPJHXY,0,0,,,,Censored No Alarm,0,0,0,0,0,1,0.0006281162202322838,,2019-05-27,,0.939
2AGPJL8Y,0,0,,,,Censored No Alarm,0,0,0,0,0,1,0.0006867419290134839,,2019-05-27,,0.939
2AGPJLWY,0,0,,,,Censored No Alarm,0,0,0,0,0,1,0.0006544218275462667,,2019-08-13,,0.939
2AGPJMRY,0,0,,,,Censored No Alarm,0,0,0,0,0,1,0.0006544218275462667,,2019-08-13,,0.939
2AGPJP0Y,0,0,,,,Censored No Alarm,0,0,0,0,0,1,0.0006281162202322838,,2019-05-27,,0.939
2AGPK9HY,0,0,,,,Censored No Alarm,0,0,0,0,0,1,0.0006867419290134839,,2019-08-14,,0.939
2AGPKA3Y,0,0,,,,Censored No Alarm,0,0,0,0,0,1,0.008005932362888182,,2019-08-14,,0.939
2AGPKALY,0,0,,,,Censored No Alarm,0,0,0,0,0,1,0.0006867419290134839,,2019-05-16,,0.939
2AGPKARY,0,0,,,,Censored No Alarm,0,0,0,0,0,1,0.0006867419290134839,,2019-05-16,,0.939
2AGPKB2Y,0,0,,,,Censored No Alarm,0,0,0,0,0,1,0.0006348290661193688,,2019-05-27,,0.939
2AGPKTUY,0,0,,,,Censored No Alarm,0,0,0,0,0,1,0.0006867419290134839,,2019-05-16,,0.939
2AGPKVGY,0,0,,,,Censored No Alarm,0,0,0,0,0,1,0.0006281162202322838,,2019-05-16,,0.939
2AGPKWNY,1,0,,2023-10-29,,Missed,0,0,0,0,1,0,0.06401934551601472,,2019-05-16,,0.939
2AGPKX4Y,0,0,,,,Censored No Alarm,0,0,0,0,0,1,0.03469598805285594,,2019-05-16,,0.939
2AGPL2YY,0,0,,,,Censored No Alarm,0,0,0,0,0,1,0.0006544218275462667,,2019-05-16,,0.939
2AGPL4UY,0,0,,,,Censored No Alarm,0,0,0,0,0,1,0.0006281162202322838,,2019-05-16,,0.939
2AGPL4ZY,0,0,,,,Censored No Alarm,0,0,0,0,0,1,0.0006544218275462667,,2019-05-27,,0.939
2AGPLSSY,0,0,,,,Censored No Alarm,0,0,0,0,0,1,0.0006544218275462667,,2019-05-16,,0.939
2AGPMDVY,0,0,,,,Censored No Alarm,0,0,0,0,0,1,0.0006281162202322838,,2019-05-27,,0.939
2AGPMEPY,0,0,,,,Censored No Alarm,0,0,0,0,0,1,0.0006281162202322838,,2019-05-16,,0.939
2AGPMGGY,0,0,,,,Censored No Alarm,0,0,0,0,0,1,0.0006544218275462667,,2019-05-16,,0.939
2AGPMM3Y,0,0,,,,Censored No Alarm,0,0,0,0,0,1,0.05520490108786462,,2019-05-27,,0.939
2AGPMN9Y,0,0,,,,Censored No Alarm,0,0,0,0,0,1,0.0006281162202322838,,2019-05-27,,0.939
2AGPMRDY,0,0,,,,Censored No Alarm,0,0,0,0,0,1,0.0006867419290134839,,2019-05-27,,0.939
2AGPMY1Y,0,0,,,,Censored No Alarm,0,0,0,0,0,1,0.0006544218275462667,,2019-05-16,,0.939
2AGPN6PY,0,0,,,,Censored No Alarm,0,0,0,0,0,1,0.510769579270827,,2019-05-16,,0.939
2AGPPJAY,0,0,,,,Censored No Alarm,0,0,0,0,0,1,0.0006281162202322838,,2019-05-16,,0.939
2AGPPLLY,1,0,,2023-11-29,,Missed,0,0,0,0,1,0,0.5103382747953353,,2019-05-16,,0.939
2AGPR6YY,0,0,,,,Censored No Alarm,0,0,0,0,0,1,0.0006449012921829455,,2019-05-16,,0.939
2AGPR7RY,0,0,,,,Censored No Alarm,0,0,0,0,0,1,0.0006544218275462667,,2019-05-16,,0.939
2AGPR8EY,0,0,,,,Censored No Alarm,0,0,0,0,0,1,0.0006449012921829455,,2019-05-16,,0.939
2AGPRL8Y,0,0,,,,Censored No Alarm,0,0,0,0,0,1,0.0011490566107655593,,2019-05-27,,0.939
2AGPRMLY,1,0,,2026-03-26,,Missed,0,0,0,0,1,0,0.009225759173096116,,2019-08-13,,0.939
2AGPRMRY,1,0,,2024-08-12,,Missed,0,0,0,0,1,0,0.006177489146594507,,2019-05-04,,0.939
2AGPRRJY,0,0,,,,Censored No Alarm,0,0,0,0,0,1,0.4396514297859952,,2019-05-04,,0.939
2AGPS2ZY,0,0,,,,Censored No Alarm,0,0,0,0,0,1,0.0006544218275462667,,2019-05-16,,0.939
2AGPSEDY,0,0,,,,Censored No Alarm,0,0,0,0,0,1,0.0006348290661193688,,2019-05-27,,0.939
2AGPSG5Y,0,0,,,,Censored No Alarm,0,0,0,0,0,1,0.0006867419290134839,,2019-05-27,,0.939
2AGPSGKY,0,0,,,,Censored No Alarm,0,0,0,0,0,1,0.0006767515188995758,,2019-08-14,,0.939
2AGPSJKY,0,0,,,,Censored No Alarm,0,0,0,0,0,1,0.0006867419290134839,,2019-08-14,,0.939
2AGPSRUY,0,0,,,,Censored No Alarm,0,0,0,0,0,1,0.0006348290661193688,,2019-05-16,,0.939
2AGPT2PY,0,0,,,,Censored No Alarm,0,0,0,0,0,1,0.0006867419290134839,,2019-08-14,,0.939
2AGPT48Y,0,0,,,,Censored No Alarm,0,0,0,0,0,1,0.0006867419290134839,,2019-06-01,,0.939
2AGPT7PY,0,0,,,,Censored No Alarm,0,0,0,0,0,1,0.0006866560809061122,,2019-08-13,,0.939
2AGPTL4Y,0,0,,,,Censored No Alarm,0,0,0,0,0,1,0.0063465769171291465,,2019-05-27,,0.939
2AGPTVLY,0,0,,,,Censored No Alarm,0,0,0,0,0,1,0.0006544218275462667,,2019-06-01,,0.939
5PG0TA6F,0,0,,,,Censored No Alarm,0,0,0,0,0,1,0.0006348290661193688,,2020-07-14,,0.939
5PG0TAKF,0,0,,,,Censored No Alarm,0,0,0,0,0,1,0.0006544218275462667,,2020-05-10,,0.939
5PJEJUHE,0,0,,,,Censored No Alarm,0,0,0,0,0,1,0.0006767515188995758,,2021-12-28,,0.939
5PJJHD9C,0,0,,,,Censored No Alarm,0,0,0,0,0,1,0.000598116153876261,,2022-07-18,,0.939
5PJJLZTF,0,0,,,,Censored No Alarm,0,0,0,0,0,1,0.0006767515188995758,,2021-12-03,,0.939
5PJKZP4D,0,0,,,,Censored No Alarm,0,0,0,0,0,1,0.0006155260786742492,,2022-08-04,,0.939
5PJVPJGF,0,0,,,,Censored No Alarm,0,0,0,0,0,1,0.0006767515188995758,,2021-05-16,,0.939
5PK10N4B,0,0,,,,Censored No Alarm,0,0,0,0,0,1,0.002255180849189698,,2024-12-22,,0.939
5PK5ZB1B,0,0,,,,Censored No Alarm,0,0,0,0,0,1,0.008639333159786999,,2024-04-29,,0.939
5PKEBJVB,0,0,,,,Censored No Alarm,0,0,0,0,0,1,0.1362316073191175,,2023-11-27,,0.939
5PKVXW6B,0,0,,,,Censored No Alarm,0,0,0,0,0,1,0.002255180849189698,,2024-06-01,,0.939
5QG63PMB,0,0,,,,Censored No Alarm,0,0,0,0,0,1,0.0006018643735403928,,2024-05-28,,0.939
5QGBH0MB,0,0,,,,Censored No Alarm,0,0,0,0,0,1,0.002255180849189698,,2023-12-09,,0.939
5QGG5KLB,0,0,,,,Censored No Alarm,0,0,0,0,0,1,0.0006483118501525568,,2023-04-05,,0.939
5QGG5UPB,0,0,,,,Censored No Alarm,0,0,0,0,0,1,0.0014410317952000308,,2022-12-06,,0.939
5QGGAELB,1,0,,2025-06-04,,Missed,0,0,0,0,1,0,0.9250444366525484,,2023-03-28,,0.939
5QGGHWVB,0,0,,,,Censored No Alarm,0,0,0,0,0,1,0.002255180849189698,,2023-12-16,,0.939
5QH0Z60B,1,1,2024-01-07,2024-05-14,128.0,Early,0,1,0,1,0,0,0.9999999999999865,0.9999999999999865,2023-10-22,77.0,0.939
5QHDKVHB,0,0,,,,Censored No Alarm,0,0,0,0,0,1,0.0006018643735403928,,2023-11-17,,0.939
5QHKE66B,0,0,,,,Censored No Alarm,0,0,0,0,0,1,0.0006381863911768751,,2024-04-18,,0.939
5QHYP4MB,0,0,,,,Censored No Alarm,0,0,0,0,0,1,0.0006018643735403928,,2024-05-15,,0.939
5QJBW5VB,1,1,2024-04-02,2024-05-25,53.0,Early,0,1,0,1,0,0,1.0,1.0,2024-02-07,55.0,0.939
5QJS57NB,0,0,,,,Censored No Alarm,0,0,0,0,0,1,0.002255180849189698,,2024-01-23,,0.939
5QKBEVWB,0,0,,,,Censored No Alarm,0,0,0,0,0,1,0.0005786812980091836,,2023-12-14,,0.939
5QKDK07B,0,0,,,,Censored No Alarm,0,0,0,0,0,1,0.002255180849189698,,2024-12-20,,0.939
5QKHBVPB,0,0,,,,Censored No Alarm,0,0,0,0,0,1,0.002255180849189698,,2024-05-30,,0.939
5QKKSM3B,0,0,,,,Censored No Alarm,0,0,0,0,0,1,0.1362316073191175,,2024-04-06,,0.939
5QKV55TB,0,0,,,,Censored No Alarm,0,0,0,0,0,1,0.002255180849189698,,2024-02-29,,0.939
5QKV6W0B,0,0,,,,Censored No Alarm,0,0,0,0,0,1,0.0006018643735403928,,2023-08-14,,0.939
5QKV74SB,0,0,,,,Censored No Alarm,0,0,0,0,0,1,0.002255180849189698,,2024-01-09,,0.939
5QKV778B,0,0,,,,Censored No Alarm,0,0,0,0,0,1,0.0006018643735403928,,2024-06-07,,0.939
5QKV7UHB,0,0,,,,Censored No Alarm,0,0,0,0,0,1,0.0006018643735403928,,2024-03-04,,0.939
5QKV85UB,0,0,,,,Censored No Alarm,0,0,0,0,0,1,0.0006018643735403928,,2023-12-02,,0.939
5QKVAN8B,0,0,,,,Censored No Alarm,0,0,0,0,0,1,0.002255180849189698,,2023-12-24,,0.939
5QKVARLB,0,0,,,,Censored No Alarm,0,0,0,0,0,1,0.002255180849189698,,2023-11-03,,0.939
5QKVATKB,0,0,,,,Censored No Alarm,0,0,0,0,0,1,0.002255180849189698,,2024-01-09,,0.939
5QKVD71B,0,0,,,,Censored No Alarm,0,0,0,0,0,1,0.0006018643735403928,,2024-05-10,,0.939
5QKVDDVB,0,0,,,,Censored No Alarm,0,0,0,0,0,1,0.0006018643735403928,,2024-06-19,,0.939
5QKVETTB,0,0,,,,Censored No Alarm,0,0,0,0,0,1,0.28245338802122,,2024-06-27,,0.939
5QKVEUZB,0,0,,,,Censored No Alarm,0,0,0,0,0,1,0.002255180849189698,,2024-04-22,,0.939
5QKVEXJB,0,0,,,,Censored No Alarm,0,0,0,0,0,1,0.0006018643735403928,,2023-11-30,,0.939
5QKVGLWB,0,0,,,,Censored No Alarm,0,0,0,0,0,1,0.002255180849189698,,2024-05-08,,0.939
5QKVHPLB,0,0,,,,Censored No Alarm,0,0,0,0,0,1,0.002255180849189698,,2024-05-07,,0.939
5QKVHRMB,0,0,,,,Censored No Alarm,0,0,0,0,0,1,0.0006987932113704965,,2024-06-23,,0.939
5QKVVTHB,0,0,,,,Censored No Alarm,0,0,0,0,0,1,0.002255180849189698,,2024-04-15,,0.939
8CGNK9GE,0,0,,,,Censored No Alarm,0,0,0,0,0,1,0.024933256590128152,,2019-05-04,,0.939
8CGR1V5E,0,0,,,,Censored No Alarm,0,0,0,0,0,1,0.0006867419290134839,,2019-06-01,,0.939
8CGSN9XE,0,0,,,,Censored No Alarm,0,0,0,0,0,1,0.0006544218275462667,,2019-05-16,,0.939
8CGSTSRE,0,0,,,,Censored No Alarm,0,0,0,0,0,1,0.0006544218275462667,,2019-05-04,,0.939
8CGT5S2E,1,0,,2024-11-05,,Missed,0,0,0,0,1,0,0.05523653458630393,,2019-06-01,,0.939
8CGTW4VE,0,0,,,,Censored No Alarm,0,0,0,0,0,1,0.0006867419290134839,,2019-06-01,,0.939
8CGTZ9HE,1,1,2023-05-05,2023-07-12,68.0,Early,0,1,0,1,0,0,1.0,1.0,2019-05-16,1450.0,0.939
8CGU9LLE,0,0,,,,Censored No Alarm,0,0,0,0,0,1,0.0006348290661193688,,2019-05-16,,0.939
8CGV369E,0,0,,,,Censored No Alarm,0,0,0,0,0,1,0.0006449012921829455,,2019-05-16,,0.939
8CGVR04E,0,0,,,,Censored No Alarm,0,0,0,0,0,1,0.8307629885108555,,2019-05-16,,0.939
8CGVTH0E,0,0,,,,Censored No Alarm,0,0,0,0,0,1,0.0006348290661193688,,2019-05-04,,0.939
8CGW3HPE,0,0,,,,Censored No Alarm,0,0,0,0,0,1,0.000630163628722679,,2019-05-04,,0.939
8CGW6ULE,0,0,,,,Censored No Alarm,0,0,0,0,0,1,0.0006138586012143157,,2019-05-04,,0.939
8CGWPGEE,0,0,,,,Censored No Alarm,0,0,0,0,0,1,0.0006544218275462667,,2019-05-16,,0.939
8CGXKYVE,0,0,,,,Censored No Alarm,0,0,0,0,0,1,0.0006409744062023602,,2019-05-04,,0.939
8CGXNNUE,1,1,2022-05-02,2022-05-10,8.0,On time,1,0,0,0,0,0,0.9999999999891107,0.9999999999891107,2019-06-01,1066.0,0.939
8CGY4KUE,0,0,,,,Censored No Alarm,0,0,0,0,0,1,0.0006867419290134839,,2019-05-16,,0.939
8CGYJ5TE,0,0,,,,Censored No Alarm,0,0,0,0,0,1,0.0006867419290134839,,2019-06-01,,0.939
8CGYVS8E,0,0,,,,Censored No Alarm,0,0,0,0,0,1,0.0006348290661193688,,2019-06-01,,0.939
8CGYW96E,0,0,,,,Censored No Alarm,0,0,0,0,0,1,0.014422100710223464,,2019-06-01,,0.939
8CGYXB6E,0,0,,,,Censored No Alarm,0,0,0,0,0,1,0.0006867419290134839,,2019-08-13,,0.939
8CGZ8K3E,0,0,,,,Censored No Alarm,0,0,0,0,0,1,0.000630163628722679,,2019-05-04,,0.939
8CGZ8S1E,0,0,,,,Censored No Alarm,0,0,0,0,0,1,0.0006544218275462667,,2019-05-04,,0.939
8CGZ8SDE,0,0,,,,Censored No Alarm,0,0,0,0,0,1,0.11148263677127838,,2019-05-04,,0.939
8CGZB98E,0,0,,,,Censored No Alarm,0,0,0,0,0,1,0.0006348290661193688,,2019-08-14,,0.939
8CGZB9VE,0,0,,,,Censored No Alarm,0,0,0,0,0,1,0.0006544218275462667,,2019-06-01,,0.939
8CGZKBME,0,0,,,,Censored No Alarm,0,0,0,0,0,1,0.4076412457148337,,2019-05-04,,0.939
8CGZKDHE,0,0,,,,Censored No Alarm,0,0,0,0,0,1,0.0006138586012143157,,2019-05-04,,0.939
8CGZMEAE,0,0,,,,Censored No Alarm,0,0,0,0,0,1,0.0007258814698805402,,2019-05-04,,0.939
8CH02WUE,0,0,,,,Censored No Alarm,0,0,0,0,0,1,0.0006348290661193688,,2019-08-14,,0.939
8CH05AGE,0,0,,,,Censored No Alarm,0,0,0,0,0,1,0.0006138586012143157,,2019-05-04,,0.939
8CH06AGE,0,0,,,,Censored No Alarm,0,0,0,0,0,1,0.053903230592554925,,2019-05-16,,0.939
8CH06B5E,0,0,,,,Censored No Alarm,0,0,0,0,0,1,0.0006138586012143157,,2019-05-04,,0.939
8CH06E7E,0,0,,,,Censored No Alarm,0,0,0,0,0,1,0.0006544218275462667,,2019-05-04,,0.939
8CH06EDE,0,0,,,,Censored No Alarm,0,0,0,0,0,1,0.0006867419290134839,,2019-06-01,,0.939
8CH0869E,0,0,,,,Censored No Alarm,0,0,0,0,0,1,0.0011804620013742485,,2019-05-04,,0.939
8CH08RNE,0,0,,,,Censored No Alarm,0,0,0,0,0,1,0.0006867419290134839,,2019-08-14,,0.939
8CH09GGE,0,0,,,,Censored No Alarm,0,0,0,0,0,1,0.0006544218275462667,,2019-06-01,,0.939
8CH0BYPE,0,0,,,,Censored No Alarm,0,0,0,0,0,1,0.0006348290661193688,,2019-08-13,,0.939
8CH0BYTE,0,0,,,,Censored No Alarm,0,0,0,0,0,1,0.0006544218275462667,,2019-06-01,,0.939
8CH0DM8E,0,0,,,,Censored No Alarm,0,0,0,0,0,1,0.0006348290661193688,,2019-08-14,,0.939
8CH0GNLE,0,0,,,,Censored No Alarm,0,0,0,0,0,1,0.0006281162202322838,,2019-05-04,,0.939
8CH0GNNE,0,0,,,,Censored No Alarm,0,0,0,0,0,1,0.01675535361685826,,2019-05-04,,0.939
8CH0GNSE,0,0,,,,Censored No Alarm,0,0,0,0,0,1,0.0006867419290134839,,2019-05-16,,0.939
8CH0HRKE,0,0,,,,Censored No Alarm,0,0,0,0,0,1,0.0006767515188995758,,2019-06-01,,0.939
8CH0HTRE,0,0,,,,Censored No Alarm,0,0,0,0,0,1,0.0006767515188995758,,2019-06-01,,0.939
8CH0L5PE,0,0,,,,Censored No Alarm,0,0,0,0,0,1,0.0006348290661193688,,2019-06-01,,0.939
8CH0R06E,0,0,,,,Censored No Alarm,0,0,0,0,0,1,0.0006544218275462667,,2019-05-04,,0.939
8CH0R3YE,0,0,,,,Censored No Alarm,0,0,0,0,0,1,0.8481592338007375,,2019-08-13,,0.939
8CH0TLTE,0,0,,,,Censored No Alarm,0,0,0,0,0,1,0.0006544218275462667,,2019-08-13,,0.939
8CH0TLUE,0,0,,,,Censored No Alarm,0,0,0,0,0,1,0.0006544218275462667,,2019-06-01,,0.939
8CH0TN2E,0,0,,,,Censored No Alarm,0,0,0,0,0,1,0.0006544218275462667,,2019-06-01,,0.939
8CH0TN3E,0,0,,,,Censored No Alarm,0,0,0,0,0,1,0.0006867419290134839,,2019-08-13,,0.939
8CH0TVRE,0,0,,,,Censored No Alarm,0,0,0,0,0,1,0.0006867419290134839,,2019-08-14,,0.939
8CH0V7TE,0,0,,,,Censored No Alarm,0,0,0,0,0,1,0.012615982637832741,,2019-06-01,,0.939
8CH0VH1E,0,0,,,,Censored No Alarm,0,0,0,0,0,1,0.0006544218275462667,,2019-05-16,,0.939
8CH0VW0E,0,0,,,,Censored No Alarm,0,0,0,0,0,1,0.0006544218275462667,,2019-06-01,,0.939
8CH11KPE,0,0,,,,Censored No Alarm,0,0,0,0,0,1,0.0006138586012143157,,2019-05-04,,0.939
8CH13D7E,0,0,,,,Censored No Alarm,0,0,0,0,0,1,0.0006348290661193688,,2019-06-01,,0.939
8CH13DAE,0,0,,,,Censored No Alarm,0,0,0,0,0,1,0.0006544218275462667,,2019-06-01,,0.939
8CH15D3E,0,0,,,,Censored No Alarm,0,0,0,0,0,1,0.03583769184952133,,2019-05-16,,0.939
8CH15YME,0,0,,,,Censored No Alarm,0,0,0,0,0,1,0.0006348290661193688,,2019-06-01,,0.939
8CH160KE,0,0,,,,Censored No Alarm,0,0,0,0,0,1,0.0006867419290134839,,2019-08-14,,0.939
8CH16PBE,0,0,,,,Censored No Alarm,0,0,0,0,0,1,0.012507657876511627,,2019-06-01,,0.939
8CH16ZDE,0,0,,,,Censored No Alarm,0,0,0,0,0,1,0.0006544218275462667,,2019-06-01,,0.939
8CH16ZUE,0,0,,,,Censored No Alarm,0,0,0,0,0,1,0.000756775504539517,,2019-06-01,,0.939
8CH17M9E,0,0,,,,Censored No Alarm,0,0,0,0,0,1,0.0006348290661193688,,2019-06-01,,0.939
8CH17MHE,0,0,,,,Censored No Alarm,0,0,0,0,0,1,0.0006348290661193688,,2019-08-13,,0.939
8CH190UE,1,1,2020-08-29,2022-03-26,574.0,Early,0,1,0,1,0,0,0.9992714688567689,0.9992422870622742,2019-08-13,382.0,0.939
8CH1APUE,1,0,,2025-09-18,,Missed,0,0,0,0,1,0,0.03581886170296036,,2019-06-01,,0.939
8CH1AR5E,0,0,,,,Censored No Alarm,0,0,0,0,0,1,0.0006138586012143157,,2019-05-04,,0.939
8CH1ARHE,1,0,,2023-09-28,,Missed,0,0,0,0,1,0,0.014639344990721472,,2019-06-01,,0.939
8CH1WBME,1,0,,2024-05-05,,Missed,0,0,0,0,1,0,0.05300459403982086,,2019-05-04,,0.939
8CH1XHUE,0,0,,,,Censored No Alarm,0,0,0,0,0,1,0.0006544218275462667,,2019-05-04,,0.939
8CH4AT4E,0,0,,,,Censored No Alarm,0,0,0,0,0,1,0.0006348290661193688,,2019-05-27,,0.939
8CH4X3TE,1,0,,2022-10-12,,Missed,0,0,0,0,1,0,0.04370802644734178,,2019-05-16,,0.939
8CH4YM4E,1,0,,2023-03-03,,Missed,0,0,0,0,1,0,0.009165869390240281,,2019-05-16,,0.939
8CH4YM6E,1,0,,2025-03-13,,Missed,0,0,0,0,1,0,0.4173326136532119,,2019-05-16,,0.939
8CH4YN8E,1,0,,2024-04-09,,Missed,0,0,0,0,1,0,0.030912080952729633,,2019-05-16,,0.939
8CH4Z6UE,0,0,,,,Censored No Alarm,0,0,0,0,0,1,0.0006867419290134839,,2019-05-16,,0.939
8CH5214E,1,1,2023-10-28,2024-02-15,110.0,Early,0,1,0,1,0,0,0.9967801116774594,0.9967801116774594,2019-05-16,1626.0,0.939
8CH52U5E,0,0,,,,Censored No Alarm,0,0,0,0,0,1,0.0006281162202322838,,2019-05-16,,0.939
8CH5B9LE,0,0,,,,Censored No Alarm,0,0,0,0,0,1,0.0006867419290134839,,2019-05-16,,0.939
8CH5E8EE,1,0,,2023-04-04,,Missed,0,0,0,0,1,0,0.05281686154146004,,2019-05-16,,0.939
8CH5HRYE,1,0,,2024-12-24,,Missed,0,0,0,0,1,0,0.0327053115458336,,2019-05-16,,0.939
8CHRG6JE,0,0,,,,Censored No Alarm,0,0,0,0,0,1,0.0006867419290134839,,2019-11-25,,0.939
8CHU2WSE,0,0,,,,Censored No Alarm,0,0,0,0,0,1,0.0006867419290134839,,2020-06-18,,0.939
8CHU7R9E,1,0,,2024-11-09,,Missed,0,0,0,0,1,0,0.02675462008313428,,2021-05-05,,0.939
8CHUHHXE,0,0,,,,Censored No Alarm,0,0,0,0,0,1,0.38107098181541327,,2020-06-26,,0.939
8CJMA59E,0,0,,,,Censored No Alarm,0,0,0,0,0,1,0.0006018643735403928,,2024-04-02,,0.939
8DG1BB5Y,0,0,,,,Censored No Alarm,0,0,0,0,0,1,0.002255180849189698,,2024-12-20,,0.939
8DG3MU5D,0,0,,,,Censored No Alarm,0,0,0,0,0,1,0.008672012951789735,,2018-07-12,,0.939
8DG4SAUD,0,0,,,,Censored No Alarm,0,0,0,0,0,1,0.0006544218275462667,,2018-07-12,,0.939
8DG4SAZD,0,0,,,,Censored No Alarm,0,0,0,0,0,1,0.0006544218275462667,,2018-07-12,,0.939
8DG52U7D,0,0,,,,Censored No Alarm,0,0,0,0,0,1,0.0006541318039501085,,2018-07-12,,0.939
8DG52W9D,0,0,,,,Censored No Alarm,0,0,0,0,0,1,0.0006544218275462667,,2018-07-12,,0.939
8DG52WND,0,0,,,,Censored No Alarm,0,0,0,0,0,1,0.0006867419290134839,,2018-07-12,,0.939
8DG6S3UD,1,0,,2024-06-11,,Missed,0,0,0,0,1,0,0.4682073622591958,,2018-07-12,,0.939
8DG88GTY,0,0,,,,Censored No Alarm,0,0,0,0,0,1,0.002255180849189698,,2025-01-01,,0.939
8DG93TXY,0,0,,,,Censored No Alarm,0,0,0,0,0,1,0.1362316073191175,,2024-04-01,,0.939
8DJE2HWH,0,0,,,,Censored No Alarm,0,0,0,0,0,1,0.0006281162202322838,,2019-01-05,,0.939
8DJEPPSH,0,0,,,,Censored No Alarm,0,0,0,0,0,1,0.04926401231096156,,2019-01-05,,0.939
8DJEPTWH,0,0,,,,Censored No Alarm,0,0,0,0,0,1,0.0006138586012143157,,2019-01-05,,0.939
8DJEUXLH,0,1,2019-10-02,,,Censored Early,0,0,1,1,0,0,0.994465426961038,0.9937363492974222,2019-01-05,270.0,0.939
8DK5NDLH,0,0,,,,Censored No Alarm,0,0,0,0,0,1,0.0006867419290134839,,2020-01-03,,0.939
8DKHU24H,0,0,,,,Censored No Alarm,0,0,0,0,0,1,0.0006544218275462667,,2019-12-29,,0.939
8DKUD8AH,0,0,,,,Censored No Alarm,0,0,0,0,0,1,0.0006348290661193688,,2019-01-05,,0.939
8DKV390H,0,0,,,,Censored No Alarm,0,0,0,0,0,1,0.0006544218275462667,,2019-03-01,,0.939
8HG28M3H,0,0,,,,Censored No Alarm,0,0,0,0,0,1,0.0006348290661193688,,2019-03-01,,0.939
8HG7LGUH,1,1,2025-02-07,2025-06-01,114.0,Early,0,1,0,1,0,0,1.0,0.9999480350703367,2019-06-01,2078.0,0.939
8HGBYHPH,0,0,,,,Censored No Alarm,0,0,0,0,0,1,0.0006867419290134839,,2021-10-03,,0.939
8HGNAB0H,0,0,,,,Censored No Alarm,0,0,0,0,0,1,0.0006867419290134839,,2019-03-28,,0.939
8HGZPYVH,0,0,,,,Censored No Alarm,0,0,0,0,0,1,0.48730111543005933,,2019-01-05,,0.939
8HH12ZPH,0,0,,,,Censored No Alarm,0,0,0,0,0,1,0.0006544218275462667,,2018-11-14,,0.939
8HH5JYSH,0,0,,,,Censored No Alarm,0,0,0,0,0,1,0.0006867419290134839,,2018-11-14,,0.939
8HH8BNRH,0,0,,,,Censored No Alarm,0,0,0,0,0,1,0.0006867419290134839,,2019-03-28,,0.939
8HH8P7RH,0,0,,,,Censored No Alarm,0,0,0,0,0,1,0.0006867419290134839,,2019-03-02,,0.939
8HH901KH,0,0,,,,Censored No Alarm,0,0,0,0,0,1,0.0006449012921829455,,2019-03-28,,0.939
8HH9ZRUH,0,0,,,,Censored No Alarm,0,0,0,0,0,1,0.0006449012921829455,,2019-03-01,,0.939
8HHARE1H,1,1,2023-03-05,2023-03-24,19.0,On time,1,0,0,0,0,0,0.9993362070694561,0.9972881395336108,2019-08-13,1300.0,0.939
8HHARGBH,0,0,,,,Censored No Alarm,0,0,0,0,0,1,0.0006867419290134839,,2019-03-02,,0.939
8HHATBKH,0,0,,,,Censored No Alarm,0,0,0,0,0,1,0.0006449012921829455,,2019-03-01,,0.939
8HHJXENH,0,0,,,,Censored No Alarm,0,0,0,0,0,1,0.0006544218275462667,,2019-01-05,,0.939
8HHNHSUH,1,0,,2024-12-06,,Missed,0,0,0,0,1,0,0.8270636154547237,,2019-05-04,,0.939
8HHPUREH,1,0,,2024-05-16,,Missed,0,0,0,0,1,0,0.6913146428019794,,2018-11-14,,0.939
8HHT1P2H,0,0,,,,Censored No Alarm,0,0,0,0,0,1,0.17516687256257799,,2018-11-14,,0.939
8HHTWXYH,0,0,,,,Censored No Alarm,0,0,0,0,0,1,0.0006867419290134839,,2018-11-14,,0.939
8HHZ6MGH,0,0,,,,Censored No Alarm,0,0,0,0,0,1,0.0006867419290134839,,2018-11-14,,0.939
8HJ1NNDH,0,0,,,,Censored No Alarm,0,0,0,0,0,1,0.0006867419290134839,,2018-11-14,,0.939
8HJ6SJAH,0,0,,,,Censored No Alarm,0,0,0,0,0,1,0.000709997326748426,,2018-11-14,,0.939
8HJ6SJTH,0,0,,,,Censored No Alarm,0,0,0,0,0,1,0.000709997326748426,,2018-11-14,,0.939
8HJ74BPH,0,0,,,,Censored No Alarm,0,0,0,0,0,1,0.04926401231096156,,2018-11-14,,0.939
8HJ7UJHH,0,0,,,,Censored No Alarm,0,0,0,0,0,1,0.0006544218275462667,,2018-11-14,,0.939
8HJ7Y9BH,0,0,,,,Censored No Alarm,0,0,0,0,0,1,0.000709997326748426,,2018-11-14,,0.939
8HJ7Z0DH,0,0,,,,Censored No Alarm,0,0,0,0,0,1,0.0006138586012143157,,2019-05-04,,0.939
8HJ7Z10H,0,0,,,,Censored No Alarm,0,0,0,0,0,1,0.0006867419290134839,,2018-11-14,,0.939
8HJ7Z1MH,0,0,,,,Censored No Alarm,0,0,0,0,0,1,0.007887591067862347,,2018-11-14,,0.939
8HJ86APH,0,0,,,,Censored No Alarm,0,0,0,0,0,1,0.028347059576104523,,2018-11-14,,0.939
8HJ86NXH,0,0,,,,Censored No Alarm,0,0,0,0,0,1,0.0006138586012143157,,2019-05-04,,0.939
8HJ8LEXH,0,0,,,,Censored No Alarm,0,0,0,0,0,1,0.044623161876277545,,2019-05-04,,0.939
8HJ8LKMH,1,0,,2026-03-14,,Missed,0,0,0,0,1,0,0.0531705957797614,,2018-11-14,,0.939
8HJ91WDH,0,0,,,,Censored No Alarm,0,0,0,0,0,1,0.0006138586012143157,,2019-05-04,,0.939
8HJ94EVH,0,0,,,,Censored No Alarm,0,0,0,0,0,1,0.0006867419290134839,,2018-11-14,,0.939
8HJ9JWTH,0,0,,,,Censored No Alarm,0,0,0,0,0,1,0.000709997326748426,,2018-11-14,,0.939
8HJ9K7HH,1,0,,2025-01-28,,Missed,0,0,0,0,1,0,0.5118476003172358,,2018-11-14,,0.939
8HJ9KKGH,0,0,,,,Censored No Alarm,0,0,0,0,0,1,0.0006138586012143157,,2019-05-04,,0.939
8HJ9KN1H,0,0,,,,Censored No Alarm,0,0,0,0,0,1,0.0006867419290134839,,2018-11-14,,0.939
8HJ9LS1H,0,0,,,,Censored No Alarm,0,0,0,0,0,1,0.0006867419290134839,,2018-11-14,,0.939
8HJ9M5NH,0,0,,,,Censored No Alarm,0,0,0,0,0,1,0.0006867419290134839,,2018-11-14,,0.939
8HJ9M94H,0,0,,,,Censored No Alarm,0,0,0,0,0,1,0.0006867419290134839,,2018-11-14,,0.939
8HJ9MZBH,0,0,,,,Censored No Alarm,0,0,0,0,0,1,0.0006138586012143157,,2019-05-04,,0.939
8HJ9NHPH,0,0,,,,Censored No Alarm,0,0,0,0,0,1,0.0006867419290134839,,2018-11-14,,0.939
8HJ9NKKH,0,0,,,,Censored No Alarm,0,0,0,0,0,1,0.04141695819068083,,2018-11-14,,0.939
8HJ9RYSH,0,0,,,,Censored No Alarm,0,0,0,0,0,1,0.000709997326748426,,2018-11-14,,0.939
8HJ9S05H,0,0,,,,Censored No Alarm,0,0,0,0,0,1,0.0006867419290134839,,2018-11-14,,0.939
8HJ9S0EH,0,0,,,,Censored No Alarm,0,0,0,0,0,1,0.05520490108786462,,2018-11-14,,0.939
8HJ9Y3ZH,0,0,,,,Censored No Alarm,0,0,0,0,0,1,0.0006544218275462667,,2019-05-04,,0.939
8HJA085H,0,0,,,,Censored No Alarm,0,0,0,0,0,1,0.000709997326748426,,2018-11-14,,0.939
8HJA2DPH,0,0,,,,Censored No Alarm,0,0,0,0,0,1,0.0006867419290134839,,2018-11-14,,0.939
8HJA8DBH,0,0,,,,Censored No Alarm,0,0,0,0,0,1,0.0006867419290134839,,2018-11-14,,0.939
8HJBNYTH,0,0,,,,Censored No Alarm,0,0,0,0,0,1,0.4147295026385839,,2019-01-05,,0.939
8HJDK12H,0,0,,,,Censored No Alarm,0,0,0,0,0,1,0.000709997326748426,,2018-11-14,,0.939
8HJDX4PH,0,0,,,,Censored No Alarm,0,0,0,0,0,1,0.005581209063065976,,2018-11-14,,0.939
8HJEY89H,0,0,,,,Censored No Alarm,0,0,0,0,0,1,0.0006281162202322838,,2019-03-01,,0.939
8HJG85RH,0,0,,,,Censored No Alarm,0,0,0,0,0,1,0.0006867419290134839,,2019-03-01,,0.939
8HJGZPXH,0,0,,,,Censored No Alarm,0,0,0,0,0,1,0.0006867419290134839,,2018-11-14,,0.939
8HJH62EH,0,0,,,,Censored No Alarm,0,0,0,0,0,1,0.0006867419290134839,,2018-11-14,,0.939
8HJH8RWH,0,0,,,,Censored No Alarm,0,0,0,0,0,1,0.000709997326748426,,2019-03-01,,0.939
8HJK2HSH,0,0,,,,Censored No Alarm,0,0,0,0,0,1,0.015895886520524434,,2018-11-14,,0.939
8HJLKZRH,0,0,,,,Censored No Alarm,0,0,0,0,0,1,0.000709997326748426,,2018-11-14,,0.939
8HJRD7PH,0,0,,,,Censored No Alarm,0,0,0,0,0,1,0.0007016207903929927,,2019-03-01,,0.939
8HJRUMWH,0,0,,,,Censored No Alarm,0,0,0,0,0,1,0.0006867419290134839,,2018-11-14,,0.939
8HJRVW4H,0,0,,,,Censored No Alarm,0,0,0,0,0,1,0.000709997326748426,,2018-11-14,,0.939
8HJUGTVH,0,0,,,,Censored No Alarm,0,0,0,0,0,1,0.0557130182988206,,2018-11-14,,0.939
8HJVJKPH,0,0,,,,Censored No Alarm,0,0,0,0,0,1,0.0009394985787819753,,2018-11-14,,0.939
8HJVUAGH,0,0,,,,Censored No Alarm,0,0,0,0,0,1,0.0007674659918320125,,2018-11-14,,0.939
8HJWBJXH,0,0,,,,Censored No Alarm,0,0,0,0,0,1,0.0006867419290134839,,2018-11-14,,0.939
8HJWHD6H,0,0,,,,Censored No Alarm,0,0,0,0,0,1,0.0006867419290134839,,2018-11-14,,0.939
8HJWHEJH,0,0,,,,Censored No Alarm,0,0,0,0,0,1,0.0011490566107655593,,2019-03-28,,0.939
8HJXG0WH,1,0,,2022-05-01,,Missed,0,0,0,0,1,0,0.01174549063011171,,2018-11-14,,0.939
8HJXKBDH,0,0,,,,Censored No Alarm,0,0,0,0,0,1,0.0006348290661193688,,2019-03-01,,0.939
8HJXU87H,0,0,,,,Censored No Alarm,0,0,0,0,0,1,0.03554301359238459,,2018-11-14,,0.939
8HJY20MH,0,0,,,,Censored No Alarm,0,0,0,0,0,1,0.0006867419290134839,,2018-11-14,,0.939
8HJYTXWH,0,0,,,,Censored No Alarm,0,0,0,0,0,1,0.0006867419290134839,,2018-11-14,,0.939
8HJYU0JH,0,0,,,,Censored No Alarm,0,0,0,0,0,1,0.0005270397211284552,,2018-11-14,,0.939
8HJYZNZH,0,0,,,,Censored No Alarm,0,0,0,0,0,1,0.0044571352269615,,2018-11-14,,0.939
8HJZ13TH,0,0,,,,Censored No Alarm,0,0,0,0,0,1,0.0006867419290134839,,2018-11-14,,0.939
8HJZADEH,0,0,,,,Censored No Alarm,0,0,0,0,0,1,0.0006867419290134839,,2018-11-14,,0.939
8HJZEG6H,1,0,,2023-11-17,,Missed,0,0,0,0,1,0,0.21130422709597002,,2018-11-14,,0.939
8HJZG4AH,0,0,,,,Censored No Alarm,0,0,0,0,0,1,0.0006867419290134839,,2018-11-14,,0.939
8HJZNVWH,0,0,,,,Censored No Alarm,0,0,0,0,0,1,0.0005270397211284552,,2018-11-14,,0.939
8HK087WH,0,0,,,,Censored No Alarm,0,0,0,0,0,1,0.047271964106112487,,2018-11-14,,0.939
8HK0HH3H,0,0,,,,Censored No Alarm,0,0,0,0,0,1,0.0006867419290134839,,2018-11-14,,0.939
8HK12NNH,0,0,,,,Censored No Alarm,0,0,0,0,0,1,0.0006867419290134839,,2018-11-14,,0.939
8HK17SKH,0,0,,,,Censored No Alarm,0,0,0,0,0,1,0.013323220914304146,,2018-11-14,,0.939
8HK17SWH,0,0,,,,Censored No Alarm,0,0,0,0,0,1,0.0006867419290134839,,2018-11-14,,0.939
8HK17SYH,0,0,,,,Censored No Alarm,0,0,0,0,0,1,0.08269432936105547,,2018-11-14,,0.939
8HK19K9H,0,0,,,,Censored No Alarm,0,0,0,0,0,1,0.0006867419290134839,,2018-11-14,,0.939
8HK19KVH,0,0,,,,Censored No Alarm,0,0,0,0,0,1,0.0006867419290134839,,2018-11-14,,0.939
8HK1KY3H,0,0,,,,Censored No Alarm,0,0,0,0,0,1,0.053903230592554925,,2018-11-14,,0.939
8HK1LYPH,0,0,,,,Censored No Alarm,0,0,0,0,0,1,0.000709997326748426,,2018-11-14,,0.939
8HK1N18H,0,0,,,,Censored No Alarm,0,0,0,0,0,1,0.0006544218275462667,,2018-11-14,,0.939
8HK1PV7H,0,0,,,,Censored No Alarm,0,0,0,0,0,1,0.000709997326748426,,2018-11-14,,0.939
8HK1UULH,0,0,,,,Censored No Alarm,0,0,0,0,0,1,0.000709997326748426,,2018-11-14,,0.939
8HK1XAAH,1,0,,2021-10-24,,Missed,0,0,0,0,1,0,0.0005396564809083803,,2018-11-14,,0.939
8HK224GH,0,0,,,,Censored No Alarm,0,0,0,0,0,1,0.0006867419290134839,,2018-11-14,,0.939
8HK25XSH,0,0,,,,Censored No Alarm,0,0,0,0,0,1,0.000709997326748426,,2018-11-14,,0.939
8HK266WH,0,0,,,,Censored No Alarm,0,0,0,0,0,1,0.015219533996967469,,2018-11-14,,0.939
8HK28TJH,0,0,,,,Censored No Alarm,0,0,0,0,0,1,0.000709997326748426,,2018-11-14,,0.939
8HK28Y0H,0,0,,,,Censored No Alarm,0,0,0,0,0,1,0.0006867419290134839,,2018-11-14,,0.939
8HK2A1EH,0,0,,,,Censored No Alarm,0,0,0,0,0,1,0.0006544218275462667,,2019-06-01,,0.939
8HK2BA6H,0,0,,,,Censored No Alarm,0,0,0,0,0,1,0.0006867419290134839,,2018-11-14,,0.939
8HK2BAEH,0,0,,,,Censored No Alarm,0,0,0,0,0,1,0.0006867419290134839,,2018-11-14,,0.939
8HK2DVKH,0,0,,,,Censored No Alarm,0,0,0,0,0,1,0.0006867419290134839,,2018-11-14,,0.939
8HK2JXUH,0,0,,,,Censored No Alarm,0,0,0,0,0,1,0.0006348290661193688,,2019-03-28,,0.939
8HK2KY6H,0,0,,,,Censored No Alarm,0,0,0,0,0,1,0.053903230592554925,,2018-11-14,,0.939
8HK2MXPH,0,0,,,,Censored No Alarm,0,0,0,0,0,1,0.000709997326748426,,2018-11-14,,0.939
8HK2RMWH,0,0,,,,Censored No Alarm,0,0,0,0,0,1,0.015238132676200056,,2018-11-14,,0.939
8HK2RNWH,0,0,,,,Censored No Alarm,0,0,0,0,0,1,0.0006867419290134839,,2018-11-14,,0.939
8HK2RP9H,0,0,,,,Censored No Alarm,0,0,0,0,0,1,0.000709997326748426,,2018-11-14,,0.939
8HK2VLMH,0,0,,,,Censored No Alarm,0,0,0,0,0,1,0.0006867419290134839,,2018-11-14,,0.939
8HK2X4YH,0,0,,,,Censored No Alarm,0,0,0,0,0,1,0.0006867419290134839,,2018-11-14,,0.939
8HK2ZPDH,0,0,,,,Censored No Alarm,0,0,0,0,0,1,0.0006867419290134839,,2019-05-04,,0.939
8HK2ZT1H,0,0,,,,Censored No Alarm,0,0,0,0,0,1,0.0006544218275462667,,2018-11-14,,0.939
8HK31WMH,0,0,,,,Censored No Alarm,0,0,0,0,0,1,0.0006867419290134839,,2019-05-04,,0.939
8HK31Y8H,0,0,,,,Censored No Alarm,0,0,0,0,0,1,0.004271360924062002,,2018-11-14,,0.939
8HK341ZH,0,0,,,,Censored No Alarm,0,0,0,0,0,1,0.000709997326748426,,2018-11-14,,0.939
8HK34EZH,0,0,,,,Censored No Alarm,0,0,0,0,0,1,0.04141695819068083,,2018-11-14,,0.939
8HK3BWZH,0,0,,,,Censored No Alarm,0,0,0,0,0,1,0.000709997326748426,,2018-11-14,,0.939
8HK3GTLH,0,0,,,,Censored No Alarm,0,0,0,0,0,1,0.008611511121510295,,2018-11-14,,0.939
8HK3GUXH,0,0,,,,Censored No Alarm,0,0,0,0,0,1,0.0006867419290134839,,2018-11-14,,0.939
8HK3MMSH,0,0,,,,Censored No Alarm,0,0,0,0,0,1,0.0006867419290134839,,2018-11-14,,0.939
8HK3NG2H,0,0,,,,Censored No Alarm,0,0,0,0,0,1,0.5954973658738006,,2018-11-14,,0.939
8HK3NJMH,0,0,,,,Censored No Alarm,0,0,0,0,0,1,0.0006867419290134839,,2018-11-14,,0.939
8HK41HEH,0,0,,,,Censored No Alarm,0,0,0,0,0,1,0.0007404154220425233,,2018-11-14,,0.939
8HK69BMH,0,0,,,,Censored No Alarm,0,0,0,0,0,1,0.0008696033260925047,,2019-03-01,,0.939
8HK6T2AH,0,0,,,,Censored No Alarm,0,0,0,0,0,1,0.0007435186716850395,,2018-11-14,,0.939
8HK6TL7H,0,0,,,,Censored No Alarm,0,0,0,0,0,1,0.0006867419290134839,,2018-11-14,,0.939
8HK6UUDH,0,0,,,,Censored No Alarm,0,0,0,0,0,1,0.0006449012921829455,,2019-03-28,,0.939
8HK6V14H,0,0,,,,Censored No Alarm,0,0,0,0,0,1,0.000709997326748426,,2018-11-14,,0.939
8HK6VSKH,1,1,2024-03-09,2024-03-10,1.0,On time,1,0,0,0,0,0,0.9994134331168899,0.9994134331168899,2018-11-14,1942.0,0.939
8HK70X7H,0,0,,,,Censored No Alarm,0,0,0,0,0,1,0.000709997326748426,,2018-11-14,,0.939
8HK7194H,0,0,,,,Censored No Alarm,0,0,0,0,0,1,0.000709997326748426,,2018-11-14,,0.939
8HK72J0H,0,0,,,,Censored No Alarm,0,0,0,0,0,1,0.000709997326748426,,2018-11-14,,0.939
8HK7DKMH,0,0,,,,Censored No Alarm,0,0,0,0,0,1,0.0006136097051274012,,2019-03-02,,0.939
8HK7E5DH,0,0,,,,Censored No Alarm,0,0,0,0,0,1,0.0006867419290134839,,2018-11-14,,0.939
8HK7E68H,0,0,,,,Censored No Alarm,0,0,0,0,0,1,0.0006867419290134839,,2018-11-14,,0.939
8HK7H58H,0,0,,,,Censored No Alarm,0,0,0,0,0,1,0.0006867419290134839,,2018-11-14,,0.939
8HK80P1H,0,0,,,,Censored No Alarm,0,0,0,0,0,1,0.016751723957598705,,2019-01-05,,0.939
8HKB2WEH,0,1,2019-07-18,,,Censored Early,0,0,1,1,0,0,0.9937363492974222,0.9937363492974222,2019-01-05,194.0,0.939
8HKB3M2H,0,0,,,,Censored No Alarm,0,0,0,0,0,1,0.0006138586012143157,,2019-01-05,,0.939
8HKB4R4H,0,0,,,,Censored No Alarm,0,0,0,0,0,1,0.0006138586012143157,,2019-05-04,,0.939
8HKBBKKH,0,0,,,,Censored No Alarm,0,0,0,0,0,1,0.00979533344805434,,2018-11-14,,0.939
8HKBYNVH,0,0,,,,Censored No Alarm,0,0,0,0,0,1,0.0006138586012143157,,2019-05-04,,0.939
8HKE039H,0,0,,,,Censored No Alarm,0,0,0,0,0,1,0.053903230592554925,,2018-11-14,,0.939
8HKE6E1H,0,0,,,,Censored No Alarm,0,0,0,0,0,1,0.0006867419290134839,,2019-01-05,,0.939
8HKE8S7H,0,0,,,,Censored No Alarm,0,0,0,0,0,1,0.029666497934900168,,2019-01-05,,0.939
8HKEAWEH,0,0,,,,Censored No Alarm,0,0,0,0,0,1,0.0006544218275462667,,2019-06-01,,0.939
8HKEKYRH,0,0,,,,Censored No Alarm,0,0,0,0,0,1,0.0006544218275462667,,2019-06-01,,0.939
8HKG0GWH,0,0,,,,Censored No Alarm,0,0,0,0,0,1,0.0006138586012143157,,2019-01-05,,0.939
8HKHPZHH,0,0,,,,Censored No Alarm,0,0,0,0,0,1,0.0006544218275462667,,2019-06-01,,0.939
8HKJ4MAH,0,0,,,,Censored No Alarm,0,0,0,0,0,1,0.0006867419290134839,,2019-03-01,,0.939
8HKJ5KDH,1,0,,2025-06-29,,Missed,0,0,0,0,1,0,0.0006544218275462667,,2018-11-14,,0.939
8HKL6STH,0,0,,,,Censored No Alarm,0,0,0,0,0,1,0.000709997326748426,,2019-03-02,,0.939
8HKLRUSH,0,1,2026-02-09,,,Censored Early,0,0,1,1,0,0,0.9951049782813202,0.9951049782813202,2019-03-01,2537.0,0.939
8HKM415H,0,0,,,,Censored No Alarm,0,0,0,0,0,1,0.0006281162202322838,,2019-03-01,,0.939
8HKM5RVH,0,0,,,,Censored No Alarm,0,0,0,0,0,1,0.0006544218275462667,,2019-03-28,,0.939
8HKM654H,0,0,,,,Censored No Alarm,0,0,0,0,0,1,0.0006350440397355978,,2019-03-28,,0.939
8HKM9Z1H,0,0,,,,Censored No Alarm,0,0,0,0,0,1,0.0006281162202322838,,2019-03-28,,0.939
8HKMR21H,1,0,,2020-09-02,,Missed,0,0,0,0,1,0,0.06741748795746733,,2019-03-28,,0.939
8HKNMW1H,0,0,,,,Censored No Alarm,0,0,0,0,0,1,0.0006138586012143157,,2019-05-04,,0.939
8HKNN28H,0,0,,,,Censored No Alarm,0,0,0,0,0,1,0.025493976669067005,,2019-06-01,,0.939
8HKPM7RH,0,0,,,,Censored No Alarm,0,0,0,0,0,1,0.0006136097051274012,,2019-03-02,,0.939
8HKPZY9H,1,0,,2024-08-13,,Missed,0,0,0,0,1,0,0.03071465557001454,,2019-03-28,,0.939
8HKRER2H,0,0,,,,Censored No Alarm,0,0,0,0,0,1,0.005522447576133926,,2019-06-01,,0.939
8HKS4X3H,0,0,,,,Censored No Alarm,0,0,0,0,0,1,0.42087528734045315,,2019-03-02,,0.939
8HKTBA3H,1,0,,2024-09-22,,Missed,0,0,0,0,1,0,0.03780458399525378,,2019-03-01,,0.939
8HKTE54H,0,0,,,,Censored No Alarm,0,0,0,0,0,1,0.0006544218275462667,,2019-03-01,,0.939
8HKTH2SH,1,0,,2023-11-27,,Missed,0,0,0,0,1,0,0.03426360392860626,,2019-03-01,,0.939
8HKTK0XH,0,0,,,,Censored No Alarm,0,0,0,0,0,1,0.0006348290661193688,,2019-01-05,,0.939
8HKU0DXH,0,0,,,,Censored No Alarm,0,0,0,0,0,1,0.0006867419290134839,,2019-03-01,,0.939
8HKU3YTH,1,0,,2024-07-13,,Missed,0,0,0,0,1,0,0.6524239841227971,,2019-03-01,,0.939
8HKU4WXH,0,1,2019-06-24,,,Censored Early,0,0,1,1,0,0,0.994465426961038,0.994465426961038,2019-01-05,170.0,0.939
8HKUEJHH,1,0,,2025-04-25,,Missed,0,0,0,0,1,0,0.005732860474838967,,2019-03-28,,0.939
8HKVW60H,0,0,,,,Censored No Alarm,0,0,0,0,0,1,0.0006138586012143157,,2019-03-28,,0.939
8HKW4NPH,0,0,,,,Censored No Alarm,0,0,0,0,0,1,0.0006867419290134839,,2019-06-01,,0.939
8HKWV1GH,0,0,,,,Censored No Alarm,0,0,0,0,0,1,0.0006081789605130607,,2019-01-05,,0.939
8HKWXJYH,0,0,,,,Censored No Alarm,0,0,0,0,0,1,0.0006544218275462667,,2019-03-28,,0.939
8HKY0KHH,1,1,2023-04-28,2024-05-14,382.0,Early,0,1,0,1,0,0,1.0,0.9999999998961107,2019-03-01,1519.0,0.939
8HKY66PH,0,0,,,,Censored No Alarm,0,0,0,0,0,1,0.0006996688445225923,,2019-03-01,,0.939
8HKYJ38H,0,0,,,,Censored No Alarm,0,0,0,0,0,1,0.0006449012921829455,,2019-03-28,,0.939
8HKYZ6YH,0,0,,,,Censored No Alarm,0,0,0,0,0,1,0.0006281162202322838,,2019-03-28,,0.939
8HKZ213H,0,0,,,,Censored No Alarm,0,0,0,0,0,1,0.0006138586012143157,,2019-01-05,,0.939
8HKZDBRH,0,0,,,,Censored No Alarm,0,0,0,0,0,1,0.0006348290661193688,,2019-06-01,,0.939
8HKZL75H,0,0,,,,Censored No Alarm,0,0,0,0,0,1,0.01947700461049251,,2019-05-04,,0.939
AAG0EXPH,0,0,,,,Censored No Alarm,0,0,0,0,0,1,0.0006138586012143157,,2019-01-05,,0.939
AAG0LHRH,0,0,,,,Censored No Alarm,0,0,0,0,0,1,0.0006544218275462667,,2019-01-05,,0.939
AAG121VH,0,0,,,,Censored No Alarm,0,0,0,0,0,1,0.007779284271073924,,2019-03-01,,0.939
AAG16VPH,0,0,,,,Censored No Alarm,0,0,0,0,0,1,0.0007932233312447358,,2019-01-05,,0.939
AAG18L0H,0,0,,,,Censored No Alarm,0,0,0,0,0,1,0.053903230592554925,,2019-03-28,,0.939
AAG18MEH,0,0,,,,Censored No Alarm,0,0,0,0,0,1,0.0006544218275462667,,2019-03-01,,0.939
AAG197UH,0,0,,,,Censored No Alarm,0,0,0,0,0,1,0.0006544218275462667,,2019-06-01,,0.939
AAG1LSNH,1,0,,2025-07-30,,Missed,0,0,0,0,1,0,0.6689418475007113,,2019-01-05,,0.939
AAG1LSVH,0,0,,,,Censored No Alarm,0,0,0,0,0,1,0.007359835206668838,,2019-01-05,,0.939
AAG1LW3H,1,0,,2024-09-03,,Missed,0,0,0,0,1,0,0.8257545602200724,,2019-01-05,,0.939
AAG1PLVH,0,0,,,,Censored No Alarm,0,0,0,0,0,1,0.0006449012921829455,,2019-03-28,,0.939
AAG1PM9H,0,0,,,,Censored No Alarm,0,0,0,0,0,1,0.0006348290661193688,,2019-03-28,,0.939
AAG1RJAH,0,0,,,,Censored No Alarm,0,0,0,0,0,1,0.05217804482739155,,2019-03-28,,0.939
AAG1RK5H,0,0,,,,Censored No Alarm,0,0,0,0,0,1,0.0006138586012143157,,2019-01-05,,0.939
AAG1RR9H,0,0,,,,Censored No Alarm,0,0,0,0,0,1,0.0006348290661193688,,2019-03-28,,0.939
AAG1RUJH,0,0,,,,Censored No Alarm,0,0,0,0,0,1,0.0006544218275462667,,2019-03-28,,0.939
AAG1TGGH,0,0,,,,Censored No Alarm,0,0,0,0,0,1,0.0006867419290134839,,2019-01-05,,0.939
AAG1VJYH,0,0,,,,Censored No Alarm,0,0,0,0,0,1,0.0006281162202322838,,2019-03-28,,0.939
AAG1VNPH,0,0,,,,Censored No Alarm,0,0,0,0,0,1,0.000604270914329274,,2019-01-05,,0.939
AAG1Z4AH,0,0,,,,Censored No Alarm,0,0,0,0,0,1,0.01117320737801215,,2019-08-13,,0.939
AAG23A2H,0,0,,,,Censored No Alarm,0,0,0,0,0,1,0.05848852337100122,,2019-01-05,,0.939
AAG23AKH,0,0,,,,Censored No Alarm,0,0,0,0,0,1,0.0006138586012143157,,2019-01-05,,0.939
AAG23AVH,0,0,,,,Censored No Alarm,0,0,0,0,0,1,0.0006449012921829455,,2019-03-28,,0.939
AAG246TH,0,0,,,,Censored No Alarm,0,0,0,0,0,1,0.0006449012921829455,,2019-06-01,,0.939
AAG24UVH,0,0,,,,Censored No Alarm,0,0,0,0,0,1,0.0006138586012143157,,2019-01-05,,0.939
AAG24VXH,0,0,,,,Censored No Alarm,0,0,0,0,0,1,0.0006138586012143157,,2019-01-05,,0.939
AAG26NBH,1,0,,2023-10-19,,Missed,0,0,0,0,1,0,0.44793534950212743,,2019-03-28,,0.939
AAG26TPH,0,0,,,,Censored No Alarm,0,0,0,0,0,1,0.034411464990871624,,2019-03-28,,0.939
AAG26U9H,1,0,,2023-01-26,,Missed,0,0,0,0,1,0,0.04308221337988802,,2019-06-01,,0.939
AAG27VEH,0,0,,,,Censored No Alarm,0,0,0,0,0,1,0.0006544218275462667,,2019-03-28,,0.939
AAG27W2H,0,0,,,,Censored No Alarm,0,0,0,0,0,1,0.0006281162202322838,,2019-03-01,,0.939
AAG27XPH,1,0,,2025-10-06,,Missed,0,0,0,0,1,0,0.015895886520524434,,2019-03-28,,0.939
AAG27ZLH,0,0,,,,Censored No Alarm,0,0,0,0,0,1,0.0006867419290134839,,2019-03-28,,0.939
AAG281TH,1,0,,2024-07-25,,Missed,0,0,0,0,1,0,0.04948235007852382,,2019-01-05,,0.939
AAG2GGJH,0,0,,,,Censored No Alarm,0,0,0,0,0,1,0.0007188109555536647,,2019-06-01,,0.939
AAG2JGJH,1,0,,2026-02-10,,Missed,0,0,0,0,1,0,0.02979685220341066,,2019-06-01,,0.939
AAG2JL4H,0,0,,,,Censored No Alarm,0,0,0,0,0,1,0.000604270914329274,,2019-01-05,,0.939
AAG2RZJH,0,0,,,,Censored No Alarm,0,0,0,0,0,1,0.0006348290661193688,,2019-03-28,,0.939
AAG2S62H,0,0,,,,Censored No Alarm,0,0,0,0,0,1,0.0006544218275462667,,2019-03-28,,0.939
AAG2S9YH,0,0,,,,Censored No Alarm,0,0,0,0,0,1,0.0006544218275462667,,2019-06-01,,0.939
AAG2SAYH,0,0,,,,Censored No Alarm,0,0,0,0,0,1,0.0006449012921829455,,2019-08-14,,0.939
AAG2SJ3H,0,0,,,,Censored No Alarm,0,0,0,0,0,1,0.0006348290661193688,,2019-08-13,,0.939
AAG2VSVH,0,0,,,,Censored No Alarm,0,0,0,0,0,1,0.0006544218275462667,,2019-03-28,,0.939
AAG2Y6JH,0,0,,,,Censored No Alarm,0,0,0,0,0,1,0.0006348290661193688,,2019-03-28,,0.939
AAG2Z67H,0,0,,,,Censored No Alarm,0,0,0,0,0,1,0.0008651802018383791,,2019-06-01,,0.939
AAG2ZU1H,0,0,,,,Censored No Alarm,0,0,0,0,0,1,0.0006544218275462667,,2019-06-01,,0.939
AAG305AH,0,0,,,,Censored No Alarm,0,0,0,0,0,1,0.0006544218275462667,,2019-06-01,,0.939
AAG306GH,0,0,,,,Censored No Alarm,0,0,0,0,0,1,0.015465244746814889,,2019-01-05,,0.939
AAG34Z4H,0,0,,,,Censored No Alarm,0,0,0,0,0,1,0.0006348290661193688,,2019-01-05,,0.939
AAG350BH,0,0,,,,Censored No Alarm,0,0,0,0,0,1,0.05520490108786462,,2019-03-28,,0.939
AAG350TH,0,0,,,,Censored No Alarm,0,0,0,0,0,1,0.0008130153180942561,,2019-03-28,,0.939
AAG3512H,0,0,,,,Censored No Alarm,0,0,0,0,0,1,0.05520490108786462,,2019-03-28,,0.939
AAG352AH,0,0,,,,Censored No Alarm,0,0,0,0,0,1,0.0006544218275462667,,2019-06-01,,0.939
AAG353EH,0,0,,,,Censored No Alarm,0,0,0,0,0,1,0.0006138586012143157,,2019-01-05,,0.939
AAG35LWH,0,0,,,,Censored No Alarm,0,0,0,0,0,1,0.6104201967326728,,2019-01-05,,0.939
AAG401PH,0,0,,,,Censored No Alarm,0,0,0,0,0,1,0.0006544218275462667,,2019-01-05,,0.939
AAG46YHH,0,0,,,,Censored No Alarm,0,0,0,0,0,1,0.0006281162202322838,,2019-03-28,,0.939
AAG477BH,0,0,,,,Censored No Alarm,0,0,0,0,0,1,0.0006138586012143157,,2019-01-05,,0.939
AAG478DH,0,0,,,,Censored No Alarm,0,0,0,0,0,1,0.0006867419290134839,,2019-03-28,,0.939
AAG48B3H,0,0,,,,Censored No Alarm,0,0,0,0,0,1,0.0006867419290134839,,2019-03-02,,0.939
AAG4AA9H,0,0,,,,Censored No Alarm,0,0,0,0,0,1,0.027103549546017017,,2019-03-01,,0.939
AAG4VESH,0,1,2025-11-14,,,Censored Early,0,0,1,1,0,0,0.9875756642409006,0.9814225041926489,2019-03-01,2450.0,0.939
AAG4Z4YH,0,0,,,,Censored No Alarm,0,0,0,0,0,1,0.007511996462138596,,2019-03-01,,0.939
AAG4Z52H,0,0,,,,Censored No Alarm,0,0,0,0,0,1,0.000709997326748426,,2019-03-02,,0.939
AAG4Z5AH,1,0,,2025-03-14,,Missed,0,0,0,0,1,0,0.07151455217552984,,2019-01-05,,0.939
AAG4ZABH,0,0,,,,Censored No Alarm,0,0,0,0,0,1,0.0006996688445225923,,2019-03-01,,0.939
AAG51RHH,0,0,,,,Censored No Alarm,0,0,0,0,0,1,0.0006081789605130607,,2019-01-05,,0.939
AAG540GH,0,0,,,,Censored No Alarm,0,0,0,0,0,1,0.0006544218275462667,,2019-03-28,,0.939
AAG5DTTH,0,0,,,,Censored No Alarm,0,0,0,0,0,1,0.0006781761834912624,,2019-03-28,,0.939
AAG5Y4DH,0,0,,,,Censored No Alarm,0,0,0,0,0,1,0.0006138586012143157,,2019-01-05,,0.939
AAG5Y4LH,0,0,,,,Censored No Alarm,0,0,0,0,0,1,0.008660123363905967,,2019-01-05,,0.939
AAG5Y4TH,0,0,,,,Censored No Alarm,0,0,0,0,0,1,0.008611511121510295,,2019-01-05,,0.939
AAG5Y4UH,0,0,,,,Censored No Alarm,0,0,0,0,0,1,0.0006138586012143157,,2019-01-05,,0.939
AAG5Y5UH,0,0,,,,Censored No Alarm,0,0,0,0,0,1,0.011717207649621232,,2019-01-05,,0.939
AAG5YJ4H,0,0,,,,Censored No Alarm,0,0,0,0,0,1,0.0070316919993171564,,2019-03-28,,0.939
AAG5YLKH,0,0,,,,Censored No Alarm,0,0,0,0,0,1,0.053903230592554925,,2019-03-01,,0.939
AAG5YYBH,0,0,,,,Censored No Alarm,0,0,0,0,0,1,0.0006138586012143157,,2019-01-05,,0.939
AAG5YYKH,1,0,,2025-09-30,,Missed,0,0,0,0,1,0,0.7905764679972866,,2019-01-05,,0.939
AAG5YZ8H,0,0,,,,Censored No Alarm,0,0,0,0,0,1,0.0006281162202322838,,2019-03-28,,0.939
AAG5YZZH,1,1,2025-07-08,2025-07-30,22.0,On time,1,0,0,0,0,0,0.9994601225496338,0.9994601225496338,2019-03-02,2320.0,0.939
AAG613MH,0,0,,,,Censored No Alarm,0,0,0,0,0,1,0.000604270914329274,,2019-01-05,,0.939
AAG613RH,1,0,,2025-06-06,,Missed,0,0,0,0,1,0,0.008572704587449438,,2019-01-05,,0.939
AAG61KPH,0,0,,,,Censored No Alarm,0,0,0,0,0,1,0.0010937494509403744,,2019-03-28,,0.939
AAG61LHH,1,1,2024-05-09,2024-05-17,8.0,On time,1,0,0,0,0,0,0.9997529334230233,0.9997529334230233,2019-03-01,1896.0,0.939
AAG61NEH,0,0,,,,Censored No Alarm,0,0,0,0,0,1,0.053903230592554925,,2019-01-05,,0.939
AAG61NZH,0,0,,,,Censored No Alarm,0,0,0,0,0,1,0.03962512310229146,,2019-03-28,,0.939
AAG61P2H,0,0,,,,Censored No Alarm,0,0,0,0,0,1,0.0006544218275462667,,2019-03-01,,0.939
AAG61UMH,0,0,,,,Censored No Alarm,0,0,0,0,0,1,0.016251559200145916,,2019-01-05,,0.939
AAG61WRH,0,0,,,,Censored No Alarm,0,0,0,0,0,1,0.0006281162202322838,,2019-03-01,,0.939
AAG61Z1H,0,0,,,,Censored No Alarm,0,0,0,0,0,1,0.0006281162202322838,,2019-01-05,,0.939
AAG61ZAH,0,0,,,,Censored No Alarm,0,0,0,0,0,1,0.0006867419290134839,,2019-03-01,,0.939
AAG620PH,0,0,,,,Censored No Alarm,0,0,0,0,0,1,0.0006281162202322838,,2019-03-28,,0.939
AAG621WH,0,0,,,,Censored No Alarm,0,0,0,0,0,1,0.0006081789605130607,,2019-01-05,,0.939
AAG623DH,0,0,,,,Censored No Alarm,0,0,0,0,0,1,0.0006081789605130607,,2019-01-05,,0.939
AAG6376H,0,0,,,,Censored No Alarm,0,0,0,0,0,1,0.008630998461877511,,2019-03-28,,0.939
AAG637RH,1,0,,2022-05-21,,Missed,0,0,0,0,1,0,0.000598116153876261,,2019-01-05,,0.939
AAG6381H,0,0,,,,Censored No Alarm,0,0,0,0,0,1,0.0006138586012143157,,2019-01-05,,0.939
AAG638GH,0,0,,,,Censored No Alarm,0,0,0,0,0,1,0.0006138586012143157,,2019-01-05,,0.939
AAG639BH,0,0,,,,Censored No Alarm,0,0,0,0,0,1,0.012643080142007374,,2019-01-05,,0.939
AAG63DLH,0,0,,,,Censored No Alarm,0,0,0,0,0,1,0.0006867419290134839,,2019-03-28,,0.939
AAG63JSH,0,0,,,,Censored No Alarm,0,0,0,0,0,1,0.0006867419290134839,,2019-03-02,,0.939
AAG63PJH,0,0,,,,Censored No Alarm,0,0,0,0,0,1,0.0006281162202322838,,2019-03-28,,0.939
AAG63PKH,1,0,,2022-05-22,,Missed,0,0,0,0,1,0,0.04245332349180143,,2019-03-01,,0.939
AAG63PLH,0,0,,,,Censored No Alarm,0,0,0,0,0,1,0.0006449012921829455,,2019-03-01,,0.939
AAG63RGH,0,0,,,,Censored No Alarm,0,0,0,0,0,1,0.0006544218275462667,,2019-03-01,,0.939
AAG63TMH,1,1,2024-09-29,2025-09-02,338.0,Early,0,1,0,1,0,0,0.9999999999502396,0.9999999999502396,2019-03-02,2038.0,0.939
AAG63TSH,0,0,,,,Censored No Alarm,0,0,0,0,0,1,0.0006867419290134839,,2019-03-28,,0.939
AAG63V6H,0,0,,,,Censored No Alarm,0,0,0,0,0,1,0.044196793434720744,,2019-03-28,,0.939
AAG63WHH,1,0,,2025-11-30,,Missed,0,0,0,0,1,0,0.07192712966476614,,2019-01-05,,0.939
AAG63Z8H,1,1,2025-09-13,2025-09-28,15.0,On time,1,0,0,0,0,0,0.9998290800026994,0.9998290800026994,2019-03-01,2388.0,0.939
AAG6417H,1,1,2024-05-30,2024-06-06,7.0,On time,1,0,0,0,0,0,0.9999998788452382,0.9999998788452382,2019-03-01,1917.0,0.939
AAG6436H,0,0,,,,Censored No Alarm,0,0,0,0,0,1,0.0006867419290134839,,2019-06-01,,0.939
AAG64VXH,0,0,,,,Censored No Alarm,0,0,0,0,0,1,0.025035434378614004,,2019-01-05,,0.939
AAG6509H,0,0,,,,Censored No Alarm,0,0,0,0,0,1,0.0006281162202322838,,2019-03-28,,0.939
AAG67UZH,0,0,,,,Censored No Alarm,0,0,0,0,0,1,0.019176346148146187,,2019-03-28,,0.939
AAG67V3H,1,0,,2025-06-20,,Missed,0,0,0,0,1,0,0.4232427341312913,,2019-03-01,,0.939
AAG67VBH,0,0,,,,Censored No Alarm,0,0,0,0,0,1,0.005268404907714201,,2019-03-28,,0.939
AAG67W3H,0,0,,,,Censored No Alarm,0,0,0,0,0,1,0.0006136097051274012,,2019-03-01,,0.939
AAG67Z8H,0,0,,,,Censored No Alarm,0,0,0,0,0,1,0.0006544218275462667,,2019-06-01,,0.939
AAG682YH,1,0,,2024-07-04,,Missed,0,0,0,0,1,0,0.41709835565868364,,2019-03-28,,0.939
AAG683JH,0,0,,,,Censored No Alarm,0,0,0,0,0,1,0.0006281162202322838,,2019-03-01,,0.939
AAG686GH,0,0,,,,Censored No Alarm,0,0,0,0,0,1,0.0006867419290134839,,2019-03-02,,0.939
AAG6870H,0,0,,,,Censored No Alarm,0,0,0,0,0,1,0.0008130153180942561,,2019-01-05,,0.939
AAG6878H,0,0,,,,Censored No Alarm,0,0,0,0,0,1,0.0007674659918320125,,2019-01-05,,0.939
AAG687GH,0,0,,,,Censored No Alarm,0,0,0,0,0,1,0.0006867419290134839,,2019-03-01,,0.939
AAG687MH,0,0,,,,Censored No Alarm,0,0,0,0,0,1,0.000630163628722679,,2019-03-28,,0.939
AAG68AGH,0,0,,,,Censored No Alarm,0,0,0,0,0,1,0.0006281162202322838,,2019-06-01,,0.939
AAG68AKH,0,0,,,,Censored No Alarm,0,0,0,0,0,1,0.429113959038512,,2019-03-02,,0.939
AAG68AUH,0,0,,,,Censored No Alarm,0,0,0,0,0,1,0.0006281162202322838,,2019-01-05,,0.939
AAG68AXH,0,0,,,,Censored No Alarm,0,0,0,0,0,1,0.0006348290661193688,,2019-03-28,,0.939
AAG68BRH,0,0,,,,Censored No Alarm,0,0,0,0,0,1,0.5161531526045545,,2019-01-05,,0.939
AAG68EWH,1,0,,2023-04-01,,Missed,0,0,0,0,1,0,0.06736462988298435,,2019-01-05,,0.939
AAG68EXH,1,0,,2024-06-19,,Missed,0,0,0,0,1,0,0.04676434671314356,,2019-01-05,,0.939
AAG68KVH,0,0,,,,Censored No Alarm,0,0,0,0,0,1,0.0006867419290134839,,2019-01-05,,0.939
AAG691PH,0,0,,,,Censored No Alarm,0,0,0,0,0,1,0.0006544218275462667,,2019-06-01,,0.939
AAG691VH,0,0,,,,Censored No Alarm,0,0,0,0,0,1,0.021769496534173878,,2019-01-05,,0.939
AAG69LHH,0,0,,,,Censored No Alarm,0,0,0,0,0,1,0.0006281162202322838,,2019-06-01,,0.939
AAG69TTH,0,0,,,,Censored No Alarm,0,0,0,0,0,1,0.0006867419290134839,,2019-03-01,,0.939
AAG69WWH,0,0,,,,Censored No Alarm,0,0,0,0,0,1,0.0006138586012143157,,2019-01-05,,0.939
AAG69YWH,0,0,,,,Censored No Alarm,0,0,0,0,0,1,0.000709997326748426,,2019-03-02,,0.939
AAG6A03H,0,0,,,,Censored No Alarm,0,0,0,0,0,1,0.0006867419290134839,,2019-03-02,,0.939
AAG6A07H,0,0,,,,Censored No Alarm,0,0,0,0,0,1,0.004086192706247316,,2019-03-01,,0.939
AAG6A0AH,0,0,,,,Censored No Alarm,0,0,0,0,0,1,0.0006544218275462667,,2019-01-05,,0.939
AAG6AATH,0,0,,,,Censored No Alarm,0,0,0,0,0,1,0.0006348290661193688,,2019-06-01,,0.939
AAG6AV4H,0,0,,,,Censored No Alarm,0,0,0,0,0,1,0.0006867419290134839,,2019-03-01,,0.939
AAG6AWTH,1,0,,2024-07-08,,Missed,0,0,0,0,1,0,0.0700632707753873,,2019-03-28,,0.939
AAG6AX6H,0,0,,,,Censored No Alarm,0,0,0,0,0,1,0.0035519430443815775,,2019-03-28,,0.939
AAG6B4HH,0,0,,,,Censored No Alarm,0,0,0,0,0,1,0.0006449012921829455,,2019-03-28,,0.939
AAG6B5KH,0,0,,,,Censored No Alarm,0,0,0,0,0,1,0.0007667136540256052,,2019-03-28,,0.939
AAG6DT9H,1,0,,2019-04-25,,Missed,0,0,0,0,1,0,0.000598116153876261,,2019-03-01,,0.939
AAG6DVEH,0,0,,,,Censored No Alarm,0,0,0,0,0,1,0.008951695394621654,,2019-03-01,,0.939
AAG6DXTH,0,0,,,,Censored No Alarm,0,0,0,0,0,1,0.3685534383905747,,2019-01-05,,0.939
AAG6E2HH,0,0,,,,Censored No Alarm,0,0,0,0,0,1,0.0008489777781524429,,2019-03-28,,0.939
AAG6E60H,0,0,,,,Censored No Alarm,0,0,0,0,0,1,0.0063465769171291465,,2019-03-01,,0.939
AAG6E7EH,0,0,,,,Censored No Alarm,0,0,0,0,0,1,0.0006281162202322838,,2019-03-28,,0.939
AAG6E7RH,0,0,,,,Censored No Alarm,0,0,0,0,0,1,0.0006867419290134839,,2019-03-02,,0.939
AAG6ESPH,0,0,,,,Censored No Alarm,0,0,0,0,0,1,0.0006233407908310587,,2019-01-05,,0.939
AAG6EVRH,0,0,,,,Censored No Alarm,0,0,0,0,0,1,0.0006081789605130607,,2019-01-05,,0.939
AAG6EX3H,0,0,,,,Censored No Alarm,0,0,0,0,0,1,0.0006348290661193688,,2019-01-05,,0.939
AAG6GM1H,0,0,,,,Censored No Alarm,0,0,0,0,0,1,0.0006281162202322838,,2019-03-28,,0.939
AAG6H25H,0,0,,,,Censored No Alarm,0,0,0,0,0,1,0.000709997326748426,,2019-03-01,,0.939
AAG6HG0H,0,0,,,,Censored No Alarm,0,0,0,0,0,1,0.0006867419290134839,,2019-03-01,,0.939
AAG6HSEH,0,0,,,,Censored No Alarm,0,0,0,0,0,1,0.0006136097051274012,,2019-03-02,,0.939
AAG6HYXH,0,0,,,,Censored No Alarm,0,0,0,0,0,1,0.000709997326748426,,2019-03-02,,0.939
AAG6J1MH,0,0,,,,Censored No Alarm,0,0,0,0,0,1,0.0006081789605130607,,2019-01-05,,0.939
AAG6J1TH,1,1,2024-04-12,2025-10-07,543.0,Early,0,1,0,1,0,0,0.9999168439132312,0.9999168439132312,2019-03-01,1869.0,0.939
AAG6J2DH,1,0,,2024-01-03,,Missed,0,0,0,0,1,0,0.059804877605769684,,2019-03-28,,0.939
AAG6J2KH,1,0,,2023-10-19,,Missed,0,0,0,0,1,0,0.8493775178370844,,2019-01-05,,0.939
AAG6KJ6H,0,0,,,,Censored No Alarm,0,0,0,0,0,1,0.0006867419290134839,,2019-03-28,,0.939
AAG6KJPH,0,0,,,,Censored No Alarm,0,0,0,0,0,1,0.0006348290661193688,,2019-03-28,,0.939
AAG6KTJH,0,0,,,,Censored No Alarm,0,0,0,0,0,1,0.0006136097051274012,,2019-03-02,,0.939
AAG6KTRH,0,0,,,,Censored No Alarm,0,0,0,0,0,1,0.0006138586012143157,,2019-01-05,,0.939
AAG6KUAH,0,1,2025-10-09,,,Censored Early,0,0,1,1,0,0,0.9999818026055015,0.9999818026055015,2019-01-05,2469.0,0.939
AAG6KUJH,0,0,,,,Censored No Alarm,0,0,0,0,0,1,0.0006544218275462667,,2019-03-01,,0.939
AAG6KV6H,1,0,,2021-11-27,,Missed,0,0,0,0,1,0,0.007039227108329568,,2019-03-01,,0.939
AAG6L88H,0,0,,,,Censored No Alarm,0,0,0,0,0,1,0.0006281162202322838,,2019-03-28,,0.939
AAG6L8VH,0,0,,,,Censored No Alarm,0,0,0,0,0,1,0.03755357542941713,,2019-03-28,,0.939
AAG6LD7H,1,0,,2025-06-16,,Missed,0,0,0,0,1,0,0.02073857012123091,,2019-03-01,,0.939
AAG6LDTH,0,0,,,,Censored No Alarm,0,0,0,0,0,1,0.0008105718806060787,,2019-03-28,,0.939
AAG6LEHH,0,0,,,,Censored No Alarm,0,0,0,0,0,1,0.0006867419290134839,,2019-03-01,,0.939
AAG6LEJH,0,0,,,,Censored No Alarm,0,0,0,0,0,1,0.0006867419290134839,,2019-03-01,,0.939
AAG6LG9H,0,0,,,,Censored No Alarm,0,0,0,0,0,1,0.0006544218275462667,,2019-01-05,,0.939
AAG6LTSH,0,0,,,,Censored No Alarm,0,0,0,0,0,1,0.000709997326748426,,2019-03-01,,0.939
AAG6M3BH,0,0,,,,Censored No Alarm,0,0,0,0,0,1,0.0007152752265103184,,2019-03-02,,0.939
AAG6M8TH,0,0,,,,Censored No Alarm,0,0,0,0,0,1,0.0006281162202322838,,2019-01-05,,0.939
AAG6MABH,0,0,,,,Censored No Alarm,0,0,0,0,0,1,0.0006544218275462667,,2019-05-04,,0.939
AAG6NEEH,0,0,,,,Censored No Alarm,0,0,0,0,0,1,0.0006348290661193688,,2019-03-28,,0.939
AAG6NP0H,1,1,2024-05-29,2024-09-22,116.0,Early,0,1,0,1,0,0,0.9583895703239711,0.9583895703239711,2019-03-01,1916.0,0.939
AAG6NPRH,1,1,2026-03-12,2026-03-12,0.0,On time,1,0,0,0,0,0,0.9971604332318512,0.9971604332318512,2019-03-01,2568.0,0.939
AAG6NRBH,1,0,,2024-07-11,,Missed,0,0,0,0,1,0,0.4154081771534213,,2019-03-28,,0.939
AAG6NRZH,0,0,,,,Censored No Alarm,0,0,0,0,0,1,0.0006867419290134839,,2019-03-28,,0.939
AAG6NS8H,0,0,,,,Censored No Alarm,0,0,0,0,0,1,0.8334929481181421,,2019-03-28,,0.939
AAG6NSKH,0,0,,,,Censored No Alarm,0,0,0,0,0,1,0.42694722202801927,,2019-01-05,,0.939
AAG6NVKH,0,0,,,,Censored No Alarm,0,0,0,0,0,1,0.0006544218275462667,,2019-01-05,,0.939
AAG6NW3H,0,0,,,,Censored No Alarm,0,0,0,0,0,1,0.0006281162202322838,,2019-06-01,,0.939
AAG6P40H,0,0,,,,Censored No Alarm,0,0,0,0,0,1,0.0006138586012143157,,2019-01-05,,0.939
AAG6P42H,0,0,,,,Censored No Alarm,0,0,0,0,0,1,0.0006281162202322838,,2019-03-01,,0.939
AAG6P4EH,0,0,,,,Censored No Alarm,0,0,0,0,0,1,0.0006281162202322838,,2019-03-28,,0.939
AAG6P9AH,0,0,,,,Censored No Alarm,0,0,0,0,0,1,0.0006136097051274012,,2019-03-01,,0.939
AAG6PWBH,0,0,,,,Censored No Alarm,0,0,0,0,0,1,0.0006544218275462667,,2019-03-02,,0.939
AAG6PY2H,0,0,,,,Censored No Alarm,0,0,0,0,0,1,0.0006138586012143157,,2019-01-05,,0.939
AAG6PYLH,0,0,,,,Censored No Alarm,0,0,0,0,0,1,0.0006281162202322838,,2019-06-01,,0.939
AAG6R0AH,0,0,,,,Censored No Alarm,0,0,0,0,0,1,0.0006544218275462667,,2019-06-01,,0.939
AAG6R2RH,0,0,,,,Censored No Alarm,0,0,0,0,0,1,0.0006867419290134839,,2019-03-01,,0.939
AAG6R32H,0,0,,,,Censored No Alarm,0,0,0,0,0,1,0.0006996688445225923,,2019-03-01,,0.939
AAG6R48H,0,0,,,,Censored No Alarm,0,0,0,0,0,1,0.0006348290661193688,,2019-03-28,,0.939
AAG6R8UH,0,0,,,,Censored No Alarm,0,0,0,0,0,1,0.0006281162202322838,,2019-03-28,,0.939
AAG6T4ZH,0,0,,,,Censored No Alarm,0,0,0,0,0,1,0.0006867419290134839,,2019-03-28,,0.939
AAG6T52H,1,0,,2023-06-10,,Missed,0,0,0,0,1,0,0.0006281162202322838,,2019-06-01,,0.939
AAG6T55H,0,0,,,,Censored No Alarm,0,0,0,0,0,1,0.0006544218275462667,,2019-06-01,,0.939
AAG6T5JH,0,0,,,,Censored No Alarm,0,0,0,0,0,1,0.0007182499453224756,,2019-05-16,,0.939
AAG6T7LH,0,0,,,,Censored No Alarm,0,0,0,0,0,1,0.000709997326748426,,2019-03-01,,0.939
AAG6T9NH,0,0,,,,Censored No Alarm,0,0,0,0,0,1,0.0006348290661193688,,2019-06-01,,0.939
AAG6TA8H,0,0,,,,Censored No Alarm,0,0,0,0,0,1,0.0006281162202322838,,2019-01-05,,0.939
AAG6TAHH,0,0,,,,Censored No Alarm,0,0,0,0,0,1,0.0006544218275462667,,2019-06-01,,0.939
AAG6TAKH,0,0,,,,Censored No Alarm,0,0,0,0,0,1,0.0006867419290134839,,2019-06-01,,0.939
AAG6TBBH,0,0,,,,Censored No Alarm,0,0,0,0,0,1,0.0006348290661193688,,2019-03-28,,0.939
AAG6TBJH,0,0,,,,Censored No Alarm,0,0,0,0,0,1,0.0006544218275462667,,2019-01-05,,0.939
AAG6THHH,0,0,,,,Censored No Alarm,0,0,0,0,0,1,0.0006544218275462667,,2019-06-01,,0.939
AAG6THJH,0,0,,,,Censored No Alarm,0,0,0,0,0,1,0.0006544218275462667,,2019-06-01,,0.939
AAG6THLH,0,0,,,,Censored No Alarm,0,0,0,0,0,1,0.0006138586012143157,,2019-05-04,,0.939
AAG6TRKH,0,0,,,,Censored No Alarm,0,0,0,0,0,1,0.0006138586012143157,,2019-05-04,,0.939
AAG6TS8H,0,0,,,,Censored No Alarm,0,0,0,0,0,1,0.0013495331571295825,,2019-06-01,,0.939
AAG6TSUH,0,0,,,,Censored No Alarm,0,0,0,0,0,1,0.0006348290661193688,,2019-03-28,,0.939
AAG6TT1H,0,0,,,,Censored No Alarm,0,0,0,0,0,1,0.0006867419290134839,,2019-05-16,,0.939
AAG6TT9H,0,0,,,,Censored No Alarm,0,0,0,0,0,1,0.05520490108786462,,2019-03-28,,0.939
AAG6TTNH,0,0,,,,Censored No Alarm,0,0,0,0,0,1,0.0006544218275462667,,2019-01-05,,0.939
AAG6TUVH,0,0,,,,Censored No Alarm,0,0,0,0,0,1,0.0006867419290134839,,2019-06-01,,0.939
AAG6TVPH,0,0,,,,Censored No Alarm,0,0,0,0,0,1,0.0006544218275462667,,2019-03-28,,0.939
AAG6TY4H,0,0,,,,Censored No Alarm,0,0,0,0,0,1,0.010715074360153029,,2019-06-01,,0.939
AAG6U5AH,0,0,,,,Censored No Alarm,0,0,0,0,0,1,0.0006544218275462667,,2019-03-01,,0.939
AAG6UKNH,0,0,,,,Censored No Alarm,0,0,0,0,0,1,0.0006281162202322838,,2019-03-28,,0.939
AAG6UMGH,0,0,,,,Censored No Alarm,0,0,0,0,0,1,0.0006138586012143157,,2019-01-05,,0.939
AAG6UMJH,0,0,,,,Censored No Alarm,0,0,0,0,0,1,0.0038572448224310483,,2019-01-05,,0.939
AAG6UNKH,0,0,,,,Censored No Alarm,0,0,0,0,0,1,0.035226431324037424,,2019-06-01,,0.939
AAG6US4H,0,0,,,,Censored No Alarm,0,0,0,0,0,1,0.0006867419290134839,,2019-03-01,,0.939
AAG6UT0H,0,0,,,,Censored No Alarm,0,0,0,0,0,1,0.0006281162202322838,,2019-06-01,,0.939
AAG6UU8H,0,0,,,,Censored No Alarm,0,0,0,0,0,1,0.033847365765485145,,2019-01-05,,0.939
AAG6UZTH,0,0,,,,Censored No Alarm,0,0,0,0,0,1,0.0006544218275462667,,2019-03-28,,0.939
AAG6V1MH,0,0,,,,Censored No Alarm,0,0,0,0,0,1,0.0008489777781524429,,2019-03-28,,0.939
AAG6V71H,0,0,,,,Censored No Alarm,0,0,0,0,0,1,0.0006767515188995758,,2019-03-01,,0.939
AAG6V7DH,0,0,,,,Censored No Alarm,0,0,0,0,0,1,0.0006544218275462667,,2019-03-01,,0.939
AAG6V7VH,0,0,,,,Censored No Alarm,0,0,0,0,0,1,0.0006867419290134839,,2019-03-01,,0.939
AAG6VHXH,0,0,,,,Censored No Alarm,0,0,0,0,0,1,0.00556078051341112,,2019-06-01,,0.939
AAG6VJKH,0,0,,,,Censored No Alarm,0,0,0,0,0,1,0.0006867419290134839,,2019-03-28,,0.939
AAG6VM8H,0,0,,,,Censored No Alarm,0,0,0,0,0,1,0.0006449012921829455,,2019-03-28,,0.939
AAG6VMBH,0,0,,,,Censored No Alarm,0,0,0,0,0,1,0.0006544218275462667,,2019-03-01,,0.939
AAG6VMGH,0,0,,,,Censored No Alarm,0,0,0,0,0,1,0.0006544218275462667,,2019-03-01,,0.939
AAG6X6JH,0,0,,,,Censored No Alarm,0,0,0,0,0,1,0.04278879308599998,,2019-03-28,,0.939
AAG6XU7H,1,1,2019-06-30,2020-05-23,328.0,Early,0,1,0,1,0,0,1.0,0.9524579731852777,2019-05-04,57.0,0.939
AAG6XWGH,0,0,,,,Censored No Alarm,0,0,0,0,0,1,0.0006996688445225923,,2019-03-01,,0.939
AAG6XWJH,1,0,,2025-04-04,,Missed,0,0,0,0,1,0,0.4357209721590452,,2019-03-28,,0.939
AAG6XXWH,0,0,,,,Censored No Alarm,0,0,0,0,0,1,0.0006867419290134839,,2019-01-05,,0.939
AAG6XYBH,0,0,,,,Censored No Alarm,0,0,0,0,0,1,0.0006544218275462667,,2019-06-01,,0.939
AAG6XYNH,0,0,,,,Censored No Alarm,0,0,0,0,0,1,0.0006544218275462667,,2019-06-01,,0.939
AAG6XZ6H,0,0,,,,Censored No Alarm,0,0,0,0,0,1,0.0006281162202322838,,2019-03-28,,0.939
AAG6XZNH,0,0,,,,Censored No Alarm,0,0,0,0,0,1,0.0006281162202322838,,2019-06-01,,0.939
AAG6Y0GH,0,0,,,,Censored No Alarm,0,0,0,0,0,1,0.000709997326748426,,2019-03-01,,0.939
AAG6Y0KH,0,0,,,,Censored No Alarm,0,0,0,0,0,1,0.0006281162202322838,,2019-01-05,,0.939
AAG6Y1BH,0,0,,,,Censored No Alarm,0,0,0,0,0,1,0.0006867419290134839,,2019-03-02,,0.939
AAG6Y3LH,0,0,,,,Censored No Alarm,0,0,0,0,0,1,0.00423428983362165,,2019-03-28,,0.939
AAG6Y3UH,0,0,,,,Censored No Alarm,0,0,0,0,0,1,0.0006544218275462667,,2019-06-01,,0.939
AAG6Y41H,0,0,,,,Censored No Alarm,0,0,0,0,0,1,0.0006138586012143157,,2019-01-05,,0.939
AAG6Y46H,0,0,,,,Censored No Alarm,0,0,0,0,0,1,0.0008700252172104086,,2019-06-01,,0.939
AAG6YZ1H,0,1,2019-06-17,,,Censored Early,0,0,1,1,0,0,0.9899772929787101,0.9899772929787101,2019-03-28,81.0,0.939
AAG6YZ9H,0,0,,,,Censored No Alarm,0,0,0,0,0,1,0.0006281162202322838,,2019-01-05,,0.939
AAG6Z0DH,0,0,,,,Censored No Alarm,0,0,0,0,0,1,0.05004565185180707,,2019-01-05,,0.939
AAG6Z17H,0,0,,,,Censored No Alarm,0,0,0,0,0,1,0.0006281162202322838,,2019-06-01,,0.939
AAG6Z1MH,0,0,,,,Censored No Alarm,0,0,0,0,0,1,0.0006867419290134839,,2019-03-01,,0.939
AAG6Z1XH,0,0,,,,Censored No Alarm,0,0,0,0,0,1,0.0006544218275462667,,2019-03-01,,0.939
AAG6Z2DH,0,0,,,,Censored No Alarm,0,0,0,0,0,1,0.0006867419290134839,,2019-03-01,,0.939
AAG6Z2RH,0,0,,,,Censored No Alarm,0,0,0,0,0,1,0.0006281162202322838,,2019-06-01,,0.939
AAG6Z42H,1,0,,2024-11-24,,Missed,0,0,0,0,1,0,0.40804871320654257,,2019-01-05,,0.939
AAG6Z4VH,0,0,,,,Censored No Alarm,0,0,0,0,0,1,0.014390482489961503,,2019-03-01,,0.939
AAG6Z53H,0,0,,,,Censored No Alarm,0,0,0,0,0,1,0.0006867419290134839,,2019-05-16,,0.939
AAG6ZJ9H,0,0,,,,Censored No Alarm,0,0,0,0,0,1,0.0006867419290134839,,2019-03-01,,0.939
AAG705GH,0,0,,,,Censored No Alarm,0,0,0,0,0,1,0.0006996688445225923,,2019-03-01,,0.939
AAG7078H,0,0,,,,Censored No Alarm,0,0,0,0,0,1,0.0358567821561477,,2019-05-04,,0.939
AAG70HDH,0,0,,,,Censored No Alarm,0,0,0,0,0,1,0.0006138586012143157,,2019-01-05,,0.939
AAG70JEH,0,0,,,,Censored No Alarm,0,0,0,0,0,1,0.008667781554699003,,2019-06-01,,0.939
AAG70U9H,0,0,,,,Censored No Alarm,0,0,0,0,0,1,0.00791170078261224,,2019-01-05,,0.939
AAG73ZWH,0,0,,,,Censored No Alarm,0,0,0,0,0,1,0.0006544218275462667,,2019-01-05,,0.939
AAG73ZZH,0,0,,,,Censored No Alarm,0,0,0,0,0,1,0.0008130153180942561,,2019-03-28,,0.939
AAG740EH,0,0,,,,Censored No Alarm,0,0,0,0,0,1,0.0006544218275462667,,2019-01-05,,0.939
AAG740NH,0,0,,,,Censored No Alarm,0,0,0,0,0,1,0.0006281162202322838,,2019-06-01,,0.939
AAG740WH,0,0,,,,Censored No Alarm,0,0,0,0,0,1,0.0006348290661193688,,2019-03-01,,0.939
AAG740YH,0,0,,,,Censored No Alarm,0,0,0,0,0,1,0.0006544218275462667,,2019-03-28,,0.939
AAG741PH,0,0,,,,Censored No Alarm,0,0,0,0,0,1,0.0006348290661193688,,2019-03-28,,0.939
AAG742EH,0,0,,,,Censored No Alarm,0,0,0,0,0,1,0.0006867419290134839,,2019-03-28,,0.939
AAG742JH,0,0,,,,Censored No Alarm,0,0,0,0,0,1,0.010837054980851248,,2019-06-01,,0.939
AAG742WH,0,0,,,,Censored No Alarm,0,0,0,0,0,1,0.01694304562568872,,2019-01-05,,0.939
AAG7431H,0,0,,,,Censored No Alarm,0,0,0,0,0,1,0.0013396480825240305,,2019-01-05,,0.939
AAG743EH,0,0,,,,Censored No Alarm,0,0,0,0,0,1,0.0006281162202322838,,2019-06-01,,0.939
AAG743UH,0,0,,,,Censored No Alarm,0,0,0,0,0,1,0.0006544218275462667,,2019-01-05,,0.939
AAG743VH,0,0,,,,Censored No Alarm,0,0,0,0,0,1,0.015238132676200056,,2019-01-05,,0.939
AAG7454H,0,0,,,,Censored No Alarm,0,0,0,0,0,1,0.0006348290661193688,,2019-03-28,,0.939
AAG74DKH,0,0,,,,Censored No Alarm,0,0,0,0,0,1,0.0006138586012143157,,2019-05-04,,0.939
AAG74EAH,1,1,2023-08-03,2025-07-27,724.0,Early,0,1,0,1,0,0,1.0,1.0,2019-05-04,1552.0,0.939
AAG74EBH,0,0,,,,Censored No Alarm,0,0,0,0,0,1,0.0006867419290134839,,2019-03-28,,0.939
AAG74EYH,0,0,,,,Censored No Alarm,0,0,0,0,0,1,0.0006544218275462667,,2019-06-01,,0.939
AAG74EZH,0,1,2019-06-17,,,Censored Early,0,0,1,1,0,0,0.9993714439871587,0.9993714439871587,2019-06-01,16.0,0.939
AAG74VHH,0,0,,,,Censored No Alarm,0,0,0,0,0,1,0.0006867419290134839,,2019-03-01,,0.939
AAG74WRH,0,0,,,,Censored No Alarm,0,0,0,0,0,1,0.0006544218275462667,,2019-06-01,,0.939
AAG76HYH,1,1,2021-08-28,2021-09-29,32.0,Early,0,1,0,1,0,0,1.0,0.9944491250612614,2019-03-02,910.0,0.939
AAG77A5H,0,0,,,,Censored No Alarm,0,0,0,0,0,1,0.0006281162202322838,,2019-06-01,,0.939
AAG799NH,0,0,,,,Censored No Alarm,0,0,0,0,0,1,0.0006544218275462667,,2019-03-02,,0.939
AAG79B0H,0,0,,,,Censored No Alarm,0,0,0,0,0,1,0.0006544218275462667,,2019-03-28,,0.939
AAG7A8EH,0,0,,,,Censored No Alarm,0,0,0,0,0,1,0.0006544218275462667,,2019-06-01,,0.939
AAG7A9KH,0,0,,,,Censored No Alarm,0,0,0,0,0,1,0.0006281162202322838,,2019-01-05,,0.939
AAG7ADMH,0,0,,,,Censored No Alarm,0,0,0,0,0,1,0.0006544218275462667,,2019-05-16,,0.939
AAG7AGWH,0,0,,,,Censored No Alarm,0,0,0,0,0,1,0.0006138586012143157,,2019-05-04,,0.939
AAG7AHMH,0,0,,,,Censored No Alarm,0,0,0,0,0,1,0.0006281162202322838,,2019-06-01,,0.939
AAG7BP3H,0,0,,,,Censored No Alarm,0,0,0,0,0,1,0.0006544218275462667,,2019-06-01,,0.939
AAG7BPKH,0,0,,,,Censored No Alarm,0,0,0,0,0,1,0.0006544218275462667,,2019-06-01,,0.939
AAG7BRGH,0,0,,,,Censored No Alarm,0,0,0,0,0,1,0.0054040929854370185,,2019-01-05,,0.939
AAG7BS8H,0,0,,,,Censored No Alarm,0,0,0,0,0,1,0.0006996688445225923,,2019-03-01,,0.939
AAG7BWAH,0,0,,,,Censored No Alarm,0,0,0,0,0,1,0.0006281162202322838,,2019-03-28,,0.939
AAG7D1SH,0,0,,,,Censored No Alarm,0,0,0,0,0,1,0.0006544218275462667,,2019-06-01,,0.939
AAG7D29H,0,0,,,,Censored No Alarm,0,0,0,0,0,1,0.0006544218275462667,,2019-03-28,,0.939
AAG7D2PH,0,0,,,,Censored No Alarm,0,0,0,0,0,1,0.0006281162202322838,,2019-06-01,,0.939
AAG7D48H,0,0,,,,Censored No Alarm,0,0,0,0,0,1,0.0006544218275462667,,2019-06-01,,0.939
AAG7D4DH,0,0,,,,Censored No Alarm,0,0,0,0,0,1,0.000709997326748426,,2019-03-01,,0.939
AAG7D85H,0,0,,,,Censored No Alarm,0,0,0,0,0,1,0.01532493245206754,,2019-06-01,,0.939
AAG7DPYH,0,0,,,,Censored No Alarm,0,0,0,0,0,1,0.000709997326748426,,2019-03-01,,0.939
AAG7DRDH,0,0,,,,Censored No Alarm,0,0,0,0,0,1,0.0006136097051274012,,2019-03-01,,0.939
AAG7DS9H,0,0,,,,Censored No Alarm,0,0,0,0,0,1,0.012940186800677518,,2019-03-01,,0.939
AAG7DW0H,0,0,,,,Censored No Alarm,0,0,0,0,0,1,0.0006138586012143157,,2019-05-04,,0.939
AAG7E1MH,0,0,,,,Censored No Alarm,0,0,0,0,0,1,0.0006544218275462667,,2019-03-01,,0.939
AAG7E1PH,0,0,,,,Censored No Alarm,0,0,0,0,0,1,0.0054040929854370185,,2019-01-05,,0.939
AAG7E2HH,0,0,,,,Censored No Alarm,0,0,0,0,0,1,0.0006544218275462667,,2019-03-02,,0.939
AAG7LG4H,0,0,,,,Censored No Alarm,0,0,0,0,0,1,0.0006767515188995758,,2019-03-01,,0.939
AAG7LG7H,0,0,,,,Censored No Alarm,0,0,0,0,0,1,0.0006867419290134839,,2019-05-16,,0.939
AAG7LHYH,0,0,,,,Censored No Alarm,0,0,0,0,0,1,0.0006449012921829455,,2019-03-28,,0.939
AAG7LNAH,0,0,,,,Censored No Alarm,0,0,0,0,0,1,0.0006281162202322838,,2019-06-01,,0.939
AAG7LSWH,0,0,,,,Censored No Alarm,0,0,0,0,0,1,0.0006348290661193688,,2019-01-05,,0.939
AAG7LTHH,1,0,,2024-07-29,,Missed,0,0,0,0,1,0,0.4340444290558853,,2019-03-28,,0.939
AAG7LZEH,0,0,,,,Censored No Alarm,0,0,0,0,0,1,0.0007152752265103184,,2019-03-02,,0.939
AAG7M25H,0,0,,,,Censored No Alarm,0,0,0,0,0,1,0.0006544218275462667,,2019-06-01,,0.939
AAG7M3NH,0,0,,,,Censored No Alarm,0,0,0,0,0,1,0.0006544218275462667,,2019-06-01,,0.939
AAG7M3TH,0,0,,,,Censored No Alarm,0,0,0,0,0,1,0.0006867419290134839,,2019-03-28,,0.939
AAG7MMDH,0,0,,,,Censored No Alarm,0,0,0,0,0,1,0.0006867419290134839,,2019-05-16,,0.939
AAG7MP8H,0,0,,,,Censored No Alarm,0,0,0,0,0,1,0.0006544218275462667,,2019-06-01,,0.939
AAG7MULH,1,1,2026-03-08,2026-03-13,5.0,On time,1,0,0,0,0,0,1.0,1.0,2019-03-02,2563.0,0.939
AAG7MUNH,0,0,,,,Censored No Alarm,0,0,0,0,0,1,0.007269795913872484,,2019-06-01,,0.939
AAG7MVMH,0,0,,,,Censored No Alarm,0,0,0,0,0,1,0.0006867419290134839,,2019-03-02,,0.939
AAG7N3ZH,0,0,,,,Censored No Alarm,0,0,0,0,0,1,0.0006544218275462667,,2019-03-28,,0.939
AAG7N5WH,0,0,,,,Censored No Alarm,0,0,0,0,0,1,0.0006544218275462667,,2019-03-28,,0.939
AAG7N62H,0,0,,,,Censored No Alarm,0,0,0,0,0,1,0.0006281162202322838,,2019-06-01,,0.939
AAG7N63H,0,0,,,,Censored No Alarm,0,0,0,0,0,1,0.0006281162202322838,,2019-03-28,,0.939
AAG7N6MH,0,0,,,,Censored No Alarm,0,0,0,0,0,1,0.0006544218275462667,,2019-05-04,,0.939
AAG7PPHH,1,0,,2025-10-28,,Missed,0,0,0,0,1,0,0.48223932795756785,,2019-03-02,,0.939
AAG7R02H,0,0,,,,Censored No Alarm,0,0,0,0,0,1,0.006134417231659876,,2019-06-01,,0.939
AAG7R5VH,0,0,,,,Censored No Alarm,0,0,0,0,0,1,0.0006281162202322838,,2019-06-01,,0.939
AAG7R93H,0,0,,,,Censored No Alarm,0,0,0,0,0,1,0.0006544218275462667,,2019-06-01,,0.939
AAG7RA1H,0,0,,,,Censored No Alarm,0,0,0,0,0,1,0.0006138586012143157,,2019-01-05,,0.939
AAG7RAMH,0,0,,,,Censored No Alarm,0,0,0,0,0,1,0.000709997326748426,,2019-03-02,,0.939
AAG7RBDH,0,0,,,,Censored No Alarm,0,0,0,0,0,1,0.0006138586012143157,,2019-05-04,,0.939
AAG90D8H,0,0,,,,Censored No Alarm,0,0,0,0,0,1,0.0011490566107655593,,2019-05-04,,0.939
AAG9VK6H,0,0,,,,Censored No Alarm,0,0,0,0,0,1,0.0006867419290134839,,2019-03-02,,0.939
AAGA4YNH,0,0,,,,Censored No Alarm,0,0,0,0,0,1,0.0006544218275462667,,2019-06-01,,0.939
AAGA7W1H,1,0,,2023-04-11,,Missed,0,0,0,0,1,0,0.06795076965975005,,2019-03-01,,0.939
AAGA9E3H,0,0,,,,Censored No Alarm,0,0,0,0,0,1,0.0006138586012143157,,2019-05-04,,0.939
AAGH3VWH,0,0,,,,Censored No Alarm,0,0,0,0,0,1,0.0006544218275462667,,2019-05-27,,0.939
AAGMU4TH,0,0,,,,Censored No Alarm,0,0,0,0,0,1,0.0006203214362149576,,2019-05-04,,0.939
AAGN9D2H,1,0,,2023-09-17,,Missed,0,0,0,0,1,0,0.007085133794202459,,2019-05-04,,0.939
AAGP62KH,0,0,,,,Censored No Alarm,0,0,0,0,0,1,0.0006544218275462667,,2019-06-01,,0.939
AAGUS87H,0,0,,,,Censored No Alarm,0,0,0,0,0,1,0.0007081555332576169,,2019-08-14,,0.939
AAGVX4UH,0,0,,,,Censored No Alarm,0,0,0,0,0,1,0.000604270914329274,,2019-05-04,,0.939
AAGWTB0H,0,0,,,,Censored No Alarm,0,0,0,0,0,1,0.41164230705647303,,2019-06-01,,0.939
AAGXDBZH,0,1,2023-12-15,,,Censored Early,0,0,1,1,0,0,1.0,1.0,2019-05-16,1674.0,0.939
AAGXLP2H,0,0,,,,Censored No Alarm,0,0,0,0,0,1,0.0006544218275462667,,2019-06-01,,0.939
AAGXMJSH,0,0,,,,Censored No Alarm,0,0,0,0,0,1,0.0006138586012143157,,2019-05-04,,0.939
AAGXU8YH,0,0,,,,Censored No Alarm,0,0,0,0,0,1,0.0006544218275462667,,2019-05-16,,0.939
AAGXUBRH,0,0,,,,Censored No Alarm,0,0,0,0,0,1,0.0006138586012143157,,2019-05-04,,0.939
AAGXV97H,0,0,,,,Censored No Alarm,0,0,0,0,0,1,0.0006018643735403928,,2024-03-13,,0.939
AAGXW8VH,0,0,,,,Censored No Alarm,0,0,0,0,0,1,0.0006867419290134839,,2019-08-14,,0.939
AAGXWUWH,0,0,,,,Censored No Alarm,0,0,0,0,0,1,0.0007016267633514852,,2019-05-04,,0.939
AAGXY3MH,1,0,,2025-04-09,,Missed,0,0,0,0,1,0,0.01646526860203664,,2019-05-16,,0.939
AAH22T7H,0,0,,,,Censored No Alarm,0,0,0,0,0,1,0.2525187185820738,,2019-05-04,,0.939
AAH4NTGH,0,0,,,,Censored No Alarm,0,0,0,0,0,1,0.0006138586012143157,,2019-05-04,,0.939
AAH6DU2H,0,0,,,,Censored No Alarm,0,0,0,0,0,1,0.9081696264825727,,2019-08-14,,0.939
AAH78SAH,0,0,,,,Censored No Alarm,0,0,0,0,0,1,0.0006138586012143157,,2019-05-04,,0.939
AAH7HJSH,0,0,,,,Censored No Alarm,0,0,0,0,0,1,0.0006138586012143157,,2019-05-04,,0.939
AAH7HKHH,0,0,,,,Censored No Alarm,0,0,0,0,0,1,0.0006867419290134839,,2019-05-04,,0.939
AAH7HNDH,0,0,,,,Censored No Alarm,0,0,0,0,0,1,0.0006544218275462667,,2019-05-04,,0.939
AAH7X19H,0,0,,,,Censored No Alarm,0,0,0,0,0,1,0.0006138586012143157,,2019-05-04,,0.939
AAH86SEH,0,0,,,,Censored No Alarm,0,0,0,0,0,1,0.0006138586012143157,,2019-05-04,,0.939
AAH8BLDH,0,0,,,,Censored No Alarm,0,0,0,0,0,1,0.0006867419290134839,,2019-05-04,,0.939
AAH8HPVH,0,0,,,,Censored No Alarm,0,0,0,0,0,1,0.21397990158595084,,2019-05-04,,0.939
AAH8LPUH,0,0,,,,Censored No Alarm,0,0,0,0,0,1,0.0006138586012143157,,2019-05-04,,0.939
AAH8P7WH,0,0,,,,Censored No Alarm,0,0,0,0,0,1,0.0006348290661193688,,2019-05-27,,0.939
AAH8R0LH,0,0,,,,Censored No Alarm,0,0,0,0,0,1,0.0006867419290134839,,2019-05-04,,0.939
AAH8RG4H,0,0,,,,Censored No Alarm,0,0,0,0,0,1,0.0006867419290134839,,2019-05-04,,0.939
AAH8V76H,0,0,,,,Censored No Alarm,0,0,0,0,0,1,0.0006081789605130607,,2019-05-04,,0.939
AAH8V7KH,0,0,,,,Censored No Alarm,0,0,0,0,0,1,0.0006409744062023602,,2019-05-04,,0.939
AAH90NAH,1,0,,2023-04-19,,Missed,0,0,0,0,1,0,0.016746586229248364,,2019-05-04,,0.939
AAH919BH,0,0,,,,Censored No Alarm,0,0,0,0,0,1,0.0006867419290134839,,2019-05-04,,0.939
AAH9285H,0,0,,,,Censored No Alarm,0,0,0,0,0,1,0.0006138586012143157,,2019-05-04,,0.939
AAH92GHH,0,0,,,,Censored No Alarm,0,0,0,0,0,1,0.0006544218275462667,,2019-05-04,,0.939
AAH92HRH,0,0,,,,Censored No Alarm,0,0,0,0,0,1,0.0006138586012143157,,2019-05-04,,0.939
AAH92JGH,0,0,,,,Censored No Alarm,0,0,0,0,0,1,0.0007061004192707045,,2019-05-04,,0.939
AAH92V3H,0,0,,,,Censored No Alarm,0,0,0,0,0,1,0.0006281162202322838,,2019-05-04,,0.939
AAH9301H,1,0,,2023-12-23,,Missed,0,0,0,0,1,0,0.05883267779760506,,2019-05-04,,0.939
AAH9305H,0,0,,,,Censored No Alarm,0,0,0,0,0,1,0.0006867419290134839,,2019-05-04,,0.939
AAH9307H,1,0,,2023-04-09,,Missed,0,0,0,0,1,0,0.008611511121510295,,2019-05-04,,0.939
AAH93MDH,0,0,,,,Censored No Alarm,0,0,0,0,0,1,0.015451451708491921,,2019-05-04,,0.939
AAH93RZH,0,0,,,,Censored No Alarm,0,0,0,0,0,1,0.006749951681568031,,2019-05-04,,0.939
AAH953TH,0,0,,,,Censored No Alarm,0,0,0,0,0,1,0.053903230592554925,,2019-05-04,,0.939
AAH9618H,0,0,,,,Censored No Alarm,0,0,0,0,0,1,0.000950915076714404,,2019-05-04,,0.939
AAH9689H,0,0,,,,Censored No Alarm,0,0,0,0,0,1,0.000604270914329274,,2019-05-04,,0.939
AAH96AUH,0,1,2019-10-17,,,Censored Early,0,0,1,1,0,0,0.9952646845775888,0.9952646845775888,2019-05-04,166.0,0.939
AAH97BZH,0,1,2025-06-25,,,Censored Early,0,0,1,1,0,0,1.0,1.0,2019-05-04,2244.0,0.939
AAH99PNH,0,0,,,,Censored No Alarm,0,0,0,0,0,1,0.0006281162202322838,,2019-05-04,,0.939
AAH9BERH,0,0,,,,Censored No Alarm,0,0,0,0,0,1,0.0006081789605130607,,2019-05-04,,0.939
AAHAS1MH,0,0,,,,Censored No Alarm,0,0,0,0,0,1,0.0006348290661193688,,2019-05-27,,0.939
AAHAS9TH,0,0,,,,Censored No Alarm,0,0,0,0,0,1,0.0006348290661193688,,2019-05-27,,0.939
AAHB6YXH,0,0,,,,Censored No Alarm,0,0,0,0,0,1,0.0006348290661193688,,2019-05-27,,0.939
AAHB8Z9H,0,0,,,,Censored No Alarm,0,0,0,0,0,1,0.0006281162202322838,,2019-05-27,,0.939
AAHBKUHH,0,0,,,,Censored No Alarm,0,0,0,0,0,1,0.0006544218275462667,,2019-05-27,,0.939
AAHD7S9H,0,0,,,,Censored No Alarm,0,0,0,0,0,1,0.0006449012921829455,,2019-05-19,,0.939
AAHDJD5H,0,0,,,,Censored No Alarm,0,0,0,0,0,1,0.0006348290661193688,,2019-05-27,,0.939
AAHDJDSH,0,0,,,,Censored No Alarm,0,0,0,0,0,1,0.0006281162202322838,,2019-05-27,,0.939
AAHDJH3H,0,0,,,,Censored No Alarm,0,0,0,0,0,1,0.0006281162202322838,,2019-05-27,,0.939
AAHDUS5H,0,0,,,,Censored No Alarm,0,0,0,0,0,1,0.0006348290661193688,,2019-05-27,,0.939
AAHDUT6H,0,0,,,,Censored No Alarm,0,0,0,0,0,1,0.0006544218275462667,,2019-05-27,,0.939
AAHDYR0H,0,0,,,,Censored No Alarm,0,0,0,0,0,1,0.0006544218275462667,,2019-05-27,,0.939
AAHE23AH,0,0,,,,Censored No Alarm,0,0,0,0,0,1,0.0006281162202322838,,2019-05-27,,0.939
AAHE4SAH,0,0,,,,Censored No Alarm,0,0,0,0,0,1,0.0006348290661193688,,2019-05-27,,0.939
AAHEAGWH,0,0,,,,Censored No Alarm,0,0,0,0,0,1,0.0006348290661193688,,2019-05-27,,0.939
AAHEAHLH,0,0,,,,Censored No Alarm,0,0,0,0,0,1,0.0006544218275462667,,2019-05-27,,0.939
AAHED32H,0,0,,,,Censored No Alarm,0,0,0,0,0,1,0.0006544218275462667,,2019-05-27,,0.939
AAHED3GH,0,0,,,,Censored No Alarm,0,0,0,0,0,1,0.03071465557001454,,2019-05-27,,0.939
AAHED8NH,0,0,,,,Censored No Alarm,0,0,0,0,0,1,0.0006281162202322838,,2019-05-27,,0.939
AAHED98H,0,0,,,,Censored No Alarm,0,0,0,0,0,1,0.0006544218275462667,,2019-05-27,,0.939
AAHEEVKH,0,0,,,,Censored No Alarm,0,0,0,0,0,1,0.0006348290661193688,,2019-05-27,,0.939
AAHEHEEH,0,0,,,,Censored No Alarm,0,0,0,0,0,1,0.0006281162202322838,,2019-05-27,,0.939
AAHEHHMH,0,0,,,,Censored No Alarm,0,0,0,0,0,1,0.0006281162202322838,,2019-05-27,,0.939
AAHEHJ0H,0,0,,,,Censored No Alarm,0,0,0,0,0,1,0.0006544218275462667,,2019-06-01,,0.939
AAHEHJ1H,0,0,,,,Censored No Alarm,0,0,0,0,0,1,0.0006281162202322838,,2019-05-27,,0.939
AAHEHL5H,0,0,,,,Censored No Alarm,0,0,0,0,0,1,0.0006544218275462667,,2019-05-27,,0.939
AAHEHP8H,0,0,,,,Censored No Alarm,0,0,0,0,0,1,0.0006544218275462667,,2019-05-27,,0.939
AAHEHRSH,0,0,,,,Censored No Alarm,0,0,0,0,0,1,0.0006348290661193688,,2019-05-27,,0.939
AAHEHS0H,0,0,,,,Censored No Alarm,0,0,0,0,0,1,0.0006281162202322838,,2019-05-27,,0.939
AAHEHTDH,0,0,,,,Censored No Alarm,0,0,0,0,0,1,0.0006348290661193688,,2019-05-27,,0.939
AAHEHTNH,0,0,,,,Censored No Alarm,0,0,0,0,0,1,0.0006544218275462667,,2019-05-27,,0.939
AAHEHTPH,0,0,,,,Censored No Alarm,0,0,0,0,0,1,0.0006348290661193688,,2019-05-27,,0.939
AAHEHVUH,0,0,,,,Censored No Alarm,0,0,0,0,0,1,0.0007411150886136946,,2019-05-27,,0.939
AAHEHY7H,0,0,,,,Censored No Alarm,0,0,0,0,0,1,0.0006281162202322838,,2019-05-27,,0.939
AAHEHZ2H,0,0,,,,Censored No Alarm,0,0,0,0,0,1,0.0006348290661193688,,2019-05-27,,0.939
AAHEHZPH,0,0,,,,Censored No Alarm,0,0,0,0,0,1,0.000630163628722679,,2019-05-27,,0.939
AAHEHZXH,0,0,,,,Censored No Alarm,0,0,0,0,0,1,0.0006544218275462667,,2019-05-27,,0.939
AAHEJ43H,0,0,,,,Censored No Alarm,0,0,0,0,0,1,0.0006281162202322838,,2019-05-27,,0.939
AAHEJ4KH,0,0,,,,Censored No Alarm,0,0,0,0,0,1,0.0006348290661193688,,2019-05-27,,0.939
AAHEJ76H,0,0,,,,Censored No Alarm,0,0,0,0,0,1,0.0006348290661193688,,2019-05-27,,0.939
AAHEJDXH,0,0,,,,Censored No Alarm,0,0,0,0,0,1,0.0006544218275462667,,2019-05-27,,0.939
AAHEJE4H,0,0,,,,Censored No Alarm,0,0,0,0,0,1,0.0006544218275462667,,2019-05-27,,0.939
AAHEJHKH,0,0,,,,Censored No Alarm,0,0,0,0,0,1,0.0006281162202322838,,2019-05-27,,0.939
AAHGYKJH,1,0,,2024-07-24,,Missed,0,0,0,0,1,0,0.007205820504996831,,2019-08-13,,0.939
AAHH59AH,0,0,,,,Censored No Alarm,0,0,0,0,0,1,0.0006348290661193688,,2019-08-14,,0.939
AAHHAXAH,0,0,,,,Censored No Alarm,0,0,0,0,0,1,0.0006348290661193688,,2019-08-13,,0.939
AAHHXJ2H,0,0,,,,Censored No Alarm,0,0,0,0,0,1,0.004860361986579844,,2019-08-13,,0.939
AAHJG5XH,0,0,,,,Censored No Alarm,0,0,0,0,0,1,0.0006767515188995758,,2019-08-14,,0.939
AAHJP8BH,0,0,,,,Censored No Alarm,0,0,0,0,0,1,0.00800442023530165,,2019-06-01,,0.939
AAHK5PUH,0,0,,,,Censored No Alarm,0,0,0,0,0,1,0.000767946345055831,,2019-06-01,,0.939
AAHK8NRH,0,0,,,,Censored No Alarm,0,0,0,0,0,1,0.0006767515188995758,,2019-08-13,,0.939
AAHKERJH,1,0,,2026-01-13,,Missed,0,0,0,0,1,0,0.034218557010123316,,2019-08-13,,0.939
AAHKKR8H,0,0,,,,Censored No Alarm,0,0,0,0,0,1,0.0006867419290134839,,2019-08-14,,0.939
AAHKLDKH,0,0,,,,Censored No Alarm,0,0,0,0,0,1,0.0006544218275462667,,2019-06-01,,0.939
AAHKM55H,1,0,,2025-03-25,,Missed,0,0,0,0,1,0,0.8746026918290131,,2019-08-14,,0.939
AAHKMW2H,1,0,,2022-01-12,,Missed,0,0,0,0,1,0,0.040490343351677886,,2019-06-01,,0.939
AAHKS17H,1,1,2025-02-16,2025-07-07,141.0,Early,0,1,0,1,0,0,1.0,1.0,2019-06-01,2087.0,0.939
AAHKWLAH,0,0,,,,Censored No Alarm,0,0,0,0,0,1,0.4553338235923278,,2019-08-14,,0.939
AAHKX43H,1,0,,2019-11-25,,Missed,0,0,0,0,1,0,0.8723712522271743,,2019-08-14,,0.939
AAHKXKYH,0,0,,,,Censored No Alarm,0,0,0,0,0,1,0.013917745127974725,,2019-08-13,,0.939
AAHKXLYH,0,0,,,,Censored No Alarm,0,0,0,0,0,1,0.0006867419290134839,,2019-08-14,,0.939
AAHKXNHH,0,0,,,,Censored No Alarm,0,0,0,0,0,1,0.02410876011576026,,2019-08-14,,0.939
AAHKXZ7H,0,0,,,,Censored No Alarm,0,0,0,0,0,1,0.0006348290661193688,,2019-08-14,,0.939
AAHKYETH,0,0,,,,Censored No Alarm,0,0,0,0,0,1,0.0006544218275462667,,2019-05-16,,0.939
AAHL0PKH,0,0,,,,Censored No Alarm,0,0,0,0,0,1,0.007677558791996406,,2019-08-13,,0.939
AAHL0TLH,0,0,,,,Censored No Alarm,0,0,0,0,0,1,0.009871362917174713,,2019-06-01,,0.939
AAHL4K8H,0,0,,,,Censored No Alarm,0,0,0,0,0,1,0.00556078051341112,,2019-05-16,,0.939
AAHL5LRH,1,0,,2024-09-01,,Missed,0,0,0,0,1,0,0.0638297113892267,,2019-08-13,,0.939
AAHL9A9H,0,0,,,,Censored No Alarm,0,0,0,0,0,1,0.012527227551608846,,2019-08-13,,0.939
AAHL9XJH,0,0,,,,Censored No Alarm,0,0,0,0,0,1,0.008478691565988336,,2019-08-14,,0.939
AAHL9XLH,0,0,,,,Censored No Alarm,0,0,0,0,0,1,0.0006867419290134839,,2019-08-14,,0.939
AAHL9Y3H,0,0,,,,Censored No Alarm,0,0,0,0,0,1,0.0006544218275462667,,2019-08-14,,0.939
AAHL9YAH,0,0,,,,Censored No Alarm,0,0,0,0,0,1,0.0006348290661193688,,2019-08-14,,0.939
AAHL9ZYH,0,0,,,,Censored No Alarm,0,0,0,0,0,1,0.0006544218275462667,,2019-08-14,,0.939
AAHLBTZH,1,0,,2025-07-26,,Missed,0,0,0,0,1,0,0.36167045510698126,,2019-08-14,,0.939
AAHLBWGH,1,0,,2025-08-30,,Missed,0,0,0,0,1,0,0.08045690901154433,,2019-08-14,,0.939
AAHLBWSH,1,0,,2023-12-11,,Missed,0,0,0,0,1,0,0.09013297888184683,,2019-08-13,,0.939
AAHLBXVH,0,0,,,,Censored No Alarm,0,0,0,0,0,1,0.03932389983093559,,2019-08-14,,0.939
AAHLD3UH,1,0,,2025-03-11,,Missed,0,0,0,0,1,0,0.45023989895204825,,2019-08-13,,0.939
AAHLS5JH,0,0,,,,Censored No Alarm,0,0,0,0,0,1,0.0006544218275462667,,2019-05-16,,0.939
AAHLS7ZH,0,0,,,,Censored No Alarm,0,0,0,0,0,1,0.0006348290661193688,,2019-05-16,,0.939
AAHLS8YH,0,0,,,,Censored No Alarm,0,0,0,0,0,1,0.14239939949597935,,2019-05-16,,0.939
AAHLS9UH,0,0,,,,Censored No Alarm,0,0,0,0,0,1,0.0006544218275462667,,2019-05-16,,0.939
AAHLV30H,0,0,,,,Censored No Alarm,0,0,0,0,0,1,0.0006281162202322838,,2019-05-16,,0.939
AAHLV40H,1,0,,2019-08-05,,Missed,0,0,0,0,1,0,0.5619670128276263,,2019-05-16,,0.939
AAHLV47H,0,0,,,,Censored No Alarm,0,0,0,0,0,1,0.0006544218275462667,,2019-05-16,,0.939
AAHLVTVH,0,0,,,,Censored No Alarm,0,0,0,0,0,1,0.0006544218275462667,,2019-05-27,,0.939
AAHLWE3H,0,0,,,,Censored No Alarm,0,0,0,0,0,1,0.0006348290661193688,,2019-05-27,,0.939
AAHLWKXH,0,0,,,,Censored No Alarm,0,0,0,0,0,1,0.000630163628722679,,2019-05-16,,0.939
AAHLWM3H,0,0,,,,Censored No Alarm,0,0,0,0,0,1,0.0006867419290134839,,2019-05-27,,0.939
AAHLXJ1H,0,0,,,,Censored No Alarm,0,0,0,0,0,1,0.011485920020787035,,2019-05-04,,0.939
AAHLXJ9H,0,0,,,,Censored No Alarm,0,0,0,0,0,1,0.0006138586012143157,,2019-05-04,,0.939
AAHLXL5H,0,0,,,,Censored No Alarm,0,0,0,0,0,1,0.0006867419290134839,,2019-08-13,,0.939
AAHLXTXH,0,0,,,,Censored No Alarm,0,0,0,0,0,1,0.02280301012931916,,2019-05-16,,0.939
AAHLY01H,0,0,,,,Censored No Alarm,0,0,0,0,0,1,0.0011950626848522877,,2019-05-27,,0.939
AAHLY04H,0,0,,,,Censored No Alarm,0,0,0,0,0,1,0.0006138586012143157,,2019-05-04,,0.939
AAHLY2TH,0,0,,,,Censored No Alarm,0,0,0,0,0,1,0.0006867419290134839,,2019-05-27,,0.939
AAHLY31H,1,0,,2025-07-25,,Missed,0,0,0,0,1,0,0.4985416767036875,,2019-08-13,,0.939
AAHLYJRH,0,0,,,,Censored No Alarm,0,0,0,0,0,1,0.0006348290661193688,,2019-05-27,,0.939
AAHLYY6H,0,0,,,,Censored No Alarm,0,0,0,0,0,1,0.0006544218275462667,,2019-05-16,,0.939
AAHM227H,0,0,,,,Censored No Alarm,0,0,0,0,0,1,0.0006544218275462667,,2019-08-13,,0.939
AAHM4E6H,0,0,,,,Censored No Alarm,0,0,0,0,0,1,0.0006348290661193688,,2019-05-27,,0.939
AAHM4HSH,0,0,,,,Censored No Alarm,0,0,0,0,0,1,0.0006138586012143157,,2019-05-04,,0.939
AAHM4KJH,0,0,,,,Censored No Alarm,0,0,0,0,0,1,0.0006544218275462667,,2019-08-13,,0.939
AAHM4S6H,0,0,,,,Censored No Alarm,0,0,0,0,0,1,0.0006138586012143157,,2019-05-04,,0.939
AAHM4S8H,0,0,,,,Censored No Alarm,0,0,0,0,0,1,0.0006138586012143157,,2019-05-04,,0.939
AAHM4SSH,0,0,,,,Censored No Alarm,0,0,0,0,0,1,0.0006544218275462667,,2019-05-04,,0.939
AAHM4T2H,0,0,,,,Censored No Alarm,0,0,0,0,0,1,0.0006138586012143157,,2019-05-04,,0.939
AAHM4T6H,0,0,,,,Censored No Alarm,0,0,0,0,0,1,0.0006544218275462667,,2019-08-13,,0.939
AAHM4TRH,0,0,,,,Censored No Alarm,0,0,0,0,0,1,0.0006348290661193688,,2019-08-13,,0.939
AAHM4UYH,0,0,,,,Censored No Alarm,0,0,0,0,0,1,0.0006138586012143157,,2019-05-04,,0.939
AAHM4WBH,0,0,,,,Censored No Alarm,0,0,0,0,0,1,0.0006348290661193688,,2019-05-16,,0.939
AAHM4WEH,0,0,,,,Censored No Alarm,0,0,0,0,0,1,0.0006138586012143157,,2019-05-04,,0.939
AAHM4XGH,0,0,,,,Censored No Alarm,0,0,0,0,0,1,0.0006867419290134839,,2019-08-14,,0.939
AAHM5Z4H,0,0,,,,Censored No Alarm,0,0,0,0,0,1,0.0006138586012143157,,2019-05-04,,0.939
AAHM5Z9H,0,0,,,,Censored No Alarm,0,0,0,0,0,1,0.0007940016610031561,,2019-05-04,,0.939
AAHM5ZHH,0,0,,,,Censored No Alarm,0,0,0,0,0,1,0.0006138586012143157,,2019-05-04,,0.939
AAHMD6GH,0,0,,,,Censored No Alarm,0,0,0,0,0,1,0.0006348290661193688,,2019-05-04,,0.939
AAHME7KH,0,0,,,,Censored No Alarm,0,0,0,0,0,1,0.0006867419290134839,,2019-05-16,,0.939
AAHMGV8H,0,0,,,,Censored No Alarm,0,0,0,0,0,1,0.0006348290661193688,,2019-05-27,,0.939
AAHMH4LH,0,0,,,,Censored No Alarm,0,0,0,0,0,1,0.0006138586012143157,,2019-05-04,,0.939
AAHML65H,0,0,,,,Censored No Alarm,0,0,0,0,0,1,0.0006767515188995758,,2019-05-16,,0.939
AAHMN38H,0,0,,,,Censored No Alarm,0,0,0,0,0,1,0.053903230592554925,,2019-05-16,,0.939
AAHMR03H,1,1,2025-11-13,2025-11-26,13.0,On time,1,0,0,0,0,0,0.9981859569485119,0.9980493081303331,2019-05-16,2373.0,0.939
AAHMR2ZH,1,0,,2024-01-31,,Missed,0,0,0,0,1,0,0.006159428166098686,,2019-05-16,,0.939
AAHMSNRH,0,0,,,,Censored No Alarm,0,0,0,0,0,1,0.0006767515188995758,,2019-05-16,,0.939
AAHMUYLH,0,0,,,,Censored No Alarm,0,0,0,0,0,1,0.0006867419290134839,,2019-05-16,,0.939
AAHMW6RH,0,0,,,,Censored No Alarm,0,0,0,0,0,1,0.00423428983362165,,2019-05-16,,0.939
AAHMW7NH,0,0,,,,Censored No Alarm,0,0,0,0,0,1,0.0006544218275462667,,2019-05-16,,0.939
