serial_number,has_failed,alarm_triggered,first_alarm_date,actual_failure_date,days_to_failure_at_alarm,is_hit,is_fp_early,is_fp_cens,is_false_alarm,is_miss,is_correct_rejection,max_predicted_score,alarm_predicted_score,first_seen_date,days_since_observed
2AG61PSY,0,0,,,,0,0,0,0,0,1,0.0007436745218001306,,2019-05-27,
2AG8AVRY,0,0,,,,0,0,0,0,0,1,0.0008485026191920042,,2019-08-14,
2AGEGU7Y,0,0,,,,0,0,0,0,0,1,0.0015530481468886137,,2019-05-27,
2AGEU1JY,0,1,2025-05-19,,,0,0,1,1,0,0,0.29166683554649353,0.20923247933387756,2019-06-01,2179.0
2AGG48NY,0,0,,,,0,0,0,0,0,1,0.000536079634912312,,2019-05-27,
2AGG7H1Y,0,0,,,,0,0,0,0,0,1,0.000674251583404839,,2019-05-27,
2AGGHGJY,1,0,,2024-11-19,,0,0,0,0,1,0,0.11866740137338638,,2019-05-16,
2AGGHLEY,0,0,,,,0,0,0,0,0,1,0.0013015368022024632,,2019-06-01,
2AGGHM0Y,0,0,,,,0,0,0,0,0,1,0.000588687660638243,,2019-05-27,
2AGGHMUY,0,0,,,,0,0,0,0,0,1,0.002201553899794817,,2019-05-16,
2AGGHR1Y,0,0,,,,0,0,0,0,0,1,0.0025249957107007504,,2019-05-27,
2AGGHR7Y,0,0,,,,0,0,0,0,0,1,0.0006731905159540474,,2019-05-27,
2AGGL0UY,1,1,2022-02-26,2022-02-27,1.0,1,0,0,0,0,0,0.2955775260925293,0.21119168400764465,2019-05-27,1006.0
2AGGR3NY,0,0,,,,0,0,0,0,0,1,0.03722553327679634,,2019-05-27,
2AGGZNJY,0,0,,,,0,0,0,0,0,1,0.0020132563076913357,,2019-05-27,
2AGH31BY,1,0,,2023-11-01,,0,0,0,0,1,0,0.05702458694577217,,2019-05-27,
2AGH31PY,1,0,,2024-11-18,,0,0,0,0,1,0,0.06576073169708252,,2019-05-27,
2AGH33SY,1,1,2025-03-01,2025-05-08,68.0,0,1,0,1,0,0,0.35397931933403015,0.2416192591190338,2019-05-27,2105.0
2AGH34HY,0,0,,,,0,0,0,0,0,1,0.09984522312879562,,2019-05-27,
2AGH34PY,0,0,,,,0,0,0,0,0,1,0.001082990667782724,,2019-05-27,
2AGH35GY,0,0,,,,0,0,0,0,0,1,0.0008459980017505586,,2019-05-27,
2AGHB9XY,1,0,,2024-12-02,,0,0,0,0,1,0,0.04221723973751068,,2019-05-27,
2AGHDYHY,0,0,,,,0,0,0,0,0,1,0.0018996376311406493,,2019-05-27,
2AGHEP9Y,1,0,,2024-07-26,,0,0,0,0,1,0,0.02742828242480755,,2019-05-27,
2AGHGR1Y,0,0,,,,0,0,0,0,0,1,0.001994068967178464,,2019-05-27,
2AGHGRLY,0,0,,,,0,0,0,0,0,1,0.00997159630060196,,2019-05-27,
2AGHGRRY,0,0,,,,0,0,0,0,0,1,0.0011329720728099346,,2019-05-27,
2AGHJD4Y,0,1,2025-08-16,,,0,0,1,1,0,0,0.43689683079719543,0.15158982574939728,2019-06-01,2268.0
2AGHK55Y,0,0,,,,0,0,0,0,0,1,0.0005920166149735451,,2019-05-27,
2AGHK8MY,0,0,,,,0,0,0,0,0,1,0.0008766851969994605,,2019-05-27,
2AGHLEUY,1,0,,2023-11-06,,0,0,0,0,1,0,0.025687851011753082,,2019-05-27,
2AGHLGTY,1,1,2025-02-28,2025-08-05,158.0,0,1,0,1,0,0,0.19991964101791382,0.18835076689720154,2019-05-27,2104.0
2AGHLKHY,0,0,,,,0,0,0,0,0,1,0.0014671505196020007,,2019-05-27,
2AGHLMXY,0,0,,,,0,0,0,0,0,1,0.0013207272859290242,,2019-05-27,
2AGHLN0Y,0,0,,,,0,0,0,0,0,1,0.0011820427607744932,,2019-05-27,
2AGHMUTY,0,0,,,,0,0,0,0,0,1,0.0008496131049469113,,2019-05-27,
2AGHMUYY,0,0,,,,0,0,0,0,0,1,0.0032141809351742268,,2019-06-01,
2AGHMW5Y,0,0,,,,0,0,0,0,0,1,0.053575772792100906,,2019-05-27,
2AGHMXGY,1,0,,2023-05-14,,0,0,0,0,1,0,0.01856173388659954,,2019-05-27,
2AGHMYTY,0,0,,,,0,0,0,0,0,1,0.0766872987151146,,2019-05-27,
2AGHMZMY,0,0,,,,0,0,0,0,0,1,0.0008438141667284071,,2019-05-27,
2AGHN0TY,1,1,2020-08-24,2020-10-22,59.0,0,1,0,1,0,0,0.6315736770629883,0.1636735498905182,2019-05-27,455.0
2AGHN0WY,0,0,,,,0,0,0,0,0,1,0.0031264517456293106,,2019-05-27,
2AGHN16Y,0,0,,,,0,0,0,0,0,1,0.0009490633965469897,,2019-05-27,
2AGHN2AY,0,0,,,,0,0,0,0,0,1,0.0009810933843255043,,2019-05-27,
2AGHN3XY,0,0,,,,0,0,0,0,0,1,0.0016081249341368675,,2019-05-27,
2AGHPDKY,0,0,,,,0,0,0,0,0,1,0.0008952611242420971,,2019-05-27,
2AGHSJ4Y,0,0,,,,0,0,0,0,0,1,0.0005507927271537483,,2019-05-27,
2AGHSS9Y,0,0,,,,0,0,0,0,0,1,0.0009972464758902788,,2019-05-27,
2AGHTBYY,1,1,2023-09-14,2025-01-25,499.0,0,1,0,1,0,0,0.5521289706230164,0.1631084382534027,2019-05-27,1571.0
2AGHTGEY,1,1,2023-03-01,2023-03-14,13.0,1,0,0,0,0,0,0.18891341984272003,0.16279862821102142,2019-05-27,1374.0
2AGHTKBY,0,0,,,,0,0,0,0,0,1,0.01387854479253292,,2019-05-27,
2AGLY65Y,1,0,,2023-11-20,,0,0,0,0,1,0,0.02677452564239502,,2019-08-13,
2AGM231Y,0,0,,,,0,0,0,0,0,1,0.002774385502561927,,2019-05-04,
2AGM23NY,0,0,,,,0,0,0,0,0,1,0.00296661164611578,,2019-05-04,
2AGM5UVY,0,0,,,,0,0,0,0,0,1,0.09788148105144501,,2019-05-16,
2AGM5V7Y,1,1,2024-12-22,2025-12-05,348.0,0,1,0,1,0,0,0.3156264126300812,0.24303844571113586,2019-05-16,2047.0
2AGM5VBY,0,0,,,,0,0,0,0,0,1,0.08113648742437363,,2019-05-16,
2AGM5VHY,1,0,,2025-01-18,,0,0,0,0,1,0,0.016177762299776077,,2019-08-14,
2AGM5W9Y,1,0,,2025-01-16,,0,0,0,0,1,0,0.04235096275806427,,2019-05-16,
2AGM5YEY,0,0,,,,0,0,0,0,0,1,0.01089137140661478,,2019-05-04,
2AGM8EMY,1,0,,2024-10-29,,0,0,0,0,1,0,0.09541565924882889,,2019-05-16,
2AGM8EUY,0,0,,,,0,0,0,0,0,1,0.0012432223884388804,,2019-05-27,
2AGM8J2Y,0,0,,,,0,0,0,0,0,1,0.0023393367882817984,,2019-05-16,
2AGM8JAY,0,0,,,,0,0,0,0,0,1,0.0017723697237670422,,2019-05-16,
2AGM8LNY,0,1,2024-10-23,,,0,0,1,1,0,0,0.28079456090927124,0.21357393264770508,2019-05-04,1999.0
2AGM8RJY,0,0,,,,0,0,0,0,0,1,0.018777228891849518,,2019-08-13,
2AGM8RTY,0,0,,,,0,0,0,0,0,1,0.04040781036019325,,2019-05-16,
2AGM8UNY,1,1,2025-10-18,2026-03-12,145.0,0,1,0,1,0,0,0.5568982362747192,0.1829976737499237,2019-08-13,2258.0
2AGM8V7Y,0,0,,,,0,0,0,0,0,1,0.002830903045833111,,2019-05-16,
2AGM9MXY,1,0,,2025-09-21,,0,0,0,0,1,0,0.03733045980334282,,2019-05-04,
2AGM9PJY,0,0,,,,0,0,0,0,0,1,0.12148692458868027,,2019-05-04,
2AGM9RGY,1,0,,2022-12-23,,0,0,0,0,1,0,0.0009553345153108239,,2019-05-16,
2AGM9S6Y,0,0,,,,0,0,0,0,0,1,0.01092243567109108,,2019-05-16,
2AGM9SDY,0,0,,,,0,0,0,0,0,1,0.001900465227663517,,2019-05-04,
2AGM9U1Y,0,0,,,,0,0,0,0,0,1,0.0013028477551415563,,2019-05-16,
2AGMDJKY,0,0,,,,0,0,0,0,0,1,0.002864167559891939,,2019-05-04,
2AGMDUAY,1,0,,2023-02-04,,0,0,0,0,1,0,0.02235383354127407,,2019-05-16,
2AGMDY1Y,0,0,,,,0,0,0,0,0,1,0.026997841894626617,,2019-08-14,
2AGME0XY,1,1,2024-01-17,2024-05-29,133.0,0,1,0,1,0,0,0.16890016198158264,0.1521010398864746,2019-05-16,1707.0
2AGME3BY,0,0,,,,0,0,0,0,0,1,0.0075472560711205006,,2019-05-16,
2AGME9PY,1,1,2024-08-06,2024-08-06,0.0,1,0,0,0,0,0,0.16445153951644897,0.16445153951644897,2019-08-13,1820.0
2AGMGAYY,0,0,,,,0,0,0,0,0,1,0.0030929837375879288,,2019-05-16,
2AGMGDPY,0,0,,,,0,0,0,0,0,1,0.0013134566834196448,,2019-08-13,
2AGMGKLY,0,0,,,,0,0,0,0,0,1,0.0007026560488156974,,2019-08-13,
2AGMGXEY,0,0,,,,0,0,0,0,0,1,0.0006897850544191897,,2019-08-14,
2AGMH2YY,1,0,,2024-12-10,,0,0,0,0,1,0,0.07667350769042969,,2019-05-16,
2AGMH3JY,0,0,,,,0,0,0,0,0,1,0.00195557763800025,,2019-05-16,
2AGMHK6Y,0,0,,,,0,0,0,0,0,1,0.012348655611276627,,2019-05-04,
2AGMHPEY,1,0,,2024-06-25,,0,0,0,0,1,0,0.016023319214582443,,2019-06-01,
2AGMHRYY,1,0,,2024-05-16,,0,0,0,0,1,0,0.14319097995758057,,2019-05-16,
2AGMHTLY,0,0,,,,0,0,0,0,0,1,0.0027967148926109076,,2019-05-04,
2AGMHU7Y,1,0,,2024-07-08,,0,0,0,0,1,0,0.016107438132166862,,2019-05-04,
2AGMHVTY,0,0,,,,0,0,0,0,0,1,0.0014677912695333362,,2019-05-16,
2AGMHWAY,1,1,2023-03-25,2023-09-22,181.0,0,1,0,1,0,0,0.23818740248680115,0.15596917271614075,2019-08-14,1319.0
2AGMHXDY,1,1,2025-05-29,2025-06-02,4.0,1,0,0,0,0,0,0.2850545346736908,0.15961435437202454,2019-08-13,2116.0
2AGMHY3Y,1,0,,2025-11-18,,0,0,0,0,1,0,0.01982487551867962,,2019-08-14,
2AGMHY5Y,0,0,,,,0,0,0,0,0,1,0.0011621220037341118,,2019-08-13,
2AGMJ35Y,0,0,,,,0,0,0,0,0,1,0.002776828594505787,,2019-05-04,
2AGMJ3JY,0,0,,,,0,0,0,0,0,1,0.0026265738997608423,,2019-05-16,
2AGMJ3TY,0,0,,,,0,0,0,0,0,1,0.0013314620591700077,,2019-08-14,
2AGMJ47Y,0,0,,,,0,0,0,0,0,1,0.0010578603250905871,,2019-06-01,
2AGMJ5BY,1,0,,2021-05-03,,0,0,0,0,1,0,0.00023144553415477276,,2019-05-04,
2AGMKV4Y,1,1,2025-12-12,2026-01-28,47.0,0,1,0,1,0,0,0.6010786294937134,0.15421342849731445,2019-05-04,2414.0
2AGMKVHY,1,0,,2023-05-06,,0,0,0,0,1,0,0.08446196466684341,,2019-08-13,
2AGMKVTY,1,0,,2024-12-04,,0,0,0,0,1,0,0.06506524235010147,,2019-08-14,
2AGMLMLY,0,0,,,,0,0,0,0,0,1,0.10687973350286484,,2019-08-14,
2AGMLSZY,1,1,2020-07-19,2020-07-30,11.0,1,0,0,0,0,0,0.6990708112716675,0.21184059977531433,2019-05-16,430.0
2AGMLT7Y,0,0,,,,0,0,0,0,0,1,0.025186024606227875,,2019-05-16,
2AGMLWNY,0,0,,,,0,0,0,0,0,1,0.06738446652889252,,2019-08-14,
2AGMLZLY,1,0,,2026-02-11,,0,0,0,0,1,0,0.05575135350227356,,2019-05-16,
2AGMM0UY,0,1,2020-01-22,,,0,0,1,1,0,0,0.25728514790534973,0.21685349941253662,2019-05-16,251.0
2AGMMNKY,0,0,,,,0,0,0,0,0,1,0.03615536913275719,,2019-06-01,
2AGMMU1Y,0,0,,,,0,0,0,0,0,1,0.0014368785778060555,,2019-05-16,
2AGMMU4Y,0,0,,,,0,0,0,0,0,1,0.0013424430508166552,,2019-08-14,
2AGMNB7Y,1,0,,2023-03-30,,0,0,0,0,1,0,0.08213858306407928,,2019-05-16,
2AGMNBEY,0,0,,,,0,0,0,0,0,1,0.001612158608622849,,2019-05-16,
2AGMND4Y,1,1,2025-10-11,2025-10-27,16.0,1,0,0,0,0,0,0.6701996922492981,0.194538414478302,2019-05-04,2352.0
2AGMNE1Y,1,1,2025-07-01,2025-11-26,148.0,0,1,0,1,0,0,0.6932377219200134,0.15226362645626068,2019-05-16,2238.0
2AGMNEBY,1,1,2023-02-22,2024-08-05,530.0,0,1,0,1,0,0,0.1799953579902649,0.1799953579902649,2019-05-04,1390.0
2AGMNG0Y,0,1,2024-05-06,,,0,0,1,1,0,0,0.19054731726646423,0.15950419008731842,2019-05-16,1817.0
2AGMNJKY,1,1,2024-01-24,2025-09-29,614.0,0,1,0,1,0,0,0.5711490511894226,0.15475241839885712,2019-05-16,1714.0
2AGMNM8Y,0,0,,,,0,0,0,0,0,1,0.04003758728504181,,2019-08-14,
2AGMNMWY,1,0,,2023-05-10,,0,0,0,0,1,0,0.055806055665016174,,2019-05-16,
2AGMNTXY,0,0,,,,0,0,0,0,0,1,0.0019313120283186436,,2019-05-16,
2AGMNUVY,0,0,,,,0,0,0,0,0,1,0.0027713689487427473,,2019-05-04,
2AGMNWBY,0,0,,,,0,0,0,0,0,1,0.000857829989399761,,2019-08-13,
2AGMNXRY,0,0,,,,0,0,0,0,0,1,0.0916166603565216,,2019-08-13,
2AGMP7ZY,0,0,,,,0,0,0,0,0,1,0.001398543012328446,,2019-08-14,
2AGMPBWY,0,0,,,,0,0,0,0,0,1,0.054593171924352646,,2019-05-16,
2AGMPD8Y,1,0,,2023-11-21,,0,0,0,0,1,0,0.000427138467784971,,2019-08-13,
2AGMPK3Y,0,0,,,,0,0,0,0,0,1,0.02073676511645317,,2019-05-04,
2AGMPL7Y,1,0,,2025-02-27,,0,0,0,0,1,0,0.07183756679296494,,2019-05-16,
2AGMPP1Y,0,0,,,,0,0,0,0,0,1,0.006571056786924601,,2019-05-16,
2AGMPP4Y,1,1,2025-09-11,2025-09-23,12.0,1,0,0,0,0,0,0.5415065884590149,0.1663612425327301,2019-05-16,2310.0
2AGMPPGY,0,0,,,,0,0,0,0,0,1,0.002120208228006959,,2019-05-16,
2AGMPSSY,0,0,,,,0,0,0,0,0,1,0.0014844374964013696,,2019-05-16,
2AGMPT2Y,0,0,,,,0,0,0,0,0,1,0.001724225003272295,,2019-05-16,
2AGMPZ8Y,0,0,,,,0,0,0,0,0,1,0.0011905840365216136,,2019-08-14,
2AGMS6PY,0,0,,,,0,0,0,0,0,1,0.0005761514184996486,,2019-08-14,
2AGMSHHY,1,0,,2022-08-12,,0,0,0,0,1,0,0.00023126222367864102,,2019-05-04,
2AGMTK0Y,1,1,2025-08-30,2025-08-30,0.0,1,0,0,0,0,0,0.4453847408294678,0.4453847408294678,2019-05-16,2298.0
2AGMTL0Y,1,0,,2023-04-17,,0,0,0,0,1,0,0.0010988477151840925,,2019-05-04,
2AGMTXAY,0,0,,,,0,0,0,0,0,1,0.0008508157334290445,,2019-08-13,
2AGMUBMY,0,0,,,,0,0,0,0,0,1,0.0013069784035906196,,2019-06-01,
2AGMUBRY,1,0,,2024-08-04,,0,0,0,0,1,0,0.0012259334325790405,,2019-08-13,
2AGMV9UY,0,0,,,,0,0,0,0,0,1,0.0007753171375952661,,2019-08-13,
2AGMVDDY,0,0,,,,0,0,0,0,0,1,0.0021178668830543756,,2019-05-16,
2AGMWHVY,1,0,,2024-07-19,,0,0,0,0,1,0,0.0782487541437149,,2019-05-16,
2AGMZLMY,1,0,,2023-05-16,,0,0,0,0,1,0,0.1375332474708557,,2019-08-13,
2AGN038Y,0,0,,,,0,0,0,0,0,1,0.0012552536791190505,,2019-08-13,
2AGN03MY,0,0,,,,0,0,0,0,0,1,0.0007841924671083689,,2019-08-13,
2AGN05MY,0,0,,,,0,0,0,0,0,1,0.0010727691696956754,,2019-08-13,
2AGN071Y,0,0,,,,0,0,0,0,0,1,0.0013607031432911754,,2019-08-13,
2AGN07AY,0,0,,,,0,0,0,0,0,1,0.001388125354424119,,2019-08-14,
2AGN17RY,0,0,,,,0,0,0,0,0,1,0.0006691995658911765,,2019-08-13,
2AGN1YNY,0,0,,,,0,0,0,0,0,1,0.0011798739433288574,,2019-08-14,
2AGN29AY,0,0,,,,0,0,0,0,0,1,0.0008232240797951818,,2019-08-14,
2AGN43EY,0,0,,,,0,0,0,0,0,1,0.07740844041109085,,2019-08-13,
2AGN5A3Y,0,0,,,,0,0,0,0,0,1,0.0009246233385056257,,2019-06-01,
2AGN7GZY,0,0,,,,0,0,0,0,0,1,0.0005944632575847208,,2019-08-13,
2AGN7XVY,0,0,,,,0,0,0,0,0,1,0.0765119269490242,,2019-08-14,
2AGN7XYY,0,0,,,,0,0,0,0,0,1,0.016363566741347313,,2019-05-27,
2AGN853Y,0,0,,,,0,0,0,0,0,1,0.001103833899833262,,2019-08-14,
2AGN8H9Y,0,0,,,,0,0,0,0,0,1,0.001165690366178751,,2019-08-14,
2AGN8Y9Y,0,0,,,,0,0,0,0,0,1,0.0152968131005764,,2019-08-13,
2AGN8ZGY,0,0,,,,0,0,0,0,0,1,0.0011741118505597115,,2019-06-01,
2AGN90RY,1,0,,2023-12-07,,0,0,0,0,1,0,0.0597003772854805,,2019-08-14,
2AGN9N4Y,1,1,2025-01-25,2025-03-06,40.0,0,1,0,1,0,0,0.3204403519630432,0.14930446445941925,2019-08-13,1992.0
2AGNAK7Y,0,0,,,,0,0,0,0,0,1,0.0011327799875289202,,2019-08-14,
2AGNAKGY,0,0,,,,0,0,0,0,0,1,0.0013338729040697217,,2019-08-14,
2AGNAYKY,0,0,,,,0,0,0,0,0,1,0.0013228693278506398,,2019-08-13,
2AGNBWPY,0,0,,,,0,0,0,0,0,1,0.0013581881066784263,,2019-08-13,
2AGND0EY,0,0,,,,0,0,0,0,0,1,0.02520853467285633,,2019-08-13,
2AGNEAHY,0,0,,,,0,0,0,0,0,1,0.0014721306506544352,,2019-08-13,
2AGNEK5Y,0,0,,,,0,0,0,0,0,1,0.007662089075893164,,2019-08-14,
2AGNEN9Y,0,0,,,,0,0,0,0,0,1,0.0034012317191809416,,2019-08-14,
2AGNEREY,0,0,,,,0,0,0,0,0,1,0.004363995511084795,,2019-08-13,
2AGNGZPY,0,0,,,,0,0,0,0,0,1,0.0012822358403354883,,2019-05-27,
2AGNJE2Y,0,0,,,,0,0,0,0,0,1,0.0014377423794940114,,2019-06-01,
2AGNJG7Y,0,0,,,,0,0,0,0,0,1,0.0011765429517254233,,2019-08-13,
2AGNJGHY,0,0,,,,0,0,0,0,0,1,0.0015712184831500053,,2019-08-13,
2AGNJRYY,0,0,,,,0,0,0,0,0,1,0.0009622988291084766,,2019-06-01,
2AGNJTAY,0,0,,,,0,0,0,0,0,1,0.00150786351878196,,2019-08-14,
2AGNJTRY,0,0,,,,0,0,0,0,0,1,0.0011788270203396678,,2019-08-14,
2AGNKB9Y,1,0,,2023-11-29,,0,0,0,0,1,0,0.0007753957761451602,,2019-08-13,
2AGNKGXY,0,0,,,,0,0,0,0,0,1,0.0012719853548333049,,2019-08-14,
2AGNKNJY,0,0,,,,0,0,0,0,0,1,0.001195280347019434,,2019-08-14,
2AGNKSPY,0,0,,,,0,0,0,0,0,1,0.012462856248021126,,2019-08-14,
2AGNKV4Y,0,0,,,,0,0,0,0,0,1,0.002255454193800688,,2019-08-13,
2AGNL61Y,0,0,,,,0,0,0,0,0,1,0.0026643455494195223,,2019-05-16,
2AGNNTHY,0,0,,,,0,0,0,0,0,1,0.024013176560401917,,2019-05-16,
2AGNT47Y,0,0,,,,0,0,0,0,0,1,0.0017201278824359179,,2019-05-16,
2AGP393Y,1,1,2019-08-10,2023-04-06,1335.0,0,1,0,1,0,0,0.46532729268074036,0.19055183231830597,2019-06-01,70.0
2AGP43EY,1,0,,2024-09-01,,0,0,0,0,1,0,0.03736601024866104,,2019-05-16,
2AGP5EDY,0,0,,,,0,0,0,0,0,1,0.002348650712519884,,2019-05-16,
2AGP5GBY,0,0,,,,0,0,0,0,0,1,0.0029983187559992075,,2019-05-16,
2AGP5J1Y,0,0,,,,0,0,0,0,0,1,0.0030832551419734955,,2019-05-16,
2AGP6TYY,0,0,,,,0,0,0,0,0,1,0.0022210238967090845,,2019-05-16,
2AGP6UBY,0,0,,,,0,0,0,0,0,1,0.02729533426463604,,2019-05-16,
2AGP9W7Y,0,0,,,,0,0,0,0,0,1,0.11879003047943115,,2019-05-16,
2AGPHHKY,0,0,,,,0,0,0,0,0,1,0.0013489896664395928,,2019-06-01,
2AGPHHTY,0,0,,,,0,0,0,0,0,1,0.001015241490676999,,2019-06-01,
2AGPJAVY,0,0,,,,0,0,0,0,0,1,0.0005490226903930306,,2019-05-27,
2AGPJBGY,0,0,,,,0,0,0,0,0,1,0.0005623220349662006,,2019-05-27,
2AGPJBNY,0,0,,,,0,0,0,0,0,1,0.0005438211956061423,,2019-05-27,
2AGPJE5Y,0,0,,,,0,0,0,0,0,1,0.002396109513938427,,2019-05-16,
2AGPJGPY,1,0,,2021-02-22,,0,0,0,0,1,0,0.03734100982546806,,2019-05-16,
2AGPJH1Y,1,0,,2024-08-11,,0,0,0,0,1,0,0.06996960937976837,,2019-05-16,
2AGPJHAY,0,0,,,,0,0,0,0,0,1,0.0009403052972629666,,2019-08-13,
2AGPJHXY,0,0,,,,0,0,0,0,0,1,0.0005635912530124187,,2019-05-27,
2AGPJL8Y,0,0,,,,0,0,0,0,0,1,0.0014538876712322235,,2019-05-27,
2AGPJLWY,0,0,,,,0,0,0,0,0,1,0.0008606902556493878,,2019-08-13,
2AGPJMRY,0,0,,,,0,0,0,0,0,1,0.0011424283729866147,,2019-08-13,
2AGPJP0Y,0,0,,,,0,0,0,0,0,1,0.0004931244184263051,,2019-05-27,
2AGPK9HY,0,0,,,,0,0,0,0,0,1,0.001375448890030384,,2019-08-14,
2AGPKA3Y,0,0,,,,0,0,0,0,0,1,0.00801579188555479,,2019-08-14,
2AGPKALY,0,0,,,,0,0,0,0,0,1,0.0024948830250650644,,2019-05-16,
2AGPKARY,0,0,,,,0,0,0,0,0,1,0.0030741712544113398,,2019-05-16,
2AGPKB2Y,0,0,,,,0,0,0,0,0,1,0.0007865052903071046,,2019-05-27,
2AGPKTUY,0,0,,,,0,0,0,0,0,1,0.002466681646183133,,2019-05-16,
2AGPKVGY,0,0,,,,0,0,0,0,0,1,0.0023285632487386465,,2019-05-16,
2AGPKWNY,1,0,,2023-10-29,,0,0,0,0,1,0,0.07791141420602798,,2019-05-16,
2AGPKX4Y,0,0,,,,0,0,0,0,0,1,0.029493462294340134,,2019-05-16,
2AGPL2YY,0,0,,,,0,0,0,0,0,1,0.0024193827994167805,,2019-05-16,
2AGPL4UY,0,0,,,,0,0,0,0,0,1,0.00234309327788651,,2019-05-16,
2AGPL4ZY,0,0,,,,0,0,0,0,0,1,0.0015950507950037718,,2019-05-27,
2AGPLSSY,0,0,,,,0,0,0,0,0,1,0.0028373945970088243,,2019-05-16,
2AGPMDVY,0,0,,,,0,0,0,0,0,1,0.0005408398574218154,,2019-05-27,
2AGPMEPY,0,0,,,,0,0,0,0,0,1,0.002231650985777378,,2019-05-16,
2AGPMGGY,0,0,,,,0,0,0,0,0,1,0.026798777282238007,,2019-05-16,
2AGPMM3Y,0,0,,,,0,0,0,0,0,1,0.0006102051702328026,,2019-05-27,
2AGPMN9Y,0,0,,,,0,0,0,0,0,1,0.0006730994209647179,,2019-05-27,
2AGPMRDY,0,0,,,,0,0,0,0,0,1,0.0014154243981465697,,2019-05-27,
2AGPMY1Y,0,0,,,,0,0,0,0,0,1,0.002505140146240592,,2019-05-16,
2AGPN6PY,0,0,,,,0,0,0,0,0,1,0.042952947318553925,,2019-05-16,
2AGPPJAY,0,0,,,,0,0,0,0,0,1,0.0019815717823803425,,2019-05-16,
2AGPPLLY,1,1,2023-10-24,2023-11-29,36.0,0,1,0,1,0,0,0.16904762387275696,0.15271151065826416,2019-05-16,1622.0
2AGPR6YY,0,0,,,,0,0,0,0,0,1,0.0013483775546774268,,2019-05-16,
2AGPR7RY,0,0,,,,0,0,0,0,0,1,0.0020971307530999184,,2019-05-16,
2AGPR8EY,0,0,,,,0,0,0,0,0,1,0.0013729948550462723,,2019-05-16,
2AGPRL8Y,0,0,,,,0,0,0,0,0,1,0.0006271889433264732,,2019-05-27,
2AGPRMLY,1,0,,2026-03-26,,0,0,0,0,1,0,0.006265711970627308,,2019-08-13,
2AGPRMRY,1,0,,2024-08-12,,0,0,0,0,1,0,0.0008501107222400606,,2019-05-04,
2AGPRRJY,0,0,,,,0,0,0,0,0,1,0.08738385885953903,,2019-05-04,
2AGPS2ZY,0,0,,,,0,0,0,0,0,1,0.0021159641910344362,,2019-05-16,
2AGPSEDY,0,0,,,,0,0,0,0,0,1,0.0008928448078222573,,2019-05-27,
2AGPSG5Y,0,0,,,,0,0,0,0,0,1,0.001205060281790793,,2019-05-27,
2AGPSGKY,0,0,,,,0,0,0,0,0,1,0.0008030280587263405,,2019-08-14,
2AGPSJKY,0,0,,,,0,0,0,0,0,1,0.0008877618238329887,,2019-08-14,
2AGPSRUY,0,0,,,,0,0,0,0,0,1,0.0015065359184518456,,2019-05-16,
2AGPT2PY,0,0,,,,0,0,0,0,0,1,0.0012150227557867765,,2019-08-14,
2AGPT48Y,0,0,,,,0,0,0,0,0,1,0.0011388009879738092,,2019-06-01,
2AGPT7PY,0,0,,,,0,0,0,0,0,1,0.02493797056376934,,2019-08-13,
2AGPTL4Y,0,0,,,,0,0,0,0,0,1,0.001176186604425311,,2019-05-27,
2AGPTVLY,0,0,,,,0,0,0,0,0,1,0.0013921235222369432,,2019-06-01,
5PG0TA6F,0,0,,,,0,0,0,0,0,1,0.0006772277993150055,,2020-07-14,
5PG0TAKF,0,0,,,,0,0,0,0,0,1,0.0014198452699929476,,2020-05-10,
5PJEJUHE,0,0,,,,0,0,0,0,0,1,0.0027432721108198166,,2021-12-28,
5PJJHD9C,0,0,,,,0,0,0,0,0,1,0.0004061260842718184,,2022-07-18,
5PJJLZTF,0,0,,,,0,0,0,0,0,1,0.001565278391353786,,2021-12-03,
5PJKZP4D,0,0,,,,0,0,0,0,0,1,0.0008460491080768406,,2022-08-04,
5PJVPJGF,0,0,,,,0,0,0,0,0,1,0.001155608450062573,,2021-05-16,
5PK10N4B,0,0,,,,0,0,0,0,0,1,0.0025868655648082495,,2024-12-22,
5PK5ZB1B,0,0,,,,0,0,0,0,0,1,0.0028713305946439505,,2024-04-29,
5PKEBJVB,0,0,,,,0,0,0,0,0,1,0.003304615616798401,,2023-11-27,
5PKVXW6B,0,0,,,,0,0,0,0,0,1,0.0026485349517315626,,2024-06-01,
5QG63PMB,0,0,,,,0,0,0,0,0,1,0.0027097410056740046,,2024-05-28,
5QGBH0MB,0,0,,,,0,0,0,0,0,1,0.0027546014171093702,,2023-12-09,
5QGG5KLB,0,0,,,,0,0,0,0,0,1,0.0018218732438981533,,2023-04-05,
5QGG5UPB,0,0,,,,0,0,0,0,0,1,0.007456855848431587,,2022-12-06,
5QGGAELB,1,1,2025-01-12,2025-06-04,143.0,0,1,0,1,0,0,0.4578946530818939,0.18052813410758972,2023-03-28,656.0
5QGGHWVB,0,0,,,,0,0,0,0,0,1,0.002832552418112755,,2023-12-16,
5QH0Z60B,1,1,2024-01-14,2024-05-14,121.0,0,1,0,1,0,0,0.4809693694114685,0.15676163136959076,2023-10-22,84.0
5QHDKVHB,0,0,,,,0,0,0,0,0,1,0.003024014178663492,,2023-11-17,
5QHKE66B,0,0,,,,0,0,0,0,0,1,0.002749319886788726,,2024-04-18,
5QHYP4MB,0,0,,,,0,0,0,0,0,1,0.0029734885320067406,,2024-05-15,
5QJBW5VB,1,1,2024-05-08,2024-05-25,17.0,1,0,0,0,0,0,0.4883841872215271,0.23682798445224762,2024-02-07,91.0
5QJS57NB,0,0,,,,0,0,0,0,0,1,0.0027176528237760067,,2024-01-23,
5QKBEVWB,0,0,,,,0,0,0,0,0,1,0.0027620934415608644,,2023-12-14,
5QKDK07B,0,0,,,,0,0,0,0,0,1,0.002644806867465377,,2024-12-20,
5QKHBVPB,0,0,,,,0,0,0,0,0,1,0.002780458191409707,,2024-05-30,
5QKKSM3B,0,0,,,,0,0,0,0,0,1,0.002229889389127493,,2024-04-06,
5QKV55TB,0,0,,,,0,0,0,0,0,1,0.0027389158494770527,,2024-02-29,
5QKV6W0B,0,0,,,,0,0,0,0,0,1,0.0029929555021226406,,2023-08-14,
5QKV74SB,0,0,,,,0,0,0,0,0,1,0.0028351612854748964,,2024-01-09,
5QKV778B,0,0,,,,0,0,0,0,0,1,0.0028736372478306293,,2024-06-07,
5QKV7UHB,0,0,,,,0,0,0,0,0,1,0.0028619037475436926,,2024-03-04,
5QKV85UB,0,0,,,,0,0,0,0,0,1,0.002785269869491458,,2023-12-02,
5QKVAN8B,0,0,,,,0,0,0,0,0,1,0.0026640500873327255,,2023-12-24,
5QKVARLB,0,0,,,,0,0,0,0,0,1,0.0027871259953826666,,2023-11-03,
5QKVATKB,0,0,,,,0,0,0,0,0,1,0.0027185664512217045,,2024-01-09,
5QKVD71B,0,0,,,,0,0,0,0,0,1,0.0029056945350021124,,2024-05-10,
5QKVDDVB,0,0,,,,0,0,0,0,0,1,0.002752486849203706,,2024-06-19,
5QKVETTB,0,0,,,,0,0,0,0,0,1,0.0030001625418663025,,2024-06-27,
5QKVEUZB,0,0,,,,0,0,0,0,0,1,0.002782808616757393,,2024-04-22,
5QKVEXJB,0,0,,,,0,0,0,0,0,1,0.0028417150024324656,,2023-11-30,
5QKVGLWB,0,0,,,,0,0,0,0,0,1,0.0026917767245322466,,2024-05-08,
5QKVHPLB,0,0,,,,0,0,0,0,0,1,0.0028402211610227823,,2024-05-07,
5QKVHRMB,0,0,,,,0,0,0,0,0,1,0.004311212804168463,,2024-06-23,
5QKVVTHB,0,0,,,,0,0,0,0,0,1,0.002540921326726675,,2024-04-15,
8CGNK9GE,0,0,,,,0,0,0,0,0,1,0.03700248897075653,,2019-05-04,
8CGR1V5E,0,0,,,,0,0,0,0,0,1,0.0012077660067006946,,2019-06-01,
8CGSN9XE,0,0,,,,0,0,0,0,0,1,0.0017325693042948842,,2019-05-16,
8CGSTSRE,0,0,,,,0,0,0,0,0,1,0.001901616808027029,,2019-05-04,
8CGT5S2E,1,0,,2024-11-05,,0,0,0,0,1,0,0.07235376536846161,,2019-06-01,
8CGTW4VE,0,0,,,,0,0,0,0,0,1,0.0011278173187747598,,2019-06-01,
8CGTZ9HE,1,1,2023-04-22,2023-07-12,81.0,0,1,0,1,0,0,0.7122988700866699,0.1533832997083664,2019-05-16,1437.0
8CGU9LLE,0,0,,,,0,0,0,0,0,1,0.0011462491238489747,,2019-05-16,
8CGV369E,0,0,,,,0,0,0,0,0,1,0.0017296940786764026,,2019-05-16,
8CGVR04E,0,1,2026-01-06,,,0,0,1,1,0,0,0.23074674606323242,0.1817256063222885,2019-05-16,2427.0
8CGVTH0E,0,0,,,,0,0,0,0,0,1,0.005751562770456076,,2019-05-04,
8CGW3HPE,0,0,,,,0,0,0,0,0,1,0.001576684764586389,,2019-05-04,
8CGW6ULE,0,0,,,,0,0,0,0,0,1,0.001018313691020012,,2019-05-04,
8CGWPGEE,0,0,,,,0,0,0,0,0,1,0.002230863319709897,,2019-05-16,
8CGXKYVE,0,0,,,,0,0,0,0,0,1,0.0011483660200610757,,2019-05-04,
8CGXNNUE,1,1,2022-05-02,2022-05-10,8.0,1,0,0,0,0,0,0.39134666323661804,0.1722845882177353,2019-06-01,1066.0
8CGY4KUE,0,0,,,,0,0,0,0,0,1,0.0018063525203615427,,2019-05-16,
8CGYJ5TE,0,0,,,,0,0,0,0,0,1,0.0014459876110777259,,2019-06-01,
8CGYVS8E,0,0,,,,0,0,0,0,0,1,0.0007109690923243761,,2019-06-01,
8CGYW96E,0,0,,,,0,0,0,0,0,1,0.01989680714905262,,2019-06-01,
8CGYXB6E,0,0,,,,0,0,0,0,0,1,0.004895172547549009,,2019-08-13,
8CGZ8K3E,0,0,,,,0,0,0,0,0,1,0.001522895647212863,,2019-05-04,
8CGZ8S1E,0,0,,,,0,0,0,0,0,1,0.002041083760559559,,2019-05-04,
8CGZ8SDE,0,0,,,,0,0,0,0,0,1,0.12562137842178345,,2019-05-04,
8CGZB98E,0,0,,,,0,0,0,0,0,1,0.0005518315592780709,,2019-08-14,
8CGZB9VE,0,0,,,,0,0,0,0,0,1,0.0008155046962201595,,2019-06-01,
8CGZKBME,0,0,,,,0,0,0,0,0,1,0.05310167372226715,,2019-05-04,
8CGZKDHE,0,0,,,,0,0,0,0,0,1,0.0013812719844281673,,2019-05-04,
8CGZMEAE,0,0,,,,0,0,0,0,0,1,0.0009453366510570049,,2019-05-04,
8CH02WUE,0,0,,,,0,0,0,0,0,1,0.0006228526472114027,,2019-08-14,
8CH05AGE,0,0,,,,0,0,0,0,0,1,0.0011278855381533504,,2019-05-04,
8CH06AGE,0,0,,,,0,0,0,0,0,1,0.001726740156300366,,2019-05-16,
8CH06B5E,0,0,,,,0,0,0,0,0,1,0.0013051932910457253,,2019-05-04,
8CH06E7E,0,0,,,,0,0,0,0,0,1,0.0018813306232914329,,2019-05-04,
8CH06EDE,0,0,,,,0,0,0,0,0,1,0.001097466447390616,,2019-06-01,
8CH0869E,0,0,,,,0,0,0,0,0,1,0.0011601351434364915,,2019-05-04,
8CH08RNE,0,0,,,,0,0,0,0,0,1,0.0010243102442473173,,2019-08-14,
8CH09GGE,0,0,,,,0,0,0,0,0,1,0.0012513805413618684,,2019-06-01,
8CH0BYPE,0,0,,,,0,0,0,0,0,1,0.0008988107438199222,,2019-08-13,
8CH0BYTE,0,0,,,,0,0,0,0,0,1,0.0011115919332951307,,2019-06-01,
8CH0DM8E,0,0,,,,0,0,0,0,0,1,0.0006685631233267486,,2019-08-14,
8CH0GNLE,0,0,,,,0,0,0,0,0,1,0.003067424288019538,,2019-05-04,
8CH0GNNE,0,0,,,,0,0,0,0,0,1,0.01647181250154972,,2019-05-04,
8CH0GNSE,0,0,,,,0,0,0,0,0,1,0.001444700756110251,,2019-05-16,
8CH0HRKE,0,0,,,,0,0,0,0,0,1,0.0009174838778562844,,2019-06-01,
8CH0HTRE,0,0,,,,0,0,0,0,0,1,0.0013935340102761984,,2019-06-01,
8CH0L5PE,0,0,,,,0,0,0,0,0,1,0.0007049475098028779,,2019-06-01,
8CH0R06E,0,0,,,,0,0,0,0,0,1,0.0016293064691126347,,2019-05-04,
8CH0R3YE,0,0,,,,0,0,0,0,0,1,0.043309200555086136,,2019-08-13,
8CH0TLTE,0,0,,,,0,0,0,0,0,1,0.000880771956872195,,2019-08-13,
8CH0TLUE,0,0,,,,0,0,0,0,0,1,0.0007506579277105629,,2019-06-01,
8CH0TN2E,0,0,,,,0,0,0,0,0,1,0.0012580532347783446,,2019-06-01,
8CH0TN3E,0,0,,,,0,0,0,0,0,1,0.0007811264367774129,,2019-08-13,
8CH0TVRE,0,0,,,,0,0,0,0,0,1,0.0009086705977097154,,2019-08-14,
8CH0V7TE,0,0,,,,0,0,0,0,0,1,0.03752530366182327,,2019-06-01,
8CH0VH1E,0,0,,,,0,0,0,0,0,1,0.0021628073882311583,,2019-05-16,
8CH0VW0E,0,0,,,,0,0,0,0,0,1,0.0007698015542700887,,2019-06-01,
8CH11KPE,0,0,,,,0,0,0,0,0,1,0.0008512767963111401,,2019-05-04,
8CH13D7E,0,0,,,,0,0,0,0,0,1,0.0006460831500589848,,2019-06-01,
8CH13DAE,0,0,,,,0,0,0,0,0,1,0.0012938108993694186,,2019-06-01,
8CH15D3E,0,0,,,,0,0,0,0,0,1,0.05962056666612625,,2019-05-16,
8CH15YME,0,0,,,,0,0,0,0,0,1,0.0006350777694024146,,2019-06-01,
8CH160KE,0,0,,,,0,0,0,0,0,1,0.0007563607068732381,,2019-08-14,
8CH16PBE,0,0,,,,0,0,0,0,0,1,0.008718044497072697,,2019-06-01,
8CH16ZDE,0,0,,,,0,0,0,0,0,1,0.0012775729410350323,,2019-06-01,
8CH16ZUE,0,0,,,,0,0,0,0,0,1,0.0011801307555288076,,2019-06-01,
8CH17M9E,0,0,,,,0,0,0,0,0,1,0.0006310942699201405,,2019-06-01,
8CH17MHE,0,0,,,,0,0,0,0,0,1,0.000827321142423898,,2019-08-13,
8CH190UE,1,1,2020-12-10,2022-03-26,471.0,0,1,0,1,0,0,0.20981213450431824,0.15493546426296234,2019-08-13,485.0
8CH1APUE,1,1,2025-07-05,2025-09-18,75.0,0,1,0,1,0,0,0.270521879196167,0.2066214233636856,2019-06-01,2226.0
8CH1AR5E,0,0,,,,0,0,0,0,0,1,0.0011171172372996807,,2019-05-04,
8CH1ARHE,1,0,,2023-09-28,,0,0,0,0,1,0,0.023496298119425774,,2019-06-01,
8CH1WBME,1,0,,2024-05-05,,0,0,0,0,1,0,0.027663061395287514,,2019-05-04,
8CH1XHUE,0,0,,,,0,0,0,0,0,1,0.0025031976401805878,,2019-05-04,
8CH4AT4E,0,0,,,,0,0,0,0,0,1,0.0006439429707825184,,2019-05-27,
8CH4X3TE,1,0,,2022-10-12,,0,0,0,0,1,0,0.004752797074615955,,2019-05-16,
8CH4YM4E,1,0,,2023-03-03,,0,0,0,0,1,0,0.019846981391310692,,2019-05-16,
8CH4YM6E,1,1,2024-12-06,2025-03-13,97.0,0,1,0,1,0,0,0.18311361968517303,0.1687830090522766,2019-05-16,2031.0
8CH4YN8E,1,0,,2024-04-09,,0,0,0,0,1,0,0.08299615234136581,,2019-05-16,
8CH4Z6UE,0,0,,,,0,0,0,0,0,1,0.0019742674194276333,,2019-05-16,
8CH5214E,1,1,2024-01-17,2024-02-15,29.0,1,0,0,0,0,0,0.36402690410614014,0.23784968256950378,2019-05-16,1707.0
8CH52U5E,0,0,,,,0,0,0,0,0,1,0.001645882846787572,,2019-05-16,
8CH5B9LE,0,0,,,,0,0,0,0,0,1,0.0025798131246119738,,2019-05-16,
8CH5E8EE,1,0,,2023-04-04,,0,0,0,0,1,0,0.06822242587804794,,2019-05-16,
8CH5HRYE,1,1,2024-04-20,2024-12-24,248.0,0,1,0,1,0,0,0.17748966813087463,0.16158798336982727,2019-05-16,1801.0
8CHRG6JE,0,0,,,,0,0,0,0,0,1,0.0008847492281347513,,2019-11-25,
8CHU2WSE,0,0,,,,0,0,0,0,0,1,0.0008200895390473306,,2020-06-18,
8CHU7R9E,1,0,,2024-11-09,,0,0,0,0,1,0,0.026654893532395363,,2021-05-05,
8CHUHHXE,0,0,,,,0,0,0,0,0,1,0.031114814803004265,,2020-06-26,
8CJMA59E,0,0,,,,0,0,0,0,0,1,0.003076185705140233,,2024-04-02,
8DG1BB5Y,0,0,,,,0,0,0,0,0,1,0.0028374146204441786,,2024-12-20,
8DG3MU5D,0,0,,,,0,0,0,0,0,1,0.0011807779083028436,,2018-07-12,
8DG4SAUD,0,0,,,,0,0,0,0,0,1,0.0026109893806278706,,2018-07-12,
8DG4SAZD,0,0,,,,0,0,0,0,0,1,0.0010501056676730514,,2018-07-12,
8DG52U7D,0,0,,,,0,0,0,0,0,1,0.0012335559586063027,,2018-07-12,
8DG52W9D,0,0,,,,0,0,0,0,0,1,0.0009605734376236796,,2018-07-12,
8DG52WND,0,0,,,,0,0,0,0,0,1,0.000782973482273519,,2018-07-12,
8DG6S3UD,1,0,,2024-06-11,,0,0,0,0,1,0,0.06531558185815811,,2018-07-12,
8DG88GTY,0,0,,,,0,0,0,0,0,1,0.0026775046717375517,,2025-01-01,
8DG93TXY,0,0,,,,0,0,0,0,0,1,0.003231977578252554,,2024-04-01,
8DJE2HWH,0,0,,,,0,0,0,0,0,1,0.0013437644811347127,,2019-01-05,
8DJEPPSH,0,0,,,,0,0,0,0,0,1,0.001437089522369206,,2019-01-05,
8DJEPTWH,0,0,,,,0,0,0,0,0,1,0.0009115583379752934,,2019-01-05,
8DJEUXLH,0,0,,,,0,0,0,0,0,1,0.12613222002983093,,2019-01-05,
8DK5NDLH,0,0,,,,0,0,0,0,0,1,0.0008624478941783309,,2020-01-03,
8DKHU24H,0,0,,,,0,0,0,0,0,1,0.001406924333423376,,2019-12-29,
8DKUD8AH,0,0,,,,0,0,0,0,0,1,0.001517593045718968,,2019-01-05,
8DKV390H,0,0,,,,0,0,0,0,0,1,0.0014989475021138787,,2019-03-01,
8HG28M3H,0,0,,,,0,0,0,0,0,1,0.001132315956056118,,2019-03-01,
8HG7LGUH,1,0,,2025-06-01,,0,0,0,0,1,0,0.07454713433980942,,2019-06-01,
8HGBYHPH,0,0,,,,0,0,0,0,0,1,0.000758761540055275,,2021-10-03,
8HGNAB0H,0,0,,,,0,0,0,0,0,1,0.0028967380058020353,,2019-03-28,
8HGZPYVH,0,1,2022-12-24,,,0,0,1,1,0,0,0.31398099660873413,0.17727069556713104,2019-01-05,1449.0
8HH12ZPH,0,0,,,,0,0,0,0,0,1,0.0015137086156755686,,2018-11-14,
8HH5JYSH,0,0,,,,0,0,0,0,0,1,0.0014138920232653618,,2018-11-14,
8HH8BNRH,0,0,,,,0,0,0,0,0,1,0.0028568273410201073,,2019-03-28,
8HH8P7RH,0,0,,,,0,0,0,0,0,1,0.0009521623142063618,,2019-03-02,
8HH901KH,0,0,,,,0,0,0,0,0,1,0.0018079241272062063,,2019-03-28,
8HH9ZRUH,0,0,,,,0,0,0,0,0,1,0.001601780066266656,,2019-03-01,
8HHARE1H,1,1,2023-03-11,2023-03-24,13.0,1,0,0,0,0,0,0.5344217419624329,0.17818588018417358,2019-08-13,1306.0
8HHARGBH,0,0,,,,0,0,0,0,0,1,0.001049935119226575,,2019-03-02,
8HHATBKH,0,0,,,,0,0,0,0,0,1,0.0015489027136936784,,2019-03-01,
8HHJXENH,0,0,,,,0,0,0,0,0,1,0.0029024139512330294,,2019-01-05,
8HHNHSUH,1,0,,2024-12-06,,0,0,0,0,1,0,0.0643027126789093,,2019-05-04,
8HHPUREH,1,1,2023-08-09,2024-05-16,281.0,0,1,0,1,0,0,0.19170288741588593,0.16751056909561157,2018-11-14,1729.0
8HHT1P2H,0,0,,,,0,0,0,0,0,1,0.013825659640133381,,2018-11-14,
8HHTWXYH,0,0,,,,0,0,0,0,0,1,0.001484275795519352,,2018-11-14,
8HHZ6MGH,0,0,,,,0,0,0,0,0,1,0.002104139653965831,,2018-11-14,
8HJ1NNDH,0,0,,,,0,0,0,0,0,1,0.0016424012137576938,,2018-11-14,
8HJ6SJAH,0,0,,,,0,0,0,0,0,1,0.03533561900258064,,2018-11-14,
8HJ6SJTH,0,0,,,,0,0,0,0,0,1,0.001037414651364088,,2018-11-14,
8HJ74BPH,0,0,,,,0,0,0,0,0,1,0.0013249265030026436,,2018-11-14,
8HJ7UJHH,0,0,,,,0,0,0,0,0,1,0.0016853077104315162,,2018-11-14,
8HJ7Y9BH,0,0,,,,0,0,0,0,0,1,0.035109084099531174,,2018-11-14,
8HJ7Z0DH,0,0,,,,0,0,0,0,0,1,0.0014142171712592244,,2019-05-04,
8HJ7Z10H,0,0,,,,0,0,0,0,0,1,0.0012486855266615748,,2018-11-14,
8HJ7Z1MH,0,0,,,,0,0,0,0,0,1,0.00814731977880001,,2018-11-14,
8HJ86APH,0,0,,,,0,0,0,0,0,1,0.0281299389898777,,2018-11-14,
8HJ86NXH,0,0,,,,0,0,0,0,0,1,0.0010865958174690604,,2019-05-04,
8HJ8LEXH,0,0,,,,0,0,0,0,0,1,0.053744617849588394,,2019-05-04,
8HJ8LKMH,1,0,,2026-03-14,,0,0,0,0,1,0,0.11534291505813599,,2018-11-14,
8HJ91WDH,0,0,,,,0,0,0,0,0,1,0.0011048028245568275,,2019-05-04,
8HJ94EVH,0,0,,,,0,0,0,0,0,1,0.0017223097383975983,,2018-11-14,
8HJ9JWTH,0,0,,,,0,0,0,0,0,1,0.0008104985463432968,,2018-11-14,
8HJ9K7HH,1,0,,2025-01-28,,0,0,0,0,1,0,0.13906896114349365,,2018-11-14,
8HJ9KKGH,0,0,,,,0,0,0,0,0,1,0.001084000221453607,,2019-05-04,
8HJ9KN1H,0,0,,,,0,0,0,0,0,1,0.002016269601881504,,2018-11-14,
8HJ9LS1H,0,0,,,,0,0,0,0,0,1,0.001713828882202506,,2018-11-14,
8HJ9M5NH,0,0,,,,0,0,0,0,0,1,0.0022015979047864676,,2018-11-14,
8HJ9M94H,0,0,,,,0,0,0,0,0,1,0.001207997789606452,,2018-11-14,
8HJ9MZBH,0,0,,,,0,0,0,0,0,1,0.0011138225672766566,,2019-05-04,
8HJ9NHPH,0,0,,,,0,0,0,0,0,1,0.0017072252230718732,,2018-11-14,
8HJ9NKKH,0,0,,,,0,0,0,0,0,1,0.001795938820578158,,2018-11-14,
8HJ9RYSH,0,0,,,,0,0,0,0,0,1,0.0017138621769845486,,2018-11-14,
8HJ9S05H,0,0,,,,0,0,0,0,0,1,0.0008668610826134682,,2018-11-14,
8HJ9S0EH,0,0,,,,0,0,0,0,0,1,0.0022237233351916075,,2018-11-14,
8HJ9Y3ZH,0,0,,,,0,0,0,0,0,1,0.0017262619221583009,,2019-05-04,
8HJA085H,0,0,,,,0,0,0,0,0,1,0.0031722031999379396,,2018-11-14,
8HJA2DPH,0,0,,,,0,0,0,0,0,1,0.0009819499682635069,,2018-11-14,
8HJA8DBH,0,0,,,,0,0,0,0,0,1,0.0010650656186044216,,2018-11-14,
8HJBNYTH,0,0,,,,0,0,0,0,0,1,0.08768781274557114,,2019-01-05,
8HJDK12H,0,0,,,,0,0,0,0,0,1,0.0016665824223309755,,2018-11-14,
8HJDX4PH,0,0,,,,0,0,0,0,0,1,0.0006901806336827576,,2018-11-14,
8HJEY89H,0,0,,,,0,0,0,0,0,1,0.0009658920462243259,,2019-03-01,
8HJG85RH,0,0,,,,0,0,0,0,0,1,0.0005535276141017675,,2019-03-01,
8HJGZPXH,0,0,,,,0,0,0,0,0,1,0.0025913920253515244,,2018-11-14,
8HJH62EH,0,0,,,,0,0,0,0,0,1,0.0015998862218111753,,2018-11-14,
8HJH8RWH,0,0,,,,0,0,0,0,0,1,0.007192531134933233,,2019-03-01,
8HJK2HSH,0,0,,,,0,0,0,0,0,1,0.01973719149827957,,2018-11-14,
8HJLKZRH,0,0,,,,0,0,0,0,0,1,0.0016765067121014,,2018-11-14,
8HJRD7PH,0,0,,,,0,0,0,0,0,1,0.0006839180714450777,,2019-03-01,
8HJRUMWH,0,0,,,,0,0,0,0,0,1,0.0012446927139535546,,2018-11-14,
8HJRVW4H,0,0,,,,0,0,0,0,0,1,0.010386480949819088,,2018-11-14,
8HJUGTVH,0,0,,,,0,0,0,0,0,1,0.07106504589319229,,2018-11-14,
8HJVJKPH,0,0,,,,0,0,0,0,0,1,0.0034761717543005943,,2018-11-14,
8HJVUAGH,0,0,,,,0,0,0,0,0,1,0.0028627451974898577,,2018-11-14,
8HJWBJXH,0,0,,,,0,0,0,0,0,1,0.0015351606998592615,,2018-11-14,
8HJWHD6H,0,0,,,,0,0,0,0,0,1,0.0020968434400856495,,2018-11-14,
8HJWHEJH,0,0,,,,0,0,0,0,0,1,0.0020937726367264986,,2019-03-28,
8HJXG0WH,1,0,,2022-05-01,,0,0,0,0,1,0,0.01165100745856762,,2018-11-14,
8HJXKBDH,0,0,,,,0,0,0,0,0,1,0.001157183200120926,,2019-03-01,
8HJXU87H,0,0,,,,0,0,0,0,0,1,0.07855373620986938,,2018-11-14,
8HJY20MH,0,0,,,,0,0,0,0,0,1,0.0016379436710849404,,2018-11-14,
8HJYTXWH,0,0,,,,0,0,0,0,0,1,0.001398679567500949,,2018-11-14,
8HJYU0JH,0,0,,,,0,0,0,0,0,1,0.0006914212135598063,,2018-11-14,
8HJYZNZH,0,0,,,,0,0,0,0,0,1,0.0031238223891705275,,2018-11-14,
8HJZ13TH,0,0,,,,0,0,0,0,0,1,0.0021588082890957594,,2018-11-14,
8HJZADEH,0,0,,,,0,0,0,0,0,1,0.0015109680825844407,,2018-11-14,
8HJZEG6H,1,0,,2023-11-17,,0,0,0,0,1,0,0.059255555272102356,,2018-11-14,
8HJZG4AH,0,0,,,,0,0,0,0,0,1,0.0012806619051843882,,2018-11-14,
8HJZNVWH,0,0,,,,0,0,0,0,0,1,0.0007703584851697087,,2018-11-14,
8HK087WH,0,0,,,,0,0,0,0,0,1,0.10318250209093094,,2018-11-14,
8HK0HH3H,0,0,,,,0,0,0,0,0,1,0.0006549518438987434,,2018-11-14,
8HK12NNH,0,0,,,,0,0,0,0,0,1,0.001044654636643827,,2018-11-14,
8HK17SKH,0,1,2025-09-27,,,0,0,1,1,0,0,0.15113818645477295,0.15113818645477295,2018-11-14,2509.0
8HK17SWH,0,0,,,,0,0,0,0,0,1,0.0011399959912523627,,2018-11-14,
8HK17SYH,0,0,,,,0,0,0,0,0,1,0.11216240376234055,,2018-11-14,
8HK19K9H,0,0,,,,0,0,0,0,0,1,0.0012445469619706273,,2018-11-14,
8HK19KVH,0,0,,,,0,0,0,0,0,1,0.0014318301109597087,,2018-11-14,
8HK1KY3H,0,0,,,,0,0,0,0,0,1,0.002400142140686512,,2018-11-14,
8HK1LYPH,0,0,,,,0,0,0,0,0,1,0.0028530266135931015,,2018-11-14,
8HK1N18H,0,0,,,,0,0,0,0,0,1,0.0019062117207795382,,2018-11-14,
8HK1PV7H,0,0,,,,0,0,0,0,0,1,0.001493328483775258,,2018-11-14,
8HK1UULH,0,0,,,,0,0,0,0,0,1,0.0018273793393746018,,2018-11-14,
8HK1XAAH,1,0,,2021-10-24,,0,0,0,0,1,0,0.00035707702045328915,,2018-11-14,
8HK224GH,0,0,,,,0,0,0,0,0,1,0.00141530588734895,,2018-11-14,
8HK25XSH,0,0,,,,0,0,0,0,0,1,0.019954677671194077,,2018-11-14,
8HK266WH,0,0,,,,0,0,0,0,0,1,0.012276813387870789,,2018-11-14,
8HK28TJH,0,0,,,,0,0,0,0,0,1,0.00265285256318748,,2018-11-14,
8HK28Y0H,0,0,,,,0,0,0,0,0,1,0.0021169318351894617,,2018-11-14,
8HK2A1EH,0,0,,,,0,0,0,0,0,1,0.0012933772522956133,,2019-06-01,
8HK2BA6H,0,0,,,,0,0,0,0,0,1,0.002010505646467209,,2018-11-14,
8HK2BAEH,0,0,,,,0,0,0,0,0,1,0.0014021149836480618,,2018-11-14,
8HK2DVKH,0,0,,,,0,0,0,0,0,1,0.0011156975524500012,,2018-11-14,
8HK2JXUH,0,0,,,,0,0,0,0,0,1,0.0017121287528425455,,2019-03-28,
8HK2KY6H,0,0,,,,0,0,0,0,0,1,0.001602820586413145,,2018-11-14,
8HK2MXPH,0,0,,,,0,0,0,0,0,1,0.009108789265155792,,2018-11-14,
8HK2RMWH,0,0,,,,0,0,0,0,0,1,0.008081511594355106,,2018-11-14,
8HK2RNWH,0,0,,,,0,0,0,0,0,1,0.0019231216283515096,,2018-11-14,
8HK2RP9H,0,0,,,,0,0,0,0,0,1,0.005543236620724201,,2018-11-14,
8HK2VLMH,0,0,,,,0,0,0,0,0,1,0.0010535231558606029,,2018-11-14,
8HK2X4YH,0,0,,,,0,0,0,0,0,1,0.0011018876684829593,,2018-11-14,
8HK2ZPDH,0,0,,,,0,0,0,0,0,1,0.002813114318996668,,2019-05-04,
8HK2ZT1H,0,0,,,,0,0,0,0,0,1,0.0016839803429320455,,2018-11-14,
8HK31WMH,0,0,,,,0,0,0,0,0,1,0.002894654870033264,,2019-05-04,
8HK31Y8H,0,0,,,,0,0,0,0,0,1,0.0019396437564864755,,2018-11-14,
8HK341ZH,0,0,,,,0,0,0,0,0,1,0.01921882852911949,,2018-11-14,
8HK34EZH,0,0,,,,0,0,0,0,0,1,0.02933400124311447,,2018-11-14,
8HK3BWZH,0,0,,,,0,0,0,0,0,1,0.014509052969515324,,2018-11-14,
8HK3GTLH,0,0,,,,0,0,0,0,0,1,0.01574692875146866,,2018-11-14,
8HK3GUXH,0,0,,,,0,0,0,0,0,1,0.0009133710409514606,,2018-11-14,
8HK3MMSH,0,0,,,,0,0,0,0,0,1,0.002685694256797433,,2018-11-14,
8HK3NG2H,0,0,,,,0,0,0,0,0,1,0.0005537478718906641,,2018-11-14,
8HK3NJMH,0,0,,,,0,0,0,0,0,1,0.002408695174381137,,2018-11-14,
8HK41HEH,0,0,,,,0,0,0,0,0,1,0.0006702962564304471,,2018-11-14,
8HK69BMH,0,0,,,,0,0,0,0,0,1,0.0011918492382392287,,2019-03-01,
8HK6T2AH,0,0,,,,0,0,0,0,0,1,0.0023749626707285643,,2018-11-14,
8HK6TL7H,0,0,,,,0,0,0,0,0,1,0.0010368416551500559,,2018-11-14,
8HK6UUDH,0,0,,,,0,0,0,0,0,1,0.00132013822440058,,2019-03-28,
8HK6V14H,0,0,,,,0,0,0,0,0,1,0.0027559103909879923,,2018-11-14,
8HK6VSKH,1,1,2024-03-06,2024-03-10,4.0,1,0,0,0,0,0,0.5149034261703491,0.1616477072238922,2018-11-14,1939.0
8HK70X7H,0,0,,,,0,0,0,0,0,1,0.013468732126057148,,2018-11-14,
8HK7194H,0,0,,,,0,0,0,0,0,1,0.0313543938100338,,2018-11-14,
8HK72J0H,0,0,,,,0,0,0,0,0,1,0.0061998204328119755,,2018-11-14,
8HK7DKMH,0,0,,,,0,0,0,0,0,1,0.0005247484077699482,,2019-03-02,
8HK7E5DH,0,0,,,,0,0,0,0,0,1,0.0012376845115795732,,2018-11-14,
8HK7E68H,0,0,,,,0,0,0,0,0,1,0.0020726406946778297,,2018-11-14,
8HK7H58H,0,0,,,,0,0,0,0,0,1,0.001440228777937591,,2018-11-14,
8HK80P1H,0,0,,,,0,0,0,0,0,1,0.02125225029885769,,2019-01-05,
8HKB2WEH,0,0,,,,0,0,0,0,0,1,0.03209502622485161,,2019-01-05,
8HKB3M2H,0,0,,,,0,0,0,0,0,1,0.0009295394993387163,,2019-01-05,
8HKB4R4H,0,0,,,,0,0,0,0,0,1,0.0013201062101870775,,2019-05-04,
8HKBBKKH,0,0,,,,0,0,0,0,0,1,0.021596191450953484,,2018-11-14,
8HKBYNVH,0,0,,,,0,0,0,0,0,1,0.0012232880108058453,,2019-05-04,
8HKE039H,0,0,,,,0,0,0,0,0,1,0.03990940377116203,,2018-11-14,
8HKE6E1H,0,0,,,,0,0,0,0,0,1,0.002257732441648841,,2019-01-05,
8HKE8S7H,0,0,,,,0,0,0,0,0,1,0.03020039200782776,,2019-01-05,
8HKEAWEH,0,0,,,,0,0,0,0,0,1,0.0009368945611640811,,2019-06-01,
8HKEKYRH,0,0,,,,0,0,0,0,0,1,0.0009649161365814507,,2019-06-01,
8HKG0GWH,0,0,,,,0,0,0,0,0,1,0.0015273760072886944,,2019-01-05,
8HKHPZHH,0,0,,,,0,0,0,0,0,1,0.0014393060700967908,,2019-06-01,
8HKJ4MAH,0,0,,,,0,0,0,0,0,1,0.0009360790136270225,,2019-03-01,
8HKJ5KDH,1,0,,2025-06-29,,0,0,0,0,1,0,0.0016511485446244478,,2018-11-14,
8HKL6STH,0,0,,,,0,0,0,0,0,1,0.0014633176615461707,,2019-03-02,
8HKLRUSH,0,0,,,,0,0,0,0,0,1,0.13942566514015198,,2019-03-01,
8HKM415H,0,0,,,,0,0,0,0,0,1,0.0009423138690181077,,2019-03-01,
8HKM5RVH,0,0,,,,0,0,0,0,0,1,0.002388974651694298,,2019-03-28,
8HKM654H,0,0,,,,0,0,0,0,0,1,0.0017553286161273718,,2019-03-28,
8HKM9Z1H,0,0,,,,0,0,0,0,0,1,0.0006771574262529612,,2019-03-28,
8HKMR21H,1,0,,2020-09-02,,0,0,0,0,1,0,0.0756089836359024,,2019-03-28,
8HKNMW1H,0,0,,,,0,0,0,0,0,1,0.001354866661131382,,2019-05-04,
8HKNN28H,0,0,,,,0,0,0,0,0,1,0.04000874236226082,,2019-06-01,
8HKPM7RH,0,0,,,,0,0,0,0,0,1,0.0012503024190664291,,2019-03-02,
8HKPZY9H,1,1,2024-06-12,2024-08-13,62.0,0,1,0,1,0,0,0.2251693308353424,0.1572522222995758,2019-03-28,1903.0
8HKRER2H,0,0,,,,0,0,0,0,0,1,0.002480819122865796,,2019-06-01,
8HKS4X3H,0,0,,,,0,0,0,0,0,1,0.03590981289744377,,2019-03-02,
8HKTBA3H,1,0,,2024-09-22,,0,0,0,0,1,0,0.12301699817180634,,2019-03-01,
8HKTE54H,0,0,,,,0,0,0,0,0,1,0.0018373249331489205,,2019-03-01,
8HKTH2SH,1,0,,2023-11-27,,0,0,0,0,1,0,0.0015529401134699583,,2019-03-01,
8HKTK0XH,0,0,,,,0,0,0,0,0,1,0.001176260644569993,,2019-01-05,
8HKU0DXH,0,0,,,,0,0,0,0,0,1,0.0011540338164195418,,2019-03-01,
8HKU3YTH,1,1,2023-11-06,2024-07-13,250.0,0,1,0,1,0,0,0.17264100909233093,0.15308161079883575,2019-03-01,1711.0
8HKU4WXH,0,0,,,,0,0,0,0,0,1,0.008233441039919853,,2019-01-05,
8HKUEJHH,1,0,,2025-04-25,,0,0,0,0,1,0,0.0021603433415293694,,2019-03-28,
8HKVW60H,0,0,,,,0,0,0,0,0,1,0.0013000291073694825,,2019-03-28,
8HKW4NPH,0,0,,,,0,0,0,0,0,1,0.0011087735183537006,,2019-06-01,
8HKWV1GH,0,0,,,,0,0,0,0,0,1,0.0007034024456515908,,2019-01-05,
8HKWXJYH,0,0,,,,0,0,0,0,0,1,0.0022399118170142174,,2019-03-28,
8HKY0KHH,1,1,2023-04-12,2024-05-14,398.0,0,1,0,1,0,0,0.6945051550865173,0.1699160933494568,2019-03-01,1503.0
8HKY66PH,0,0,,,,0,0,0,0,0,1,0.001408352516591549,,2019-03-01,
8HKYJ38H,0,0,,,,0,0,0,0,0,1,0.0013262482825666666,,2019-03-28,
8HKYZ6YH,0,0,,,,0,0,0,0,0,1,0.0011415379121899605,,2019-03-28,
8HKZ213H,0,0,,,,0,0,0,0,0,1,0.0009378617396578193,,2019-01-05,
8HKZDBRH,0,0,,,,0,0,0,0,0,1,0.0006807680474594235,,2019-06-01,
8HKZL75H,0,0,,,,0,0,0,0,0,1,0.019494669511914253,,2019-05-04,
AAG0EXPH,0,0,,,,0,0,0,0,0,1,0.0007266973261721432,,2019-01-05,
AAG0LHRH,0,0,,,,0,0,0,0,0,1,0.0021502727176994085,,2019-01-05,
AAG121VH,0,0,,,,0,0,0,0,0,1,0.004612069111317396,,2019-03-01,
AAG16VPH,0,0,,,,0,0,0,0,0,1,0.0010401014005765319,,2019-01-05,
AAG18L0H,0,0,,,,0,0,0,0,0,1,0.000980159966275096,,2019-03-28,
AAG18MEH,0,0,,,,0,0,0,0,0,1,0.0014673322439193726,,2019-03-01,
AAG197UH,0,0,,,,0,0,0,0,0,1,0.0014304924989119172,,2019-06-01,
AAG1LSNH,1,0,,2025-07-30,,0,0,0,0,1,0,0.10802923142910004,,2019-01-05,
AAG1LSVH,0,0,,,,0,0,0,0,0,1,0.004379152320325375,,2019-01-05,
AAG1LW3H,1,0,,2024-09-03,,0,0,0,0,1,0,0.12283459305763245,,2019-01-05,
AAG1PLVH,0,0,,,,0,0,0,0,0,1,0.0014805644750595093,,2019-03-28,
AAG1PM9H,0,0,,,,0,0,0,0,0,1,0.001014799578115344,,2019-03-28,
AAG1RJAH,0,0,,,,0,0,0,0,0,1,0.09170690178871155,,2019-03-28,
AAG1RK5H,0,0,,,,0,0,0,0,0,1,0.0010825435165315866,,2019-01-05,
AAG1RR9H,0,0,,,,0,0,0,0,0,1,0.0019209966994822025,,2019-03-28,
AAG1RUJH,0,0,,,,0,0,0,0,0,1,0.0024025968741625547,,2019-03-28,
AAG1TGGH,0,0,,,,0,0,0,0,0,1,0.0021777485962957144,,2019-01-05,
AAG1VJYH,0,0,,,,0,0,0,0,0,1,0.0008788714185357094,,2019-03-28,
AAG1VNPH,0,0,,,,0,0,0,0,0,1,0.0008605021284893155,,2019-01-05,
AAG1Z4AH,0,0,,,,0,0,0,0,0,1,0.016163494437932968,,2019-08-13,
AAG23A2H,0,0,,,,0,0,0,0,0,1,0.08777137100696564,,2019-01-05,
AAG23AKH,0,0,,,,0,0,0,0,0,1,0.0013140329392626882,,2019-01-05,
AAG23AVH,0,0,,,,0,0,0,0,0,1,0.0016079082852229476,,2019-03-28,
AAG246TH,0,0,,,,0,0,0,0,0,1,0.000888502283487469,,2019-06-01,
AAG24UVH,0,0,,,,0,0,0,0,0,1,0.0010345032205805182,,2019-01-05,
AAG24VXH,0,0,,,,0,0,0,0,0,1,0.0009996916633099318,,2019-01-05,
AAG26NBH,1,0,,2023-10-19,,0,0,0,0,1,0,0.09585662186145782,,2019-03-28,
AAG26TPH,0,0,,,,0,0,0,0,0,1,0.10655975341796875,,2019-03-28,
AAG26U9H,1,0,,2023-01-26,,0,0,0,0,1,0,0.013825127854943275,,2019-06-01,
AAG27VEH,0,0,,,,0,0,0,0,0,1,0.0023022405803203583,,2019-03-28,
AAG27W2H,0,0,,,,0,0,0,0,0,1,0.0009743152768351138,,2019-03-01,
AAG27XPH,1,0,,2025-10-06,,0,0,0,0,1,0,0.0015089255757629871,,2019-03-28,
AAG27ZLH,0,0,,,,0,0,0,0,0,1,0.0031548775732517242,,2019-03-28,
AAG281TH,1,0,,2024-07-25,,0,0,0,0,1,0,0.09235486388206482,,2019-01-05,
AAG2GGJH,0,0,,,,0,0,0,0,0,1,0.001163244480267167,,2019-06-01,
AAG2JGJH,1,0,,2026-02-10,,0,0,0,0,1,0,0.04800863936543465,,2019-06-01,
AAG2JL4H,0,0,,,,0,0,0,0,0,1,0.0010281829163432121,,2019-01-05,
AAG2RZJH,0,0,,,,0,0,0,0,0,1,0.0008460140670649707,,2019-03-28,
AAG2S62H,0,0,,,,0,0,0,0,0,1,0.002717457478865981,,2019-03-28,
AAG2S9YH,0,0,,,,0,0,0,0,0,1,0.0008550541242584586,,2019-06-01,
AAG2SAYH,0,0,,,,0,0,0,0,0,1,0.0010262697469443083,,2019-08-14,
AAG2SJ3H,0,0,,,,0,0,0,0,0,1,0.0009037989075295627,,2019-08-13,
AAG2VSVH,0,0,,,,0,0,0,0,0,1,0.001618406386114657,,2019-03-28,
AAG2Y6JH,0,0,,,,0,0,0,0,0,1,0.0013145129196345806,,2019-03-28,
AAG2Z67H,0,0,,,,0,0,0,0,0,1,0.000963659374974668,,2019-06-01,
AAG2ZU1H,0,0,,,,0,0,0,0,0,1,0.0010198579402640462,,2019-06-01,
AAG305AH,0,0,,,,0,0,0,0,0,1,0.0014010092709213495,,2019-06-01,
AAG306GH,0,0,,,,0,0,0,0,0,1,0.010125511325895786,,2019-01-05,
AAG34Z4H,0,0,,,,0,0,0,0,0,1,0.0011854090262204409,,2019-01-05,
AAG350BH,0,1,2025-07-29,,,0,0,1,1,0,0,0.26349470019340515,0.22138376533985138,2019-03-28,2315.0
AAG350TH,0,0,,,,0,0,0,0,0,1,0.0009306911379098892,,2019-03-28,
AAG3512H,0,0,,,,0,0,0,0,0,1,0.0006095227436162531,,2019-03-28,
AAG352AH,0,0,,,,0,0,0,0,0,1,0.0011419473448768258,,2019-06-01,
AAG353EH,0,0,,,,0,0,0,0,0,1,0.0010497331386432052,,2019-01-05,
AAG35LWH,0,1,2024-09-20,,,0,0,1,1,0,0,0.16216424107551575,0.157097727060318,2019-01-05,2085.0
AAG401PH,0,0,,,,0,0,0,0,0,1,0.0021797989029437304,,2019-01-05,
AAG46YHH,0,0,,,,0,0,0,0,0,1,0.0012561691692098975,,2019-03-28,
AAG477BH,0,0,,,,0,0,0,0,0,1,0.0012987544760107994,,2019-01-05,
AAG478DH,0,0,,,,0,0,0,0,0,1,0.0028843977488577366,,2019-03-28,
AAG48B3H,0,0,,,,0,0,0,0,0,1,0.0010804685298353434,,2019-03-02,
AAG4AA9H,0,0,,,,0,0,0,0,0,1,0.024434193968772888,,2019-03-01,
AAG4VESH,0,1,2024-04-23,,,0,0,1,1,0,0,0.45958036184310913,0.15695618093013763,2019-03-01,1880.0
AAG4Z4YH,0,0,,,,0,0,0,0,0,1,0.007890536449849606,,2019-03-01,
AAG4Z52H,0,0,,,,0,0,0,0,0,1,0.001973451115190983,,2019-03-02,
AAG4Z5AH,1,1,2024-09-12,2025-03-14,183.0,0,1,0,1,0,0,0.22992677986621857,0.15300413966178894,2019-01-05,2077.0
AAG4ZABH,0,0,,,,0,0,0,0,0,1,0.0025030523538589478,,2019-03-01,
AAG51RHH,0,0,,,,0,0,0,0,0,1,0.0008770089480094612,,2019-01-05,
AAG540GH,0,0,,,,0,0,0,0,0,1,0.0016462032217532396,,2019-03-28,
AAG5DTTH,0,0,,,,0,0,0,0,0,1,0.002312400843948126,,2019-03-28,
AAG5Y4DH,0,0,,,,0,0,0,0,0,1,0.0015340325189754367,,2019-01-05,
AAG5Y4LH,0,0,,,,0,0,0,0,0,1,0.008247170597314835,,2019-01-05,
AAG5Y4TH,0,0,,,,0,0,0,0,0,1,0.0014752018032595515,,2019-01-05,
AAG5Y4UH,0,0,,,,0,0,0,0,0,1,0.0013477625325322151,,2019-01-05,
AAG5Y5UH,0,0,,,,0,0,0,0,0,1,0.013881854712963104,,2019-01-05,
AAG5YJ4H,0,0,,,,0,0,0,0,0,1,0.004897014703601599,,2019-03-28,
AAG5YLKH,0,0,,,,0,0,0,0,0,1,0.0007103754905983806,,2019-03-01,
AAG5YYBH,0,0,,,,0,0,0,0,0,1,0.0011699035530909896,,2019-01-05,
AAG5YYKH,1,1,2025-07-17,2025-09-30,75.0,0,1,0,1,0,0,0.30982711911201477,0.15811565518379211,2019-01-05,2385.0
AAG5YZ8H,0,0,,,,0,0,0,0,0,1,0.001075731823220849,,2019-03-28,
AAG5YZZH,1,0,,2025-07-30,,0,0,0,0,1,0,0.02518542669713497,,2019-03-02,
AAG613MH,0,0,,,,0,0,0,0,0,1,0.0008480221731588244,,2019-01-05,
AAG613RH,1,0,,2025-06-06,,0,0,0,0,1,0,0.0011934225913137197,,2019-01-05,
AAG61KPH,0,0,,,,0,0,0,0,0,1,0.00553971529006958,,2019-03-28,
AAG61LHH,1,1,2023-12-22,2024-05-17,147.0,0,1,0,1,0,0,0.3589652180671692,0.1589943915605545,2019-03-01,1757.0
AAG61NEH,0,0,,,,0,0,0,0,0,1,0.0011947015300393105,,2019-01-05,
AAG61NZH,0,0,,,,0,0,0,0,0,1,0.07093945145606995,,2019-03-28,
AAG61P2H,0,0,,,,0,0,0,0,0,1,0.0017421923112124205,,2019-03-01,
AAG61UMH,0,0,,,,0,0,0,0,0,1,0.007520482875406742,,2019-01-05,
AAG61WRH,0,0,,,,0,0,0,0,0,1,0.0009637388284318149,,2019-03-01,
AAG61Z1H,0,0,,,,0,0,0,0,0,1,0.0015239183558151126,,2019-01-05,
AAG61ZAH,0,0,,,,0,0,0,0,0,1,0.004404922015964985,,2019-03-01,
AAG620PH,0,0,,,,0,0,0,0,0,1,0.0016032434068620205,,2019-03-28,
AAG621WH,0,0,,,,0,0,0,0,0,1,0.0008651966345496476,,2019-01-05,
AAG623DH,0,0,,,,0,0,0,0,0,1,0.0007815404096618295,,2019-01-05,
AAG6376H,0,0,,,,0,0,0,0,0,1,0.005606241524219513,,2019-03-28,
AAG637RH,1,0,,2022-05-21,,0,0,0,0,1,0,0.00023042630346026272,,2019-01-05,
AAG6381H,0,0,,,,0,0,0,0,0,1,0.000927402637898922,,2019-01-05,
AAG638GH,0,0,,,,0,0,0,0,0,1,0.0013869558461010456,,2019-01-05,
AAG639BH,0,0,,,,0,0,0,0,0,1,0.022428760305047035,,2019-01-05,
AAG63DLH,0,0,,,,0,0,0,0,0,1,0.002822702517732978,,2019-03-28,
AAG63JSH,0,0,,,,0,0,0,0,0,1,0.0014936898369342089,,2019-03-02,
AAG63PJH,0,0,,,,0,0,0,0,0,1,0.0011276744771748781,,2019-03-28,
AAG63PKH,1,1,2022-05-11,2022-05-22,11.0,1,0,0,0,0,0,0.26160040497779846,0.14996454119682312,2019-03-01,1167.0
AAG63PLH,0,0,,,,0,0,0,0,0,1,0.0015443643787875772,,2019-03-01,
AAG63RGH,0,0,,,,0,0,0,0,0,1,0.0012696570483967662,,2019-03-01,
AAG63TMH,1,1,2024-08-05,2025-09-02,393.0,0,1,0,1,0,0,0.41522857546806335,0.16589908301830292,2019-03-02,1983.0
AAG63TSH,0,0,,,,0,0,0,0,0,1,0.023253105580806732,,2019-03-28,
AAG63V6H,0,0,,,,0,0,0,0,0,1,0.07136864960193634,,2019-03-28,
AAG63WHH,1,1,2025-11-30,2025-11-30,0.0,1,0,0,0,0,0,0.1539481282234192,0.1539481282234192,2019-01-05,2521.0
AAG63Z8H,1,1,2025-09-13,2025-09-28,15.0,1,0,0,0,0,0,0.4860879182815552,0.2164490669965744,2019-03-01,2388.0
AAG6417H,1,1,2024-05-30,2024-06-06,7.0,1,0,0,0,0,0,0.28796839714050293,0.18876776099205017,2019-03-01,1917.0
AAG6436H,0,0,,,,0,0,0,0,0,1,0.0009861834114417434,,2019-06-01,
AAG64VXH,0,0,,,,0,0,0,0,0,1,0.02181384526193142,,2019-01-05,
AAG6509H,0,0,,,,0,0,0,0,0,1,0.0010699445847421885,,2019-03-28,
AAG67UZH,0,0,,,,0,0,0,0,0,1,0.010670396499335766,,2019-03-28,
AAG67V3H,1,1,2024-08-01,2025-06-20,323.0,0,1,0,1,0,0,0.20609886944293976,0.16130217909812927,2019-03-01,1980.0
AAG67VBH,0,0,,,,0,0,0,0,0,1,0.008968239650130272,,2019-03-28,
AAG67W3H,0,0,,,,0,0,0,0,0,1,0.001044540200382471,,2019-03-01,
AAG67Z8H,0,0,,,,0,0,0,0,0,1,0.0018199448240920901,,2019-06-01,
AAG682YH,1,1,2024-02-11,2024-07-04,144.0,0,1,0,1,0,0,0.33461499214172363,0.1731996387243271,2019-03-28,1781.0
AAG683JH,0,0,,,,0,0,0,0,0,1,0.0018763685366138816,,2019-03-01,
AAG686GH,0,0,,,,0,0,0,0,0,1,0.0009699247311800718,,2019-03-02,
AAG6870H,0,0,,,,0,0,0,0,0,1,0.002093394286930561,,2019-01-05,
AAG6878H,0,0,,,,0,0,0,0,0,1,0.0012486374471336603,,2019-01-05,
AAG687GH,0,0,,,,0,0,0,0,0,1,0.0017876260681077838,,2019-03-01,
AAG687MH,0,0,,,,0,0,0,0,0,1,0.001791692804545164,,2019-03-28,
AAG68AGH,0,0,,,,0,0,0,0,0,1,0.000516822503414005,,2019-06-01,
AAG68AKH,0,0,,,,0,0,0,0,0,1,0.08752182126045227,,2019-03-02,
AAG68AUH,0,0,,,,0,0,0,0,0,1,0.0010908007388934493,,2019-01-05,
AAG68AXH,0,0,,,,0,0,0,0,0,1,0.0022236735094338655,,2019-03-28,
AAG68BRH,0,0,,,,0,0,0,0,0,1,0.13782930374145508,,2019-01-05,
AAG68EWH,1,0,,2023-04-01,,0,0,0,0,1,0,0.07082957029342651,,2019-01-05,
AAG68EXH,1,0,,2024-06-19,,0,0,0,0,1,0,0.06227397918701172,,2019-01-05,
AAG68KVH,0,0,,,,0,0,0,0,0,1,0.0036834648344665766,,2019-01-05,
AAG691PH,0,0,,,,0,0,0,0,0,1,0.000910404312890023,,2019-06-01,
AAG691VH,0,0,,,,0,0,0,0,0,1,0.04159548506140709,,2019-01-05,
AAG69LHH,0,0,,,,0,0,0,0,0,1,0.0004462781362235546,,2019-06-01,
AAG69TTH,0,0,,,,0,0,0,0,0,1,0.0015230057761073112,,2019-03-01,
AAG69WWH,0,0,,,,0,0,0,0,0,1,0.0011142475996166468,,2019-01-05,
AAG69YWH,0,0,,,,0,0,0,0,0,1,0.0028489164542406797,,2019-03-02,
AAG6A03H,0,0,,,,0,0,0,0,0,1,0.001689898781478405,,2019-03-02,
AAG6A07H,0,0,,,,0,0,0,0,0,1,0.007179026026278734,,2019-03-01,
AAG6A0AH,0,0,,,,0,0,0,0,0,1,0.002625039080157876,,2019-01-05,
AAG6AATH,0,0,,,,0,0,0,0,0,1,0.0005994324455969036,,2019-06-01,
AAG6AV4H,0,0,,,,0,0,0,0,0,1,0.0013892679708078504,,2019-03-01,
AAG6AWTH,1,0,,2024-07-08,,0,0,0,0,1,0,0.09915228933095932,,2019-03-28,
AAG6AX6H,0,0,,,,0,0,0,0,0,1,0.0029297585133463144,,2019-03-28,
AAG6B4HH,0,0,,,,0,0,0,0,0,1,0.0015250382712110877,,2019-03-28,
AAG6B5KH,0,0,,,,0,0,0,0,0,1,0.0016263672150671482,,2019-03-28,
AAG6DT9H,1,0,,2019-04-25,,0,0,0,0,1,0,0.0002751403080765158,,2019-03-01,
AAG6DVEH,0,0,,,,0,0,0,0,0,1,0.01935487613081932,,2019-03-01,
AAG6DXTH,0,0,,,,0,0,0,0,0,1,0.007634243927896023,,2019-01-05,
AAG6E2HH,0,0,,,,0,0,0,0,0,1,0.0011999682756140828,,2019-03-28,
AAG6E60H,0,0,,,,0,0,0,0,0,1,0.0026594933588057756,,2019-03-01,
AAG6E7EH,0,0,,,,0,0,0,0,0,1,0.0015151103725656867,,2019-03-28,
AAG6E7RH,0,0,,,,0,0,0,0,0,1,0.0012496748240664601,,2019-03-02,
AAG6ESPH,0,0,,,,0,0,0,0,0,1,0.0010234942892566323,,2019-01-05,
AAG6EVRH,0,0,,,,0,0,0,0,0,1,0.0010798414004966617,,2019-01-05,
AAG6EX3H,0,0,,,,0,0,0,0,0,1,0.0011907706502825022,,2019-01-05,
AAG6GM1H,0,0,,,,0,0,0,0,0,1,0.0012973579578101635,,2019-03-28,
AAG6H25H,0,0,,,,0,0,0,0,0,1,0.0018095890991389751,,2019-03-01,
AAG6HG0H,0,0,,,,0,0,0,0,0,1,0.001039304188452661,,2019-03-01,
AAG6HSEH,0,0,,,,0,0,0,0,0,1,0.0010775272967293859,,2019-03-02,
AAG6HYXH,0,0,,,,0,0,0,0,0,1,0.0011846275301650167,,2019-03-02,
AAG6J1MH,0,0,,,,0,0,0,0,0,1,0.0010316116968169808,,2019-01-05,
AAG6J1TH,1,0,,2025-10-07,,0,0,0,0,1,0,0.12292634695768356,,2019-03-01,
AAG6J2DH,1,0,,2024-01-03,,0,0,0,0,1,0,0.023780042305588722,,2019-03-28,
AAG6J2KH,1,1,2022-11-21,2023-10-19,332.0,0,1,0,1,0,0,0.305442750453949,0.15607497096061707,2019-01-05,1416.0
AAG6KJ6H,0,0,,,,0,0,0,0,0,1,0.0024643312208354473,,2019-03-28,
AAG6KJPH,0,0,,,,0,0,0,0,0,1,0.0014729860704392195,,2019-03-28,
AAG6KTJH,0,0,,,,0,0,0,0,0,1,0.0011193131795153022,,2019-03-02,
AAG6KTRH,0,0,,,,0,0,0,0,0,1,0.0011678526643663645,,2019-01-05,
AAG6KUAH,0,1,2025-12-01,,,0,0,1,1,0,0,0.3206508755683899,0.16749103367328644,2019-01-05,2522.0
AAG6KUJH,0,0,,,,0,0,0,0,0,1,0.001843396108597517,,2019-03-01,
AAG6KV6H,1,0,,2021-11-27,,0,0,0,0,1,0,0.02677960693836212,,2019-03-01,
AAG6L88H,0,0,,,,0,0,0,0,0,1,0.0012034917017444968,,2019-03-28,
AAG6L8VH,0,1,2026-01-02,,,0,0,1,1,0,0,0.20074206590652466,0.158490389585495,2019-03-28,2472.0
AAG6LD7H,1,0,,2025-06-16,,0,0,0,0,1,0,0.03106718137860298,,2019-03-01,
AAG6LDTH,0,0,,,,0,0,0,0,0,1,0.0015920328442007303,,2019-03-28,
AAG6LEHH,0,0,,,,0,0,0,0,0,1,0.001103913877159357,,2019-03-01,
AAG6LEJH,0,0,,,,0,0,0,0,0,1,0.00090757169527933,,2019-03-01,
AAG6LG9H,0,0,,,,0,0,0,0,0,1,0.0020060406532138586,,2019-01-05,
AAG6LTSH,0,0,,,,0,0,0,0,0,1,0.009588467888534069,,2019-03-01,
AAG6M3BH,0,0,,,,0,0,0,0,0,1,0.0014689064119011164,,2019-03-02,
AAG6M8TH,0,0,,,,0,0,0,0,0,1,0.0010146884014829993,,2019-01-05,
AAG6MABH,0,0,,,,0,0,0,0,0,1,0.0016575868939980865,,2019-05-04,
AAG6NEEH,0,0,,,,0,0,0,0,0,1,0.0015728860162198544,,2019-03-28,
AAG6NP0H,1,1,2024-02-05,2024-09-22,230.0,0,1,0,1,0,0,0.3369741141796112,0.15082323551177979,2019-03-01,1802.0
AAG6NPRH,1,1,2025-12-04,2026-03-12,98.0,0,1,0,1,0,0,0.5902791619300842,0.17417186498641968,2019-03-01,2470.0
AAG6NRBH,1,1,2024-04-23,2024-07-11,79.0,0,1,0,1,0,0,0.19532281160354614,0.1601082682609558,2019-03-28,1853.0
AAG6NRZH,0,0,,,,0,0,0,0,0,1,0.0027682508807629347,,2019-03-28,
AAG6NS8H,0,0,,,,0,0,0,0,0,1,0.12784987688064575,,2019-03-28,
AAG6NSKH,0,0,,,,0,0,0,0,0,1,0.04329240694642067,,2019-01-05,
AAG6NVKH,0,0,,,,0,0,0,0,0,1,0.0016865513753145933,,2019-01-05,
AAG6NW3H,0,0,,,,0,0,0,0,0,1,0.0005363707314245403,,2019-06-01,
AAG6P40H,0,0,,,,0,0,0,0,0,1,0.0011156953405588865,,2019-01-05,
AAG6P42H,0,0,,,,0,0,0,0,0,1,0.0009533714037388563,,2019-03-01,
AAG6P4EH,0,0,,,,0,0,0,0,0,1,0.001239249249920249,,2019-03-28,
AAG6P9AH,0,0,,,,0,0,0,0,0,1,0.0010852565756067634,,2019-03-01,
AAG6PWBH,0,0,,,,0,0,0,0,0,1,0.00047391303814947605,,2019-03-02,
AAG6PY2H,0,0,,,,0,0,0,0,0,1,0.0009474701364524662,,2019-01-05,
AAG6PYLH,0,0,,,,0,0,0,0,0,1,0.000455207860795781,,2019-06-01,
AAG6R0AH,0,0,,,,0,0,0,0,0,1,0.0009975838474929333,,2019-06-01,
AAG6R2RH,0,0,,,,0,0,0,0,0,1,0.0011618492426350713,,2019-03-01,
AAG6R32H,0,0,,,,0,0,0,0,0,1,0.0029168049804866314,,2019-03-01,
AAG6R48H,0,0,,,,0,0,0,0,0,1,0.0010461161145940423,,2019-03-28,
AAG6R8UH,0,0,,,,0,0,0,0,0,1,0.0010696199024096131,,2019-03-28,
AAG6T4ZH,0,0,,,,0,0,0,0,0,1,0.002782979514449835,,2019-03-28,
AAG6T52H,1,0,,2023-06-10,,0,0,0,0,1,0,0.00057728320825845,,2019-06-01,
AAG6T55H,0,0,,,,0,0,0,0,0,1,0.0011329407570883632,,2019-06-01,
AAG6T5JH,0,0,,,,0,0,0,0,0,1,0.002154959598556161,,2019-05-16,
AAG6T7LH,0,0,,,,0,0,0,0,0,1,0.0025704107247292995,,2019-03-01,
AAG6T9NH,0,0,,,,0,0,0,0,0,1,0.000758282607421279,,2019-06-01,
AAG6TA8H,0,0,,,,0,0,0,0,0,1,0.0012740908423438668,,2019-01-05,
AAG6TAHH,0,0,,,,0,0,0,0,0,1,0.00392488855868578,,2019-06-01,
AAG6TAKH,0,0,,,,0,0,0,0,0,1,0.0009442375157959759,,2019-06-01,
AAG6TBBH,0,0,,,,0,0,0,0,0,1,0.0014488724991679192,,2019-03-28,
AAG6TBJH,0,0,,,,0,0,0,0,0,1,0.0029569959733635187,,2019-01-05,
AAG6THHH,0,0,,,,0,0,0,0,0,1,0.0009897358249872923,,2019-06-01,
AAG6THJH,0,0,,,,0,0,0,0,0,1,0.0009123411728069186,,2019-06-01,
AAG6THLH,0,0,,,,0,0,0,0,0,1,0.0012301667593419552,,2019-05-04,
AAG6TRKH,0,0,,,,0,0,0,0,0,1,0.0013303598389029503,,2019-05-04,
AAG6TS8H,0,0,,,,0,0,0,0,0,1,0.0024283239617943764,,2019-06-01,
AAG6TSUH,0,0,,,,0,0,0,0,0,1,0.0014674209523946047,,2019-03-28,
AAG6TT1H,0,0,,,,0,0,0,0,0,1,0.0014836263144388795,,2019-05-16,
AAG6TT9H,0,0,,,,0,0,0,0,0,1,0.0011614402756094933,,2019-03-28,
AAG6TTNH,0,0,,,,0,0,0,0,0,1,0.0029436941258609295,,2019-01-05,
AAG6TUVH,0,0,,,,0,0,0,0,0,1,0.0012221320066601038,,2019-06-01,
AAG6TVPH,0,0,,,,0,0,0,0,0,1,0.0024006618186831474,,2019-03-28,
AAG6TY4H,0,0,,,,0,0,0,0,0,1,0.0016582900425419211,,2019-06-01,
AAG6U5AH,0,0,,,,0,0,0,0,0,1,0.0017882294487208128,,2019-03-01,
AAG6UKNH,0,0,,,,0,0,0,0,0,1,0.0008824310498312116,,2019-03-28,
AAG6UMGH,0,0,,,,0,0,0,0,0,1,0.0010244122240692377,,2019-01-05,
AAG6UMJH,0,0,,,,0,0,0,0,0,1,0.0010250405175611377,,2019-01-05,
AAG6UNKH,0,1,2025-03-12,,,0,0,1,1,0,0,0.1760358363389969,0.14914466440677643,2019-06-01,2111.0
AAG6US4H,0,0,,,,0,0,0,0,0,1,0.0012852216605097055,,2019-03-01,
AAG6UT0H,0,0,,,,0,0,0,0,0,1,0.0007531924056820571,,2019-06-01,
AAG6UU8H,0,0,,,,0,0,0,0,0,1,0.03719961270689964,,2019-01-05,
AAG6UZTH,0,0,,,,0,0,0,0,0,1,0.0022744580637663603,,2019-03-28,
AAG6V1MH,0,0,,,,0,0,0,0,0,1,0.0013904671650379896,,2019-03-28,
AAG6V71H,0,0,,,,0,0,0,0,0,1,0.0011078381212428212,,2019-03-01,
AAG6V7DH,0,0,,,,0,0,0,0,0,1,0.0018102101748809218,,2019-03-01,
AAG6V7VH,0,0,,,,0,0,0,0,0,1,0.0009191394201479852,,2019-03-01,
AAG6VHXH,0,0,,,,0,0,0,0,0,1,0.0006857611588202417,,2019-06-01,
AAG6VJKH,0,0,,,,0,0,0,0,0,1,0.0028774752281606197,,2019-03-28,
AAG6VM8H,0,0,,,,0,0,0,0,0,1,0.0014323286013677716,,2019-03-28,
AAG6VMBH,0,0,,,,0,0,0,0,0,1,0.0018302344251424074,,2019-03-01,
AAG6VMGH,0,0,,,,0,0,0,0,0,1,0.0017832909943535924,,2019-03-01,
AAG6X6JH,0,0,,,,0,0,0,0,0,1,0.0008723551291041076,,2019-03-28,
AAG6XU7H,1,1,2019-07-02,2020-05-23,326.0,0,1,0,1,0,0,0.6916884183883667,0.31127646565437317,2019-05-04,59.0
AAG6XWGH,0,0,,,,0,0,0,0,0,1,0.0012399335391819477,,2019-03-01,
AAG6XWJH,1,0,,2025-04-04,,0,0,0,0,1,0,0.1421346813440323,,2019-03-28,
AAG6XXWH,0,0,,,,0,0,0,0,0,1,0.0016804569168016315,,2019-01-05,
AAG6XYBH,0,0,,,,0,0,0,0,0,1,0.000807986652944237,,2019-06-01,
AAG6XYNH,0,0,,,,0,0,0,0,0,1,0.001385185751132667,,2019-06-01,
AAG6XZ6H,0,0,,,,0,0,0,0,0,1,0.001148015959188342,,2019-03-28,
AAG6XZNH,0,0,,,,0,0,0,0,0,1,0.0006534651620313525,,2019-06-01,
AAG6Y0GH,0,0,,,,0,0,0,0,0,1,0.013468149118125439,,2019-03-01,
AAG6Y0KH,0,0,,,,0,0,0,0,0,1,0.0018624825170263648,,2019-01-05,
AAG6Y1BH,0,0,,,,0,0,0,0,0,1,0.0013814863050356507,,2019-03-02,
AAG6Y3LH,0,0,,,,0,0,0,0,0,1,0.0042225937359035015,,2019-03-28,
AAG6Y3UH,0,0,,,,0,0,0,0,0,1,0.0008654056582599878,,2019-06-01,
AAG6Y41H,0,0,,,,0,0,0,0,0,1,0.0011149479541927576,,2019-01-05,
AAG6Y46H,0,0,,,,0,0,0,0,0,1,0.0011054776841774583,,2019-06-01,
AAG6YZ1H,0,0,,,,0,0,0,0,0,1,0.0014974602963775396,,2019-03-28,
AAG6YZ9H,0,0,,,,0,0,0,0,0,1,0.0015227739932015538,,2019-01-05,
AAG6Z0DH,0,0,,,,0,0,0,0,0,1,0.0009651644504629076,,2019-01-05,
AAG6Z17H,0,0,,,,0,0,0,0,0,1,0.0005548616172745824,,2019-06-01,
AAG6Z1MH,0,0,,,,0,0,0,0,0,1,0.0008598951390013099,,2019-03-01,
AAG6Z1XH,0,0,,,,0,0,0,0,0,1,0.0012567149242386222,,2019-03-01,
AAG6Z2DH,0,0,,,,0,0,0,0,0,1,0.0009368410101160407,,2019-03-01,
AAG6Z2RH,0,0,,,,0,0,0,0,0,1,0.0006738590309396386,,2019-06-01,
AAG6Z42H,1,0,,2024-11-24,,0,0,0,0,1,0,0.03710736706852913,,2019-01-05,
AAG6Z4VH,0,0,,,,0,0,0,0,0,1,0.0018956918502226472,,2019-03-01,
AAG6Z53H,0,0,,,,0,0,0,0,0,1,0.002635315991938114,,2019-05-16,
AAG6ZJ9H,0,0,,,,0,0,0,0,0,1,0.0007525688852183521,,2019-03-01,
AAG705GH,0,0,,,,0,0,0,0,0,1,0.0012144256616011262,,2019-03-01,
AAG7078H,0,0,,,,0,0,0,0,0,1,0.016410235315561295,,2019-05-04,
AAG70HDH,0,0,,,,0,0,0,0,0,1,0.0012954584090039134,,2019-01-05,
AAG70JEH,0,0,,,,0,0,0,0,0,1,0.011651786044239998,,2019-06-01,
AAG70U9H,0,0,,,,0,0,0,0,0,1,0.008795094676315784,,2019-01-05,
AAG73ZWH,0,0,,,,0,0,0,0,0,1,0.0025934092700481415,,2019-01-05,
AAG73ZZH,0,0,,,,0,0,0,0,0,1,0.0011298615718260407,,2019-03-28,
AAG740EH,0,0,,,,0,0,0,0,0,1,0.0022138054482638836,,2019-01-05,
AAG740NH,0,0,,,,0,0,0,0,0,1,0.0005488448077812791,,2019-06-01,
AAG740WH,0,0,,,,0,0,0,0,0,1,0.0011896175565198064,,2019-03-01,
AAG740YH,0,0,,,,0,0,0,0,0,1,0.0012503928737714887,,2019-03-28,
AAG741PH,0,0,,,,0,0,0,0,0,1,0.0018184580840170383,,2019-03-28,
AAG742EH,0,0,,,,0,0,0,0,0,1,0.002799191977828741,,2019-03-28,
AAG742JH,0,0,,,,0,0,0,0,0,1,0.009847447276115417,,2019-06-01,
AAG742WH,0,0,,,,0,0,0,0,0,1,0.002593745943158865,,2019-01-05,
AAG7431H,0,0,,,,0,0,0,0,0,1,0.0009521835600025952,,2019-01-05,
AAG743EH,0,0,,,,0,0,0,0,0,1,0.000856206112075597,,2019-06-01,
AAG743UH,0,0,,,,0,0,0,0,0,1,0.0024239548947662115,,2019-01-05,
AAG743VH,0,0,,,,0,0,0,0,0,1,0.007673114072531462,,2019-01-05,
AAG7454H,0,0,,,,0,0,0,0,0,1,0.0014650430530309677,,2019-03-28,
AAG74DKH,0,0,,,,0,0,0,0,0,1,0.0011989995837211609,,2019-05-04,
AAG74EAH,1,1,2022-03-01,2025-07-27,1244.0,0,1,0,1,0,0,0.6948535442352295,0.16430126130580902,2019-05-04,1032.0
AAG74EBH,0,0,,,,0,0,0,0,0,1,0.0032563318964093924,,2019-03-28,
AAG74EYH,0,0,,,,0,0,0,0,0,1,0.0010747776832431555,,2019-06-01,
AAG74EZH,0,0,,,,0,0,0,0,0,1,0.0005133645609021187,,2019-06-01,
AAG74VHH,0,0,,,,0,0,0,0,0,1,0.0014780971687287092,,2019-03-01,
AAG74WRH,0,0,,,,0,0,0,0,0,1,0.0010536510962992907,,2019-06-01,
AAG76HYH,1,1,2021-08-30,2021-09-29,30.0,1,0,0,0,0,0,0.7087996602058411,0.2307995706796646,2019-03-02,912.0
AAG77A5H,0,0,,,,0,0,0,0,0,1,0.0005032305489294231,,2019-06-01,
AAG799NH,0,0,,,,0,0,0,0,0,1,0.0005224959459155798,,2019-03-02,
AAG79B0H,0,0,,,,0,0,0,0,0,1,0.0019130983855575323,,2019-03-28,
AAG7A8EH,0,0,,,,0,0,0,0,0,1,0.0012364150024950504,,2019-06-01,
AAG7A9KH,0,0,,,,0,0,0,0,0,1,0.002545773284509778,,2019-01-05,
AAG7ADMH,0,0,,,,0,0,0,0,0,1,0.002183570060878992,,2019-05-16,
AAG7AGWH,0,0,,,,0,0,0,0,0,1,0.001177214435301721,,2019-05-04,
AAG7AHMH,0,0,,,,0,0,0,0,0,1,0.0004711518995463848,,2019-06-01,
AAG7BP3H,0,0,,,,0,0,0,0,0,1,0.0010827741352841258,,2019-06-01,
AAG7BPKH,0,0,,,,0,0,0,0,0,1,0.0007363050244748592,,2019-06-01,
AAG7BRGH,0,0,,,,0,0,0,0,0,1,0.0007190483738668263,,2019-01-05,
AAG7BS8H,0,0,,,,0,0,0,0,0,1,0.0012738688383251429,,2019-03-01,
AAG7BWAH,0,0,,,,0,0,0,0,0,1,0.0011114903027191758,,2019-03-28,
AAG7D1SH,0,0,,,,0,0,0,0,0,1,0.0012843221193179488,,2019-06-01,
AAG7D29H,0,0,,,,0,0,0,0,0,1,0.002400284865871072,,2019-03-28,
AAG7D2PH,0,0,,,,0,0,0,0,0,1,0.0005072196363471448,,2019-06-01,
AAG7D48H,0,0,,,,0,0,0,0,0,1,0.0012749041197821498,,2019-06-01,
AAG7D4DH,0,0,,,,0,0,0,0,0,1,0.0017490509198978543,,2019-03-01,
AAG7D85H,0,0,,,,0,0,0,0,0,1,0.025425352156162262,,2019-06-01,
AAG7DPYH,0,0,,,,0,0,0,0,0,1,0.016873721033334732,,2019-03-01,
AAG7DRDH,0,0,,,,0,0,0,0,0,1,0.0008182395249605179,,2019-03-01,
AAG7DS9H,0,0,,,,0,0,0,0,0,1,0.025285525247454643,,2019-03-01,
AAG7DW0H,0,0,,,,0,0,0,0,0,1,0.0013243738794699311,,2019-05-04,
AAG7E1MH,0,0,,,,0,0,0,0,0,1,0.0018454644596204162,,2019-03-01,
AAG7E1PH,0,0,,,,0,0,0,0,0,1,0.0007091984734870493,,2019-01-05,
AAG7E2HH,0,0,,,,0,0,0,0,0,1,0.00135624164249748,,2019-03-02,
AAG7LG4H,0,0,,,,0,0,0,0,0,1,0.001148988027125597,,2019-03-01,
AAG7LG7H,0,0,,,,0,0,0,0,0,1,0.0013892586575821042,,2019-05-16,
AAG7LHYH,0,0,,,,0,0,0,0,0,1,0.0018153517739847302,,2019-03-28,
AAG7LNAH,0,0,,,,0,0,0,0,0,1,0.0005368151469156146,,2019-06-01,
AAG7LSWH,0,0,,,,0,0,0,0,0,1,0.0014045641291886568,,2019-01-05,
AAG7LTHH,1,1,2024-07-29,2024-07-29,0.0,1,0,0,0,0,0,0.1833258420228958,0.1833258420228958,2019-03-28,1950.0
AAG7LZEH,0,0,,,,0,0,0,0,0,1,0.0012559653259813786,,2019-03-02,
AAG7M25H,0,0,,,,0,0,0,0,0,1,0.0009487415663897991,,2019-06-01,
AAG7M3NH,0,0,,,,0,0,0,0,0,1,0.0010403987253084779,,2019-06-01,
AAG7M3TH,0,0,,,,0,0,0,0,0,1,0.0032091771718114614,,2019-03-28,
AAG7MMDH,0,0,,,,0,0,0,0,0,1,0.003006143029779196,,2019-05-16,
AAG7MP8H,0,0,,,,0,0,0,0,0,1,0.000777820183429867,,2019-06-01,
AAG7MULH,1,1,2026-01-15,2026-03-13,57.0,0,1,0,1,0,0,0.6050669550895691,0.15870104730129242,2019-03-02,2511.0
AAG7MUNH,0,0,,,,0,0,0,0,0,1,0.011116513051092625,,2019-06-01,
AAG7MVMH,0,0,,,,0,0,0,0,0,1,0.0011931725312024355,,2019-03-02,
AAG7N3ZH,0,0,,,,0,0,0,0,0,1,0.001440544379875064,,2019-03-28,
AAG7N5WH,0,0,,,,0,0,0,0,0,1,0.0022868697997182608,,2019-03-28,
AAG7N62H,0,0,,,,0,0,0,0,0,1,0.000491082260850817,,2019-06-01,
AAG7N63H,0,0,,,,0,0,0,0,0,1,0.0011958219110965729,,2019-03-28,
AAG7N6MH,0,0,,,,0,0,0,0,0,1,0.0016910962294787169,,2019-05-04,
AAG7PPHH,1,0,,2025-10-28,,0,0,0,0,1,0,0.02227974496781826,,2019-03-02,
AAG7R02H,0,0,,,,0,0,0,0,0,1,0.00241407030262053,,2019-06-01,
AAG7R5VH,0,0,,,,0,0,0,0,0,1,0.0005561832222156227,,2019-06-01,
AAG7R93H,0,0,,,,0,0,0,0,0,1,0.0008495179354213178,,2019-06-01,
AAG7RA1H,0,0,,,,0,0,0,0,0,1,0.0015561077743768692,,2019-01-05,
AAG7RAMH,0,0,,,,0,0,0,0,0,1,0.0006270933081395924,,2019-03-02,
AAG7RBDH,0,0,,,,0,0,0,0,0,1,0.001321299816481769,,2019-05-04,
AAG90D8H,0,0,,,,0,0,0,0,0,1,0.0029040744993835688,,2019-05-04,
AAG9VK6H,0,0,,,,0,0,0,0,0,1,0.001019801595248282,,2019-03-02,
AAGA4YNH,0,0,,,,0,0,0,0,0,1,0.0008449241286143661,,2019-06-01,
AAGA7W1H,1,0,,2023-04-11,,0,0,0,0,1,0,0.07171051949262619,,2019-03-01,
AAGA9E3H,0,0,,,,0,0,0,0,0,1,0.000847499119117856,,2019-05-04,
AAGH3VWH,0,0,,,,0,0,0,0,0,1,0.0021068607456982136,,2019-05-27,
AAGMU4TH,0,0,,,,0,0,0,0,0,1,0.0017026261193677783,,2019-05-04,
AAGN9D2H,1,0,,2023-09-17,,0,0,0,0,1,0,0.0007974834297783673,,2019-05-04,
AAGP62KH,0,0,,,,0,0,0,0,0,1,0.0014977268874645233,,2019-06-01,
AAGUS87H,0,0,,,,0,0,0,0,0,1,0.0009881091536954045,,2019-08-14,
AAGVX4UH,0,0,,,,0,0,0,0,0,1,0.0009275121847167611,,2019-05-04,
AAGWTB0H,0,0,,,,0,0,0,0,0,1,0.08885043114423752,,2019-06-01,
AAGXDBZH,0,1,2023-08-21,,,0,0,1,1,0,0,0.5121535658836365,0.15267978608608246,2019-05-16,1558.0
AAGXLP2H,0,0,,,,0,0,0,0,0,1,0.0011843296233564615,,2019-06-01,
AAGXMJSH,0,0,,,,0,0,0,0,0,1,0.0012943322071805596,,2019-05-04,
AAGXU8YH,0,0,,,,0,0,0,0,0,1,0.002288177842274308,,2019-05-16,
AAGXUBRH,0,0,,,,0,0,0,0,0,1,0.0009239892242476344,,2019-05-04,
AAGXV97H,0,0,,,,0,0,0,0,0,1,0.0027479499112814665,,2024-03-13,
AAGXW8VH,0,0,,,,0,0,0,0,0,1,0.0011236746795475483,,2019-08-14,
AAGXWUWH,0,0,,,,0,0,0,0,0,1,0.0013108528219163418,,2019-05-04,
AAGXY3MH,1,0,,2025-04-09,,0,0,0,0,1,0,0.011672490276396275,,2019-05-16,
AAH22T7H,0,0,,,,0,0,0,0,0,1,0.06926918029785156,,2019-05-04,
AAH4NTGH,0,0,,,,0,0,0,0,0,1,0.0008588174823671579,,2019-05-04,
AAH6DU2H,0,1,2023-05-01,,,0,0,1,1,0,0,0.24597328901290894,0.17856447398662567,2019-08-14,1356.0
AAH78SAH,0,0,,,,0,0,0,0,0,1,0.001214276417158544,,2019-05-04,
AAH7HJSH,0,0,,,,0,0,0,0,0,1,0.001370418700389564,,2019-05-04,
AAH7HKHH,0,0,,,,0,0,0,0,0,1,0.0027605718933045864,,2019-05-04,
AAH7HNDH,0,0,,,,0,0,0,0,0,1,0.0019594996701925993,,2019-05-04,
AAH7X19H,0,0,,,,0,0,0,0,0,1,0.001155224395915866,,2019-05-04,
AAH86SEH,0,0,,,,0,0,0,0,0,1,0.0011219051666557789,,2019-05-04,
AAH8BLDH,0,0,,,,0,0,0,0,0,1,0.0025469432584941387,,2019-05-04,
AAH8HPVH,0,0,,,,0,0,0,0,0,1,0.05455884709954262,,2019-05-04,
AAH8LPUH,0,0,,,,0,0,0,0,0,1,0.000962856924161315,,2019-05-04,
AAH8P7WH,0,0,,,,0,0,0,0,0,1,0.0007049798150546849,,2019-05-27,
AAH8R0LH,0,0,,,,0,0,0,0,0,1,0.0033092470839619637,,2019-05-04,
AAH8RG4H,0,0,,,,0,0,0,0,0,1,0.0034916901495307684,,2019-05-04,
AAH8V76H,0,0,,,,0,0,0,0,0,1,0.0008764739031903446,,2019-05-04,
AAH8V7KH,0,0,,,,0,0,0,0,0,1,0.0013345108600333333,,2019-05-04,
AAH90NAH,1,0,,2023-04-19,,0,0,0,0,1,0,0.058526135981082916,,2019-05-04,
AAH919BH,0,0,,,,0,0,0,0,0,1,0.0033104978501796722,,2019-05-04,
AAH9285H,0,0,,,,0,0,0,0,0,1,0.0011154105886816978,,2019-05-04,
AAH92GHH,0,0,,,,0,0,0,0,0,1,0.001975907478481531,,2019-05-04,
AAH92HRH,0,0,,,,0,0,0,0,0,1,0.0010712883668020368,,2019-05-04,
AAH92JGH,0,0,,,,0,0,0,0,0,1,0.0029204224701970816,,2019-05-04,
AAH92V3H,0,0,,,,0,0,0,0,0,1,0.0011744876392185688,,2019-05-04,
AAH9301H,1,0,,2023-12-23,,0,0,0,0,1,0,0.10089869797229767,,2019-05-04,
AAH9305H,0,0,,,,0,0,0,0,0,1,0.00263386033475399,,2019-05-04,
AAH9307H,1,0,,2023-04-09,,0,0,0,0,1,0,0.001061046146787703,,2019-05-04,
AAH93MDH,0,0,,,,0,0,0,0,0,1,0.05815020948648453,,2019-05-04,
AAH93RZH,0,0,,,,0,0,0,0,0,1,0.002198384376242757,,2019-05-04,
AAH953TH,0,0,,,,0,0,0,0,0,1,0.0033458410762250423,,2019-05-04,
AAH9618H,0,0,,,,0,0,0,0,0,1,0.0012269748840481043,,2019-05-04,
AAH9689H,0,0,,,,0,0,0,0,0,1,0.0008931630291044712,,2019-05-04,
AAH96AUH,0,0,,,,0,0,0,0,0,1,0.029919318854808807,,2019-05-04,
AAH97BZH,0,1,2025-10-02,,,0,0,1,1,0,0,0.28240835666656494,0.15996961295604706,2019-05-04,2343.0
AAH99PNH,0,0,,,,0,0,0,0,0,1,0.00124705012422055,,2019-05-04,
AAH9BERH,0,0,,,,0,0,0,0,0,1,0.0008602282614447176,,2019-05-04,
AAHAS1MH,0,0,,,,0,0,0,0,0,1,0.0008159764693118632,,2019-05-27,
AAHAS9TH,0,0,,,,0,0,0,0,0,1,0.0008949783514253795,,2019-05-27,
AAHB6YXH,0,0,,,,0,0,0,0,0,1,0.0007674687076359987,,2019-05-27,
AAHB8Z9H,0,0,,,,0,0,0,0,0,1,0.00129555887542665,,2019-05-27,
AAHBKUHH,0,0,,,,0,0,0,0,0,1,0.0010041408240795135,,2019-05-27,
AAHD7S9H,0,0,,,,0,0,0,0,0,1,0.002443392528221011,,2019-05-19,
AAHDJD5H,0,0,,,,0,0,0,0,0,1,0.007826589979231358,,2019-05-27,
AAHDJDSH,0,0,,,,0,0,0,0,0,1,0.0005105469026602805,,2019-05-27,
AAHDJH3H,0,0,,,,0,0,0,0,0,1,0.0006344080320559442,,2019-05-27,
AAHDUS5H,0,0,,,,0,0,0,0,0,1,0.0007830637041479349,,2019-05-27,
AAHDUT6H,0,0,,,,0,0,0,0,0,1,0.0008756366441957653,,2019-05-27,
AAHDYR0H,0,0,,,,0,0,0,0,0,1,0.000908614369109273,,2019-05-27,
AAHE23AH,0,0,,,,0,0,0,0,0,1,0.00046379154082387686,,2019-05-27,
AAHE4SAH,0,0,,,,0,0,0,0,0,1,0.0006491244421340525,,2019-05-27,
AAHEAGWH,0,0,,,,0,0,0,0,0,1,0.0016198856756091118,,2019-05-27,
AAHEAHLH,0,0,,,,0,0,0,0,0,1,0.0006455224938690662,,2019-05-27,
AAHED32H,0,0,,,,0,0,0,0,0,1,0.0007619579555466771,,2019-05-27,
AAHED3GH,0,0,,,,0,0,0,0,0,1,0.033141735941171646,,2019-05-27,
AAHED8NH,0,0,,,,0,0,0,0,0,1,0.0005308820982463658,,2019-05-27,
AAHED98H,0,0,,,,0,0,0,0,0,1,0.0008958102553151548,,2019-05-27,
AAHEEVKH,0,0,,,,0,0,0,0,0,1,0.0006572942947968841,,2019-05-27,
AAHEHEEH,0,0,,,,0,0,0,0,0,1,0.0004998389631509781,,2019-05-27,
AAHEHHMH,0,0,,,,0,0,0,0,0,1,0.0005555487587116659,,2019-05-27,
AAHEHJ0H,0,0,,,,0,0,0,0,0,1,0.0010646466398611665,,2019-06-01,
AAHEHJ1H,0,0,,,,0,0,0,0,0,1,0.00048796870396472514,,2019-05-27,
AAHEHL5H,0,0,,,,0,0,0,0,0,1,0.0014566323952749372,,2019-05-27,
AAHEHP8H,0,0,,,,0,0,0,0,0,1,0.002128077670931816,,2019-05-27,
AAHEHRSH,0,0,,,,0,0,0,0,0,1,0.0009296790813095868,,2019-05-27,
AAHEHS0H,0,0,,,,0,0,0,0,0,1,0.0004823727358598262,,2019-05-27,
AAHEHTDH,0,0,,,,0,0,0,0,0,1,0.001035851426422596,,2019-05-27,
AAHEHTNH,0,0,,,,0,0,0,0,0,1,0.000763090152759105,,2019-05-27,
AAHEHTPH,0,0,,,,0,0,0,0,0,1,0.0005897242808714509,,2019-05-27,
AAHEHVUH,0,0,,,,0,0,0,0,0,1,0.0006532251136377454,,2019-05-27,
AAHEHY7H,0,0,,,,0,0,0,0,0,1,0.00055649847490713,,2019-05-27,
AAHEHZ2H,0,0,,,,0,0,0,0,0,1,0.00065608014119789,,2019-05-27,
AAHEHZPH,0,0,,,,0,0,0,0,0,1,0.0008232366526499391,,2019-05-27,
AAHEHZXH,0,0,,,,0,0,0,0,0,1,0.0014765032101422548,,2019-05-27,
AAHEJ43H,0,0,,,,0,0,0,0,0,1,0.0005583910387940705,,2019-05-27,
AAHEJ4KH,0,0,,,,0,0,0,0,0,1,0.0006621380452997983,,2019-05-27,
AAHEJ76H,0,0,,,,0,0,0,0,0,1,0.000777316396124661,,2019-05-27,
AAHEJDXH,0,0,,,,0,0,0,0,0,1,0.0025255002547055483,,2019-05-27,
AAHEJE4H,0,0,,,,0,0,0,0,0,1,0.000815589795820415,,2019-05-27,
AAHEJHKH,0,0,,,,0,0,0,0,0,1,0.0005075724911876023,,2019-05-27,
AAHGYKJH,1,0,,2024-07-24,,0,0,0,0,1,0,0.00418186467140913,,2019-08-13,
AAHH59AH,0,0,,,,0,0,0,0,0,1,0.0010258469264954329,,2019-08-14,
AAHHAXAH,0,0,,,,0,0,0,0,0,1,0.0006910404772497714,,2019-08-13,
AAHHXJ2H,0,0,,,,0,0,0,0,0,1,0.0012008099583908916,,2019-08-13,
AAHJG5XH,0,0,,,,0,0,0,0,0,1,0.001975990366190672,,2019-08-14,
AAHJP8BH,0,0,,,,0,0,0,0,0,1,0.03995857387781143,,2019-06-01,
AAHK5PUH,0,0,,,,0,0,0,0,0,1,0.020001977682113647,,2019-06-01,
AAHK8NRH,0,0,,,,0,0,0,0,0,1,0.0011431341990828514,,2019-08-13,
AAHKERJH,1,0,,2026-01-13,,0,0,0,0,1,0,0.04571714624762535,,2019-08-13,
AAHKKR8H,0,0,,,,0,0,0,0,0,1,0.0010713806841522455,,2019-08-14,
AAHKLDKH,0,0,,,,0,0,0,0,0,1,0.001179747050628066,,2019-06-01,
AAHKM55H,1,0,,2025-03-25,,0,0,0,0,1,0,0.0701005607843399,,2019-08-14,
AAHKMW2H,1,0,,2022-01-12,,0,0,0,0,1,0,0.010270056314766407,,2019-06-01,
AAHKS17H,1,0,,2025-07-07,,0,0,0,0,1,0,0.10544068366289139,,2019-06-01,
AAHKWLAH,0,1,2025-05-02,,,0,0,1,1,0,0,0.5154333710670471,0.1560199111700058,2019-08-14,2088.0
AAHKX43H,1,0,,2019-11-25,,0,0,0,0,1,0,0.042499344795942307,,2019-08-14,
AAHKXKYH,0,0,,,,0,0,0,0,0,1,0.024993080645799637,,2019-08-13,
AAHKXLYH,0,0,,,,0,0,0,0,0,1,0.0011105103185400367,,2019-08-14,
AAHKXNHH,0,0,,,,0,0,0,0,0,1,0.017657039687037468,,2019-08-14,
AAHKXZ7H,0,0,,,,0,0,0,0,0,1,0.0006346327136270702,,2019-08-14,
AAHKYETH,0,0,,,,0,0,0,0,0,1,0.0024544179905205965,,2019-05-16,
AAHL0PKH,0,0,,,,0,0,0,0,0,1,0.0011376028414815664,,2019-08-13,
AAHL0TLH,0,0,,,,0,0,0,0,0,1,0.023618662729859352,,2019-06-01,
AAHL4K8H,0,0,,,,0,0,0,0,0,1,0.003262184327468276,,2019-05-16,
AAHL5LRH,1,1,2024-08-20,2024-09-01,12.0,1,0,0,0,0,0,0.17720842361450195,0.17257995903491974,2019-08-13,1834.0
AAHL9A9H,0,0,,,,0,0,0,0,0,1,0.05643216520547867,,2019-08-13,
AAHL9XJH,0,0,,,,0,0,0,0,0,1,0.016524750739336014,,2019-08-14,
AAHL9XLH,0,0,,,,0,0,0,0,0,1,0.0012374593643471599,,2019-08-14,
AAHL9Y3H,0,0,,,,0,0,0,0,0,1,0.0012883218005299568,,2019-08-14,
AAHL9YAH,0,0,,,,0,0,0,0,0,1,0.0006377908866852522,,2019-08-14,
AAHL9ZYH,0,0,,,,0,0,0,0,0,1,0.0010619588429108262,,2019-08-14,
AAHLBTZH,1,1,2025-07-03,2025-07-26,23.0,1,0,0,0,0,0,0.19208721816539764,0.16045890748500824,2019-08-14,2150.0
AAHLBWGH,1,1,2025-08-14,2025-08-30,16.0,1,0,0,0,0,0,0.5635104775428772,0.1918688863515854,2019-08-14,2192.0
AAHLBWSH,1,0,,2023-12-11,,0,0,0,0,1,0,0.0940796509385109,,2019-08-13,
AAHLBXVH,0,0,,,,0,0,0,0,0,1,0.038893282413482666,,2019-08-14,
AAHLD3UH,1,0,,2025-03-11,,0,0,0,0,1,0,0.09825573861598969,,2019-08-13,
AAHLS5JH,0,0,,,,0,0,0,0,0,1,0.002417178824543953,,2019-05-16,
AAHLS7ZH,0,0,,,,0,0,0,0,0,1,0.0016179443337023258,,2019-05-16,
AAHLS8YH,0,0,,,,0,0,0,0,0,1,0.012759224511682987,,2019-05-16,
AAHLS9UH,0,0,,,,0,0,0,0,0,1,0.0014600194990634918,,2019-05-16,
AAHLV30H,0,0,,,,0,0,0,0,0,1,0.001651328639127314,,2019-05-16,
AAHLV40H,1,0,,2019-08-05,,0,0,0,0,1,0,0.052682217210531235,,2019-05-16,
AAHLV47H,0,0,,,,0,0,0,0,0,1,0.00157965871039778,,2019-05-16,
AAHLVTVH,0,0,,,,0,0,0,0,0,1,0.0011288028908893466,,2019-05-27,
AAHLWE3H,0,0,,,,0,0,0,0,0,1,0.000727027072571218,,2019-05-27,
AAHLWKXH,0,0,,,,0,0,0,0,0,1,0.0024449052289128304,,2019-05-16,
AAHLWM3H,0,0,,,,0,0,0,0,0,1,0.0011810180731117725,,2019-05-27,
AAHLXJ1H,0,0,,,,0,0,0,0,0,1,0.02596963383257389,,2019-05-04,
AAHLXJ9H,0,0,,,,0,0,0,0,0,1,0.001036043744534254,,2019-05-04,
AAHLXL5H,0,0,,,,0,0,0,0,0,1,0.0008963925647549331,,2019-08-13,
AAHLXTXH,0,0,,,,0,0,0,0,0,1,0.050047244876623154,,2019-05-16,
AAHLY01H,0,0,,,,0,0,0,0,0,1,0.0004938400816172361,,2019-05-27,
AAHLY04H,0,0,,,,0,0,0,0,0,1,0.0014118340332061052,,2019-05-04,
AAHLY2TH,0,0,,,,0,0,0,0,0,1,0.0009862380102276802,,2019-05-27,
AAHLY31H,1,1,2024-11-28,2025-07-25,239.0,0,1,0,1,0,0,0.26190733909606934,0.20784664154052734,2019-08-13,1934.0
AAHLYJRH,0,0,,,,0,0,0,0,0,1,0.000843751069623977,,2019-05-27,
AAHLYY6H,0,0,,,,0,0,0,0,0,1,0.002643140498548746,,2019-05-16,
AAHM227H,0,0,,,,0,0,0,0,0,1,0.0028782356530427933,,2019-08-13,
AAHM4E6H,0,0,,,,0,0,0,0,0,1,0.00062336161499843,,2019-05-27,
AAHM4HSH,0,0,,,,0,0,0,0,0,1,0.0010989466682076454,,2019-05-04,
AAHM4KJH,0,0,,,,0,0,0,0,0,1,0.0009571807458996773,,2019-08-13,
AAHM4S6H,0,0,,,,0,0,0,0,0,1,0.001524081570096314,,2019-05-04,
AAHM4S8H,0,0,,,,0,0,0,0,0,1,0.0011362247169017792,,2019-05-04,
AAHM4SSH,0,0,,,,0,0,0,0,0,1,0.0028816889971494675,,2019-05-04,
AAHM4T2H,0,0,,,,0,0,0,0,0,1,0.001212847768329084,,2019-05-04,
AAHM4T6H,0,0,,,,0,0,0,0,0,1,0.0007752141100354493,,2019-08-13,
AAHM4TRH,0,0,,,,0,0,0,0,0,1,0.0006426098407246172,,2019-08-13,
AAHM4UYH,0,0,,,,0,0,0,0,0,1,0.001140987267717719,,2019-05-04,
AAHM4WBH,0,0,,,,0,0,0,0,0,1,0.0011519788531586528,,2019-05-16,
AAHM4WEH,0,0,,,,0,0,0,0,0,1,0.001142249908298254,,2019-05-04,
AAHM4XGH,0,0,,,,0,0,0,0,0,1,0.0015882877632975578,,2019-08-14,
AAHM5Z4H,0,0,,,,0,0,0,0,0,1,0.00143936846870929,,2019-05-04,
AAHM5Z9H,0,0,,,,0,0,0,0,0,1,0.013680177740752697,,2019-05-04,
AAHM5ZHH,0,0,,,,0,0,0,0,0,1,0.0009838341502472758,,2019-05-04,
AAHMD6GH,0,0,,,,0,0,0,0,0,1,0.0015519623411819339,,2019-05-04,
AAHME7KH,0,0,,,,0,0,0,0,0,1,0.007718066219240427,,2019-05-16,
AAHMGV8H,0,0,,,,0,0,0,0,0,1,0.0006341076805256307,,2019-05-27,
AAHMH4LH,0,0,,,,0,0,0,0,0,1,0.0011112806387245655,,2019-05-04,
AAHML65H,0,0,,,,0,0,0,0,0,1,0.001671910984441638,,2019-05-16,
AAHMN38H,0,0,,,,0,0,0,0,0,1,0.00184966332744807,,2019-05-16,
AAHMR03H,1,1,2025-11-13,2025-11-26,13.0,1,0,0,0,0,0,0.3198198676109314,0.16943268477916718,2019-05-16,2373.0
AAHMR2ZH,1,0,,2024-01-31,,0,0,0,0,1,0,0.0016736038960516453,,2019-05-16,
AAHMSNRH,0,0,,,,0,0,0,0,0,1,0.0019125164253637195,,2019-05-16,
AAHMUYLH,0,0,,,,0,0,0,0,0,1,0.0027258172631263733,,2019-05-16,
AAHMW6RH,0,0,,,,0,0,0,0,0,1,0.0013202280970290303,,2019-05-16,
AAHMW7NH,0,0,,,,0,0,0,0,0,1,0.002216744003817439,,2019-05-16,
