Timestamp	Model	µ•¿Ã≈Õ	Seed	Threshold (Row-Opt)	Row Precision	Row Recall	Row FAR (%)	Proposed Disk Precision	Proposed Disk Recall	Proposed Disk FAR (%)	Proposed Median LT									
2026-08-05 18:00	LGBM	TOSHIBA_20MG07ACA14TA	42	0.01	0.1517	0.2249	0.11	0.6891	0.3923	0.99	65									
2026-08-05 18:02	XGB	TOSHIBA_20MG07ACA14TA	42	0.01	0.0635	0.3945	0.5	0.5072	0.6699	3.65	71									
2026-08-05 18:07	LSTM	TOSHIBA_20MG07ACA14TA	42	0.01	0.0558	0.44	0.64	0.4201	0.6411	4.96	87.5									
2026-08-05 18:15	GRU	TOSHIBA_20MG07ACA14TA	42	0.01	0.065	0.4509	0.55	0.3908	0.6507	5.69	85.5									0.675203673
2026-08-05 18:00	LGBM	TOSHIBA_20MG07ACA14TA	43	0.01	0.1615	0.2569	0.11	0.7132	0.4641	1.05	51									
2026-08-05 18:03	XGB	TOSHIBA_20MG07ACA14TA	43	0.01	0.0655	0.3844	0.47	0.5396	0.6842	3.27	67									
2026-08-05 18:08	LSTM	TOSHIBA_20MG07ACA14TA	43	0.01	0.0538	0.4403	0.66	0.4042	0.6459	5.34	92									
2026-08-05 18:16	GRU	TOSHIBA_20MG07ACA14TA	43	0.01	0.053	0.4376	0.67	0.3442	0.6555	7	93									
2026-08-05 18:00	LGBM	TOSHIBA_20MG07ACA14TA	44	0.01	0.1615	0.2536	0.11	0.7111	0.4593	1.05	47									
2026-08-05 18:04	XGB	TOSHIBA_20MG07ACA14TA	44	0.01	0.0657	0.3815	0.46	0.5018	0.6699	3.73	72.5									
2026-08-05 18:10	LSTM	TOSHIBA_20MG07ACA14TA	44	0.01	0.0543	0.4439	0.66	0.4214	0.6411	4.94	85									
2026-08-05 18:17	GRU	TOSHIBA_20MG07ACA14TA	44	0.01	0.0538	0.4495	0.68	0.3729	0.6459	6.09	87									
2026-08-05 18:01	LGBM	TOSHIBA_20MG07ACA14TA	45	0.01	0.163	0.2607	0.11	0.7132	0.4641	1.05	51									
2026-08-05 18:04	XGB	TOSHIBA_20MG07ACA14TA	45	0.01	0.0645	0.3742	0.46	0.5251	0.6507	3.3	61.5									
2026-08-05 18:11	LSTM	TOSHIBA_20MG07ACA14TA	45	0.01	0.0552	0.4656	0.68	0.4159	0.6507	5.12	90									0.796115569
2026-08-05 18:19	GRU	TOSHIBA_20MG07ACA14TA	45	0.01	0.0572	0.4553	0.64	0.4043	0.6364	5.26	86									
2026-08-05 18:01	LGBM	TOSHIBA_20MG07ACA14TA	46	0.01	0.163	0.2607	0.11	0.7132	0.4641	1.05	51									
2026-08-05 18:05	XGB	TOSHIBA_20MG07ACA14TA	46	0.01	0.069	0.3449	0.4	0.5294	0.6459	3.22	65									
2026-08-05 18:12	LSTM	TOSHIBA_20MG07ACA14TA	46	0.01	0.0623	0.4462	0.57	0.4041	0.6555	5.42	88									
2026-08-05 18:20	GRU	TOSHIBA_20MG07ACA14TA	46	0.01	0.0502	0.4509	0.73	0.4156	0.6364	5.02	83									
2026-08-05 17:44	LGBM	ST12000NM0007	42	0.02	0.0773	0.3451	0.77	0.5565	0.6133	3.01	31.5									
2026-08-05 17:46	XGB	ST12000NM0007	42	0.02	0.0672	0.36	0.94	0.5017	0.64	3.91	30.5									
2026-08-05 17:49	LSTM	ST12000NM0007	42	0.02	0.0757	0.366	0.84	0.4502	0.6222	4.68	37.5									
2026-08-05 17:52	GRU	ST12000NM0007	42	0.02	0.0718	0.39	0.95	0.4077	0.6578	5.88	49									
2026-08-05 17:44	LGBM	ST12000NM0007	43	0.02	0.0819	0.3432	0.72	0.5366	0.5867	3.12	34									
2026-08-05 17:46	XGB	ST12000NM0007	43	0.02	0.0697	0.3599	0.9	0.4846	0.6311	4.13	39									
2026-08-05 17:49	LSTM	ST12000NM0007	43	0.02	0.0695	0.354	0.89	0.3951	0.6444	6.07	47									
2026-08-05 17:52	GRU	ST12000NM0007	43	0.02	0.0743	0.3687	0.86	0.405	0.6533	5.91	44									
2026-08-05 17:45	LGBM	ST12000NM0007	44	0.02	0.0771	0.3536	0.8	0.5094	0.6	3.56	34									
2026-08-05 17:47	XGB	ST12000NM0007	44	0.02	0.0674	0.376	0.98	0.4864	0.6356	4.13	36									0.672011905
2026-08-05 17:50	LSTM	ST12000NM0007	44	0.02	0.0628	0.3789	1.06	0.3978	0.6489	6.04	46									
2026-08-05 17:53	GRU	ST12000NM0007	44	0.02	0.0774	0.3878	0.87	0.406	0.6622	5.96	48									
2026-08-05 17:45	LGBM	ST12000NM0007	45	0.02	0.0788	0.3335	0.73	0.5488	0.6	3.04	30									
2026-08-05 17:47	XGB	ST12000NM0007	45	0.02	0.0687	0.3773	0.96	0.4669	0.6578	4.62	41.5									
2026-08-05 17:50	LSTM	ST12000NM0007	45	0.02	0.0703	0.3864	0.96	0.4103	0.64	5.66	48.5									
2026-08-05 17:54	GRU	ST12000NM0007	45	0.02	0.0825	0.3678	0.77	0.4269	0.6622	5.47	42									
2026-08-05 17:45	LGBM	ST12000NM0007	46	0.02	0.081	0.3228	0.69	0.556	0.5956	2.93	26									
2026-08-05 17:48	XGB	ST12000NM0007	46	0.02	0.0646	0.3613	0.98	0.4965	0.6356	3.97	37									
2026-08-05 17:51	LSTM	ST12000NM0007	46	0.02	0.0663	0.3821	1.01	0.3989	0.6489	6.02	49									
2026-08-05 17:54	GRU	ST12000NM0007	46	0.02	0.0673	0.3719	0.97	0.3791	0.6622	6.67	48									
2026-08-05 17:54	LGBM	HGST_20HUH721212ALN604	42	0.04	0.0904	0.3645	0.65	0.6133	0.6852	7.16	168									
2026-08-05 17:55	XGB	HGST_20HUH721212ALN604	42	0.04	0.0798	0.4865	1	0.5885	0.7593	8.8	223									
2026-08-05 17:56	LSTM	HGST_20HUH721212ALN604	42	0.03	0.074	0.4376	0.98	0.6918	0.6235	4.61	174									
2026-08-05 17:58	GRU	HGST_20HUH721212ALN604	42	0.04	0.0941	0.4212	0.72	0.6667	0.642	5.32	204.5									
2026-08-05 17:55	LGBM	HGST_20HUH721212ALN604	43	0.02	0.0797	0.3765	0.78	0.6647	0.6852	5.73	169									
2026-08-05 17:55	XGB	HGST_20HUH721212ALN604	43	0.04	0.0765	0.4494	0.97	0.6091	0.7407	7.88	243									
2026-08-05 17:57	LSTM	HGST_20HUH721212ALN604	43	0.04	0.069	0.3923	0.95	0.6791	0.5617	4.4	158									
2026-08-05 17:58	GRU	HGST_20HUH721212ALN604	43	0.04	0.0844	0.4246	0.82	0.6543	0.6543	5.73	222									
2026-08-05 17:55	LGBM	HGST_20HUH721212ALN604	44	0.03	0.094	0.367	0.63	0.6257	0.6914	6.86	167.5									
2026-08-05 17:56	XGB	HGST_20HUH721212ALN604	44	0.05	0.0937	0.3991	0.69	0.6313	0.6975	6.76	184									
2026-08-05 17:57	LSTM	HGST_20HUH721212ALN604	44	0.05	0.0784	0.3795	0.8	0.6645	0.6358	5.32	174									
2026-08-05 17:58	GRU	HGST_20HUH721212ALN604	44	0.04	0.0824	0.3746	0.75	0.6781	0.6111	4.81	186									
2026-08-05 17:55	LGBM	HGST_20HUH721212ALN604	45	0.01	0.1061	0.2408	0.36	0.6316	0.5185	5.02	134									
2026-08-05 17:56	XGB	HGST_20HUH721212ALN604	45	0.04	0.0808	0.4593	0.93	0.601	0.7346	8.09	229									
2026-08-05 17:57	LSTM	HGST_20HUH721212ALN604	45	0.04	0.0719	0.3866	0.89	0.6585	0.6667	5.73	186.5									
2026-08-05 17:59	GRU	HGST_20HUH721212ALN604	45	0.04	0.0908	0.4157	0.74	0.6162	0.7037	7.27	206.5									
2026-08-05 17:55	LGBM	HGST_20HUH721212ALN604	46	0.03	0.0709	0.4254	1	0.602	0.7284	7.98	220.5									
2026-08-05 17:56	XGB	HGST_20HUH721212ALN604	46	0.04	0.0776	0.457	0.97	0.601	0.716	7.88	246									
2026-08-05 17:57	LSTM	HGST_20HUH721212ALN604	46	0.04	0.0806	0.4064	0.83	0.6957	0.5926	4.3	168									
2026-08-05 17:59	GRU	HGST_20HUH721212ALN604	46	0.04	0.0828	0.3761	0.74	0.6485	0.6605	5.94	173									
