Timestamp,Model,데이터,불균형 처리,첫날포함여부,Seed,Lead Time,Row Precision,Row Recall,Row F1,Row PR-AUC,Row FAR (%),Threshold,Disk-level Precision,Disk-level Recall,F1-score,Disk-level FAR (%),Median Lead Time,EDR@15,Single-Obs Precision,Single-Obs Recall,Single-Obs F1,Single-Obs FAR (%),,,,,,,,,,,,
2026-08-04 20:29,LGBM,ST12000NM0007,none,포함(False),42,30,0.0772,0.3448,0.1262,0.0486,0.77,0.02,0.3764,0.2978,0.3325,3.04,5,0.0844,,,,,,,,,,,,,,9,59,-0.460467001
2026-08-04 20:29,XGB,ST12000NM0007,none,포함(False),42,30,0.0696,0.3605,0.1167,0.0506,0.91,0.02,0.3251,0.2933,0.3084,3.75,6,0.0756,,,,,,,,,,,,,,14,55.5,
2026-08-04 20:30,LSTM,ST12000NM0007,none,포함(False),42,30,0.0756,0.3692,0.1256,0.0516,0.85,0.02,0.2641,0.2711,0.2675,4.65,4,0.0711,,,,,,,,,,,,,,21,44.5,
2026-08-04 20:32,GRU,ST12000NM0007,none,포함(False),42,30,0.0718,0.39,0.1213,0.0799,0.95,0.02,0.2266,0.28,0.2505,5.88,4,0.0622,,,,,,,,,,,,,,38,46.5,
2026-08-04 20:32,LGBM,HGST_20HUH721212ALN604,none,포함(False),42,30,0.0904,0.3645,0.1449,0.0869,0.65,0.04,0.186,0.0988,0.129,7.16,10,0.037,,,,,,,,,,,,,,17,16,
2026-08-04 20:32,XGB,HGST_20HUH721212ALN604,none,포함(False),42,30,0.0797,0.4545,0.1357,0.1166,0.94,0.04,0.1529,0.0802,0.1053,7.37,15,0.0432,,,,,,,,,,,,,,56,10.5,
2026-08-04 20:33,LSTM,HGST_20HUH721212ALN604,none,포함(False),42,30,0.074,0.4376,0.1265,0.0832,0.98,0.03,0.1964,0.0679,0.1009,4.61,13,0.0309,,,,,,,,,,,,,,45.5,4.5,
2026-08-04 20:33,GRU,HGST_20HUH721212ALN604,none,포함(False),42,30,0.0941,0.4212,0.1538,0.1014,0.72,0.04,0.1475,0.0556,0.0807,5.32,3,0.0247,,,,,,,,,,,,,0.243515913,42,1,
2026-08-04 20:34,LGBM,TOSHIBA_20MG07ACA14TA,none,포함(False),42,30,0.1517,0.2249,0.1812,0.0802,0.11,0.01,0.4127,0.1244,0.1912,0.99,10,0.0431,,,,,,,,,,,,,,1,20,
2026-08-04 20:34,XGB,TOSHIBA_20MG07ACA14TA,none,포함(False),42,30,0.0633,0.3695,0.1081,0.0611,0.47,0.01,0.2431,0.2105,0.2256,3.67,4.5,0.067,,,,,,,,,,,,,,24,38,
2026-08-04 20:37,LSTM,TOSHIBA_20MG07ACA14TA,none,포함(False),42,30,0.0558,0.44,0.0991,0.0884,0.64,0.01,0.1814,0.1962,0.1885,4.96,8,0.0718,,,,,,,,,,,,,,47,32.5,
2026-08-04 20:39,GRU,TOSHIBA_20MG07ACA14TA,none,포함(False),42,30,0.065,0.4509,0.1136,0.0854,0.55,0.01,0.1654,0.201,0.1814,5.69,9.5,0.0766,,,,,,,,,,,,,,52.5,35,
2026-08-04 21:17,LGBM,ST12000NM0007,none,포함(False),43,30,0.0799,0.3542,0.1304,0.053,0.77,0.02,0.3316,0.2844,0.3062,3.53,5.5,0.0756,,,,,,,,,,,,,,11,49,
2026-08-04 21:17,XGB,ST12000NM0007,none,포함(False),43,30,0.0696,0.3605,0.1167,0.0506,0.91,0.02,0.3251,0.2933,0.3084,3.75,6,0.0756,,,,,,,,,,,,,,14,55.5,
2026-08-04 21:18,LSTM,ST12000NM0007,none,포함(False),43,30,0.0666,0.3698,0.1129,0.0492,0.97,0.02,0.2231,0.2578,0.2392,5.53,4.5,0.0622,,,,,,,,,,,,,,27,41,
2026-08-04 21:20,GRU,ST12000NM0007,none,포함(False),43,30,0.0743,0.3687,0.1237,0.0731,0.86,0.02,0.2286,0.2844,0.2535,5.91,4,0.0622,,,,,,,,,,,,,,20,49,
2026-08-04 21:20,LGBM,HGST_20HUH721212ALN604,none,포함(False),43,30,0.0797,0.3765,0.1316,0.0816,0.78,0.02,0.2329,0.1049,0.1447,5.73,7,0.0432,,,,,,,,,,,,,,32,17.5,
2026-08-04 21:20,XGB,HGST_20HUH721212ALN604,none,포함(False),43,30,0.0797,0.4545,0.1357,0.1166,0.94,0.04,0.1529,0.0802,0.1053,7.37,15,0.0432,,,,,,,,,,,,,,56,10.5,
2026-08-04 21:21,LSTM,HGST_20HUH721212ALN604,none,포함(False),43,30,0.069,0.3923,0.1174,0.0911,0.95,0.04,0.2182,0.0741,0.1106,4.4,9,0.0185,,,,,,,,,,,,,,39,6.5,
2026-08-04 21:21,GRU,HGST_20HUH721212ALN604,none,포함(False),43,30,0.0844,0.4246,0.1408,0.0983,0.82,0.04,0.1642,0.0679,0.0961,5.73,13,0.0309,,,,,,,,,,,,,,43,4.5,
2026-08-04 21:22,LGBM,TOSHIBA_20MG07ACA14TA,none,포함(False),43,30,0.1615,0.2569,0.1983,0.1061,0.11,0.01,0.473,0.1675,0.2473,1.05,8,0.0478,,,,,,,,,,,,,,4,23.5,
2026-08-04 21:22,XGB,TOSHIBA_20MG07ACA14TA,none,포함(False),43,30,0.0633,0.3695,0.1081,0.0611,0.47,0.01,0.2431,0.2105,0.2256,3.67,4.5,0.067,,,,,,,,,,,,,,24,38,
2026-08-04 21:25,LSTM,TOSHIBA_20MG07ACA14TA,none,포함(False),43,30,0.0538,0.4403,0.0958,0.0993,0.66,0.01,0.1708,0.1962,0.1826,5.34,11,0.0766,,,,,,,,,,,,,,48,32.5,
2026-08-04 21:27,GRU,TOSHIBA_20MG07ACA14TA,none,포함(False),43,30,0.053,0.4376,0.0945,0.0682,0.67,0.01,0.1329,0.1914,0.1569,7,9,0.0718,,,,,,,,,,,,,,45.5,28,
2026-08-04 21:27,LGBM,ST12000NM0007,none,포함(False),44,30,0.0773,0.3536,0.1269,0.0502,0.79,0.02,0.3299,0.2889,0.3081,3.61,5,0.0711,,,,,,,,,,,,,,10,51.5,
2026-08-04 21:28,XGB,ST12000NM0007,none,포함(False),44,30,0.0696,0.3605,0.1167,0.0506,0.91,0.02,0.3251,0.2933,0.3084,3.75,6,0.0756,,,,,,,,,,,,,0.700856619,14,55.5,
2026-08-04 21:29,LSTM,ST12000NM0007,none,포함(False),44,30,0.0743,0.3719,0.1238,0.0567,0.87,0.02,0.2098,0.2667,0.2348,6.18,5,0.0622,,,,,,,,,,,,,,28.5,43,
2026-08-04 21:30,GRU,ST12000NM0007,none,포함(False),44,30,0.0774,0.3878,0.1291,0.0804,0.87,0.02,0.227,0.2844,0.2525,5.96,4.5,0.0622,,,,,,,,,,,,,,37,49,
2026-08-04 21:30,LGBM,HGST_20HUH721212ALN604,none,포함(False),44,30,0.094,0.367,0.1497,0.0971,0.63,0.03,0.2209,0.1173,0.1532,6.86,13,0.0556,,,,,,,,,,,,,,18,19,
2026-08-04 21:31,XGB,HGST_20HUH721212ALN604,none,포함(False),44,30,0.0797,0.4545,0.1357,0.1166,0.94,0.04,0.1529,0.0802,0.1053,7.37,15,0.0432,,,,,,,,,,,,,,56,10.5,
2026-08-04 21:31,LSTM,HGST_20HUH721212ALN604,none,포함(False),44,30,0.0784,0.3795,0.13,0.0846,0.8,0.05,0.1613,0.0617,0.0893,5.32,16,0.0432,,,,,,,,,,,,,,33,2.5,
2026-08-04 21:32,GRU,HGST_20HUH721212ALN604,none,포함(False),44,30,0.0824,0.3746,0.1351,0.0958,0.75,0.04,0.2419,0.0926,0.1339,4.81,15,0.0494,,,,,,,,,,,,,,30,15,
2026-08-04 21:32,LGBM,TOSHIBA_20MG07ACA14TA,none,포함(False),44,30,0.1615,0.2536,0.1973,0.1117,0.11,0.01,0.473,0.1675,0.2473,1.05,10,0.0526,,,,,,,,,,,,,,3,23.5,
2026-08-04 21:33,XGB,TOSHIBA_20MG07ACA14TA,none,포함(False),44,30,0.0633,0.3695,0.1081,0.0611,0.47,0.01,0.2431,0.2105,0.2256,3.67,4.5,0.067,,,,,,,,,,,,,,24,38,
2026-08-04 21:35,LSTM,TOSHIBA_20MG07ACA14TA,none,포함(False),44,30,0.0543,0.4438,0.0967,0.0906,0.66,0.01,0.1786,0.1914,0.1848,4.94,10.5,0.0766,,,,,,,,,,,,,,49,28,
2026-08-04 21:38,GRU,TOSHIBA_20MG07ACA14TA,none,포함(False),44,30,0.0538,0.4495,0.0961,0.0802,0.68,0.01,0.153,0.1962,0.1719,6.09,10,0.0766,,,,,,,,,,,,,,51,32.5,
2026-08-04 21:38,LGBM,ST12000NM0007,none,포함(False),45,30,0.0793,0.3334,0.1281,0.0474,0.73,0.02,0.375,0.2933,0.3292,3.01,5.5,0.0711,,,,,,,,,,,,,,8,55.5,
2026-08-04 21:38,XGB,ST12000NM0007,none,포함(False),45,30,0.0696,0.3605,0.1167,0.0506,0.91,0.02,0.3251,0.2933,0.3084,3.75,6,0.0756,,,,,,,,,,,,,,14,55.5,
2026-08-04 21:39,LSTM,ST12000NM0007,none,포함(False),45,30,0.0702,0.3862,0.1189,0.0529,0.96,0.02,0.2218,0.2622,0.2403,5.66,4,0.0578,,,,,,,,,,,,,,35,42,
2026-08-04 21:41,GRU,ST12000NM0007,none,포함(False),45,30,0.0825,0.3678,0.1347,0.0795,0.77,0.02,0.2453,0.2889,0.2653,5.47,4,0.0667,,,,,,,,,,,,,,19,51.5,
2026-08-04 21:41,LGBM,HGST_20HUH721212ALN604,none,포함(False),45,30,0.1061,0.2408,0.1473,0.09,0.36,0.01,0.3099,0.1358,0.1888,5.02,7,0.037,,,,,,,,,,,,,,2,21,
2026-08-04 21:41,XGB,HGST_20HUH721212ALN604,none,포함(False),45,30,0.0797,0.4545,0.1357,0.1166,0.94,0.04,0.1529,0.0802,0.1053,7.37,15,0.0432,,,,,,,,,,,,,,56,10.5,
2026-08-04 21:42,LSTM,HGST_20HUH721212ALN604,none,포함(False),45,30,0.0719,0.3866,0.1213,0.0775,0.89,0.04,0.1884,0.0802,0.1126,5.73,15,0.0494,,,,,,,,,,,,,,36,10.5,
2026-08-04 21:42,GRU,HGST_20HUH721212ALN604,none,포함(False),45,30,0.0908,0.4157,0.149,0.1038,0.74,0.04,0.1647,0.0864,0.1134,7.27,11.5,0.037,,,,,,,,,,,,,,41,14,
2026-08-04 21:43,LGBM,TOSHIBA_20MG07ACA14TA,none,포함(False),45,30,0.163,0.2607,0.2006,0.1153,0.11,0.01,0.473,0.1675,0.2473,1.05,8,0.0478,,,,,,,,,,,,,,5.5,23.5,
2026-08-04 21:44,XGB,TOSHIBA_20MG07ACA14TA,none,포함(False),45,30,0.0633,0.3695,0.1081,0.0611,0.47,0.01,0.2431,0.2105,0.2256,3.67,4.5,0.067,,,,,,,,,,,,,,24,38,
2026-08-04 21:48,LSTM,TOSHIBA_20MG07ACA14TA,none,포함(False),45,30,0.0552,0.4656,0.0987,0.0912,0.68,0.01,0.1732,0.1914,0.1818,5.12,7.5,0.0766,,,,,,,,,,,,,0.667607669,60,28,
2026-08-04 21:50,GRU,TOSHIBA_20MG07ACA14TA,none,포함(False),45,30,0.0572,0.4553,0.1017,0.082,0.64,0.01,0.173,0.1962,0.1839,5.26,8,0.0718,,,,,,,,,,,,,,59,32.5,
2026-08-04 21:51,LGBM,ST12000NM0007,none,포함(False),46,30,0.081,0.3228,0.1296,0.0487,0.69,0.02,0.392,0.3067,0.3441,2.93,6,0.0756,,,,,,,,,,,,,,7,60,
2026-08-04 21:51,XGB,ST12000NM0007,none,포함(False),46,30,0.0696,0.3605,0.1167,0.0506,0.91,0.02,0.3251,0.2933,0.3084,3.75,6,0.0756,,,,,,,,,,,,,,14,55.5,
2026-08-04 21:52,LSTM,ST12000NM0007,none,포함(False),46,30,0.0663,0.3821,0.113,0.0695,1.01,0.02,0.2171,0.2711,0.2411,6.02,4,0.0622,,,,,,,,,,,,,,34,44.5,
2026-08-04 21:54,GRU,ST12000NM0007,none,포함(False),46,30,0.0673,0.3719,0.1139,0.0678,0.97,0.02,0.2052,0.28,0.2368,6.67,4,0.0578,,,,,,,,,,,,,,28.5,46.5,
2026-08-04 21:54,LGBM,HGST_20HUH721212ALN604,none,포함(False),46,30,0.0709,0.4254,0.1216,0.0821,1,0.03,0.1789,0.1049,0.1323,7.98,7,0.037,,,,,,,,,,,,,,44,17.5,
2026-08-04 21:54,XGB,HGST_20HUH721212ALN604,none,포함(False),46,30,0.0797,0.4545,0.1357,0.1166,0.94,0.04,0.1529,0.0802,0.1053,7.37,15,0.0432,,,,,,,,,,,,,,56,10.5,
2026-08-04 21:55,LSTM,HGST_20HUH721212ALN604,none,포함(False),46,30,0.0806,0.4064,0.1346,0.0916,0.83,0.04,0.1923,0.0617,0.0935,4.3,7,0.0062,,,,,,,,,,,,,,40,2.5,
2026-08-04 21:55,GRU,HGST_20HUH721212ALN604,none,포함(False),46,30,0.0828,0.3761,0.1357,0.1003,0.74,0.04,0.1714,0.0741,0.1034,5.94,9.5,0.037,,,,,,,,,,,,,,31,6.5,
2026-08-04 21:56,LGBM,TOSHIBA_20MG07ACA14TA,none,포함(False),46,30,0.163,0.2607,0.2006,0.119,0.11,0.01,0.473,0.1675,0.2473,1.05,8,0.0478,,,,,,,,,,,,,,5.5,23.5,
2026-08-04 21:56,XGB,TOSHIBA_20MG07ACA14TA,none,포함(False),46,30,0.0633,0.3695,0.1081,0.0611,0.47,0.01,0.2431,0.2105,0.2256,3.67,4.5,0.067,,,,,,,,,,,,,,24,38,
2026-08-04 21:59,LSTM,TOSHIBA_20MG07ACA14TA,none,포함(False),46,30,0.0623,0.4462,0.1093,0.0877,0.57,0.01,0.1653,0.1914,0.1774,5.42,8.5,0.067,,,,,,,,,,,,,,50,28,
2026-08-04 22:01,GRU,TOSHIBA_20MG07ACA14TA,none,포함(False),46,30,0.0502,0.4509,0.0904,0.0846,0.73,0.01,0.1762,0.1914,0.1835,5.02,6,0.067,,,,,,,,,,,,,,52.5,28,
