serial_number,hdd,manufacturer,model,threshold,actual_failure_date,first_alarm_date,lead_time_days,alarm_predicted_score
ZCH06TH0,ST12000NM0007,Seagate (ST12000NM0007),LGBM,0.08,2019-02-19,2019-02-19,0.0,0.5316844756140134
ZCH06WWK,ST12000NM0007,Seagate (ST12000NM0007),LGBM,0.08,2019-07-16,2019-07-02,14.0,0.13368326468632225
ZCH06ZR3,ST12000NM0007,Seagate (ST12000NM0007),LGBM,0.08,2019-02-18,2019-02-09,9.0,0.15151919468337052
ZCH070MN,ST12000NM0007,Seagate (ST12000NM0007),LGBM,0.08,2018-09-17,2018-09-16,1.0,0.16793087110462662
ZCH070ZQ,ST12000NM0007,Seagate (ST12000NM0007),LGBM,0.08,2018-10-02,2018-10-02,0.0,0.11263846478844207
ZCH072P4,ST12000NM0007,Seagate (ST12000NM0007),LGBM,0.08,2018-06-02,2018-05-03,30.0,0.18048022631203703
ZCH073Z9,ST12000NM0007,Seagate (ST12000NM0007),LGBM,0.08,2018-12-17,2018-12-17,0.0,0.2526628397144213
ZCH077N9,ST12000NM0007,Seagate (ST12000NM0007),LGBM,0.08,2019-06-12,2019-06-09,3.0,0.995484978512816
ZCH078J5,ST12000NM0007,Seagate (ST12000NM0007),LGBM,0.08,2020-11-23,2020-11-18,5.0,0.11961868135573464
ZCH078YM,ST12000NM0007,Seagate (ST12000NM0007),LGBM,0.08,2019-09-13,2019-09-01,12.0,0.13865674636785427
ZCH07AYE,ST12000NM0007,Seagate (ST12000NM0007),LGBM,0.08,2019-12-28,2019-12-16,12.0,0.25559353901335274
ZCH07C5P,ST12000NM0007,Seagate (ST12000NM0007),LGBM,0.08,2019-05-14,2019-05-14,0.0,0.11397436752248014
ZCH07G29,ST12000NM0007,Seagate (ST12000NM0007),LGBM,0.08,2020-09-03,2020-09-02,1.0,0.9999768577511463
ZCH07JAG,ST12000NM0007,Seagate (ST12000NM0007),LGBM,0.08,2018-01-20,2017-12-25,26.0,0.9962954285580322
ZCH07QC8,ST12000NM0007,Seagate (ST12000NM0007),LGBM,0.08,2020-01-09,2020-01-08,1.0,0.12643716404745206
ZCH07RQT,ST12000NM0007,Seagate (ST12000NM0007),LGBM,0.08,2021-07-07,2021-07-07,0.0,0.11434330274323794
ZCH07S1Y,ST12000NM0007,Seagate (ST12000NM0007),LGBM,0.08,2021-05-11,2021-04-15,26.0,0.11961868135573464
ZCH07ZZC,ST12000NM0007,Seagate (ST12000NM0007),LGBM,0.08,2019-11-19,2019-11-12,7.0,0.6099695577250163
ZCH092TK,ST12000NM0007,Seagate (ST12000NM0007),LGBM,0.08,2019-09-13,2019-08-31,13.0,0.08108090239288149
ZCH09PRH,ST12000NM0007,Seagate (ST12000NM0007),LGBM,0.08,2018-11-11,2018-11-11,0.0,0.1539228100257887
ZCH0AL01,ST12000NM0007,Seagate (ST12000NM0007),LGBM,0.08,2018-09-19,2018-09-14,5.0,0.999986189391943
ZCH0APGY,ST12000NM0007,Seagate (ST12000NM0007),LGBM,0.08,2021-04-04,2021-03-30,5.0,0.09483166733157407
ZCH0BCWV,ST12000NM0007,Seagate (ST12000NM0007),LGBM,0.08,2018-04-25,2018-04-25,0.0,0.9999999484549278
ZCH0BJ46,ST12000NM0007,Seagate (ST12000NM0007),LGBM,0.08,2019-06-25,2019-06-25,0.0,0.1398260881432462
ZCH0CDE8,ST12000NM0007,Seagate (ST12000NM0007),LGBM,0.08,2018-06-11,2018-05-22,20.0,0.9419151348075121
ZCH0D1HC,ST12000NM0007,Seagate (ST12000NM0007),LGBM,0.08,2019-09-20,2019-08-26,25.0,0.554060385147843
ZCH0DG3H,ST12000NM0007,Seagate (ST12000NM0007),LGBM,0.08,2019-07-26,2019-07-25,1.0,0.20579991904100833
ZCH0DY2X,ST12000NM0007,Seagate (ST12000NM0007),LGBM,0.08,2019-03-08,2019-03-01,7.0,0.1085460931389605
ZJV00D2C,ST12000NM0007,Seagate (ST12000NM0007),LGBM,0.08,2020-11-03,2020-10-23,11.0,0.48387345138392546
ZJV00FBJ,ST12000NM0007,Seagate (ST12000NM0007),LGBM,0.08,2019-05-24,2019-05-24,0.0,0.14690011324677874
ZJV00H1Q,ST12000NM0007,Seagate (ST12000NM0007),LGBM,0.08,2018-12-29,2018-12-29,0.0,0.08237153575401648
ZJV03W5T,ST12000NM0007,Seagate (ST12000NM0007),LGBM,0.08,2019-09-17,2019-09-13,4.0,0.528621479457795
ZJV04HXS,ST12000NM0007,Seagate (ST12000NM0007),LGBM,0.08,2019-11-17,2019-10-24,24.0,0.12798520750626574
ZJV0JY76,ST12000NM0007,Seagate (ST12000NM0007),LGBM,0.08,2020-02-10,2020-01-22,19.0,0.13990181875891514
ZJV0QNMW,ST12000NM0007,Seagate (ST12000NM0007),LGBM,0.08,2019-11-16,2019-11-16,0.0,0.1260280307148955
ZJV0RYMQ,ST12000NM0007,Seagate (ST12000NM0007),LGBM,0.08,2023-02-13,2023-02-10,3.0,0.15615417182680227
ZJV0WFST,ST12000NM0007,Seagate (ST12000NM0007),LGBM,0.08,2019-09-17,2019-09-17,0.0,0.0926636134794179
ZJV19Q8F,ST12000NM0007,Seagate (ST12000NM0007),LGBM,0.08,2024-12-21,2024-12-20,1.0,0.16340759396343466
ZJV1KYJ9,ST12000NM0007,Seagate (ST12000NM0007),LGBM,0.08,2020-01-30,2020-01-23,7.0,0.26989810357196076
ZJV2E4GS,ST12000NM0007,Seagate (ST12000NM0007),LGBM,0.08,2025-11-10,2025-11-10,0.0,0.13875483632120178
ZJV2ENN5,ST12000NM0007,Seagate (ST12000NM0007),LGBM,0.08,2019-03-18,2019-03-14,4.0,0.9999999869509941
ZJV2FPYG,ST12000NM0007,Seagate (ST12000NM0007),LGBM,0.08,2019-07-07,2019-07-06,1.0,0.9999999424076571
ZJV3A0BA,ST12000NM0007,Seagate (ST12000NM0007),LGBM,0.08,2021-03-25,2021-03-12,13.0,0.15601528655224112
ZJV3AFSA,ST12000NM0007,Seagate (ST12000NM0007),LGBM,0.08,2023-08-08,2023-08-07,1.0,0.15668873743856887
ZJV3BF8Z,ST12000NM0007,Seagate (ST12000NM0007),LGBM,0.08,2022-10-28,2022-10-28,0.0,0.13700311699690249
ZJV3C4KD,ST12000NM0007,Seagate (ST12000NM0007),LGBM,0.08,2022-02-11,2022-01-28,14.0,0.0846419574491132
ZJV3C6PV,ST12000NM0007,Seagate (ST12000NM0007),LGBM,0.08,2021-05-19,2021-04-27,22.0,0.08594581066953823
ZJV3CG0J,ST12000NM0007,Seagate (ST12000NM0007),LGBM,0.08,2025-03-13,2025-03-05,8.0,0.08956383246756609
ZJV3CSA2,ST12000NM0007,Seagate (ST12000NM0007),LGBM,0.08,2021-01-12,2021-01-11,1.0,0.0840855105134448
ZJV3D9GE,ST12000NM0007,Seagate (ST12000NM0007),LGBM,0.08,2023-11-28,2023-11-28,0.0,0.20994430405176473
ZJV4K6RZ,ST12000NM0007,Seagate (ST12000NM0007),LGBM,0.08,2023-12-04,2023-12-03,1.0,0.10247232618269521
ZJV4LE7S,ST12000NM0007,Seagate (ST12000NM0007),LGBM,0.08,2023-05-22,2023-05-14,8.0,0.13965755415752729
ZJV4LLAA,ST12000NM0007,Seagate (ST12000NM0007),LGBM,0.08,2025-07-17,2025-06-30,17.0,0.08184666674584115
ZJV4M12C,ST12000NM0007,Seagate (ST12000NM0007),LGBM,0.08,2020-03-08,2020-02-09,28.0,0.9999998505410309
ZCH06TH0,ST12000NM0007,Seagate (ST12000NM0007),XGB,0.11,2019-02-19,2019-02-19,0.0,0.5011113882064819
ZCH06WWK,ST12000NM0007,Seagate (ST12000NM0007),XGB,0.11,2019-07-16,2019-07-02,14.0,0.3246826231479645
ZCH06ZR3,ST12000NM0007,Seagate (ST12000NM0007),XGB,0.11,2019-02-18,2019-02-09,9.0,0.19664256274700165
ZCH070MN,ST12000NM0007,Seagate (ST12000NM0007),XGB,0.11,2018-09-17,2018-09-16,1.0,0.3695242404937744
ZCH070VR,ST12000NM0007,Seagate (ST12000NM0007),XGB,0.11,2019-08-01,2019-07-31,1.0,0.7100942730903625
ZCH070ZQ,ST12000NM0007,Seagate (ST12000NM0007),XGB,0.11,2018-10-02,2018-10-02,0.0,0.687731921672821
ZCH072P4,ST12000NM0007,Seagate (ST12000NM0007),XGB,0.11,2018-06-02,2018-05-03,30.0,0.14221827685832977
ZCH073Z9,ST12000NM0007,Seagate (ST12000NM0007),XGB,0.11,2018-12-17,2018-12-16,1.0,0.1304636001586914
ZCH077N9,ST12000NM0007,Seagate (ST12000NM0007),XGB,0.11,2019-06-12,2019-06-09,3.0,0.5452643036842346
ZCH07G29,ST12000NM0007,Seagate (ST12000NM0007),XGB,0.11,2020-09-03,2020-09-02,1.0,0.2665564715862274
ZCH07HM0,ST12000NM0007,Seagate (ST12000NM0007),XGB,0.11,2019-11-02,2019-10-09,24.0,0.11188775300979614
ZCH07JAG,ST12000NM0007,Seagate (ST12000NM0007),XGB,0.11,2018-01-20,2017-12-25,26.0,0.15974466502666473
ZCH07ZZC,ST12000NM0007,Seagate (ST12000NM0007),XGB,0.11,2019-11-19,2019-11-19,0.0,0.12082947045564651
ZCH08034,ST12000NM0007,Seagate (ST12000NM0007),XGB,0.11,2020-05-29,2020-05-27,2.0,0.16037452220916748
ZCH089YR,ST12000NM0007,Seagate (ST12000NM0007),XGB,0.11,2019-08-05,2019-07-31,5.0,0.11449003964662552
ZCH08B2G,ST12000NM0007,Seagate (ST12000NM0007),XGB,0.11,2019-09-28,2019-09-27,1.0,0.15435709059238434
ZCH09753,ST12000NM0007,Seagate (ST12000NM0007),XGB,0.11,2019-08-23,2019-08-23,0.0,0.5666596293449402
ZCH09PRH,ST12000NM0007,Seagate (ST12000NM0007),XGB,0.11,2018-11-11,2018-11-11,0.0,0.22690966725349426
ZCH0BCWV,ST12000NM0007,Seagate (ST12000NM0007),XGB,0.11,2018-04-25,2018-04-25,0.0,0.49063360691070557
ZCH0BJ46,ST12000NM0007,Seagate (ST12000NM0007),XGB,0.11,2019-06-25,2019-06-25,0.0,0.3687823414802551
ZCH0CZBH,ST12000NM0007,Seagate (ST12000NM0007),XGB,0.11,2019-05-21,2019-05-07,14.0,0.1274123340845108
ZCH0D1PC,ST12000NM0007,Seagate (ST12000NM0007),XGB,0.11,2019-02-09,2019-02-08,1.0,0.11163348704576492
ZCH0DG3H,ST12000NM0007,Seagate (ST12000NM0007),XGB,0.11,2019-07-26,2019-07-14,12.0,0.2817440629005432
ZCH0E7WL,ST12000NM0007,Seagate (ST12000NM0007),XGB,0.11,2019-05-10,2019-04-17,23.0,0.41107726097106934
ZJV005J2,ST12000NM0007,Seagate (ST12000NM0007),XGB,0.11,2021-01-21,2021-01-16,5.0,0.12535907328128815
ZJV00D2C,ST12000NM0007,Seagate (ST12000NM0007),XGB,0.11,2020-11-03,2020-10-21,13.0,0.276037335395813
ZJV00FBJ,ST12000NM0007,Seagate (ST12000NM0007),XGB,0.11,2019-05-24,2019-05-24,0.0,0.3344303071498871
ZJV00FQZ,ST12000NM0007,Seagate (ST12000NM0007),XGB,0.11,2019-07-25,2019-07-11,14.0,0.13256685435771942
ZJV00H1Q,ST12000NM0007,Seagate (ST12000NM0007),XGB,0.11,2018-12-29,2018-12-29,0.0,0.11233896762132645
ZJV03W5T,ST12000NM0007,Seagate (ST12000NM0007),XGB,0.11,2019-09-17,2019-09-13,4.0,0.5688169002532959
ZJV0BMW1,ST12000NM0007,Seagate (ST12000NM0007),XGB,0.11,2019-11-25,2019-11-25,0.0,0.1987927109003067
ZJV0RYMQ,ST12000NM0007,Seagate (ST12000NM0007),XGB,0.11,2023-02-13,2023-02-13,0.0,0.49625810980796814
ZJV19EWJ,ST12000NM0007,Seagate (ST12000NM0007),XGB,0.11,2019-07-19,2019-07-14,5.0,0.20264852046966553
ZJV19Q8F,ST12000NM0007,Seagate (ST12000NM0007),XGB,0.11,2024-12-21,2024-12-21,0.0,0.44864922761917114
ZJV1KYJ9,ST12000NM0007,Seagate (ST12000NM0007),XGB,0.11,2020-01-30,2020-01-23,7.0,0.5041258931159973
ZJV2ENN5,ST12000NM0007,Seagate (ST12000NM0007),XGB,0.11,2019-03-18,2019-03-14,4.0,0.7665997743606567
ZJV2FPYG,ST12000NM0007,Seagate (ST12000NM0007),XGB,0.11,2019-07-07,2019-06-23,14.0,0.3852517902851105
ZJV39MN7,ST12000NM0007,Seagate (ST12000NM0007),XGB,0.11,2022-08-26,2022-08-20,6.0,0.16802620887756348
ZJV3A0BA,ST12000NM0007,Seagate (ST12000NM0007),XGB,0.11,2021-03-25,2021-03-20,5.0,0.2805713415145874
ZJV3AFSA,ST12000NM0007,Seagate (ST12000NM0007),XGB,0.11,2023-08-08,2023-08-07,1.0,0.14901012182235718
ZJV3AVA4,ST12000NM0007,Seagate (ST12000NM0007),XGB,0.11,2024-03-17,2024-03-17,0.0,0.5483139157295227
ZJV3BF8Z,ST12000NM0007,Seagate (ST12000NM0007),XGB,0.11,2022-10-28,2022-10-27,1.0,0.13755430281162262
ZJV3C4KD,ST12000NM0007,Seagate (ST12000NM0007),XGB,0.11,2022-02-11,2022-01-28,14.0,0.22001682221889496
ZJV3C6PV,ST12000NM0007,Seagate (ST12000NM0007),XGB,0.11,2021-05-19,2021-05-07,12.0,0.14001290500164032
ZJV3C8BB,ST12000NM0007,Seagate (ST12000NM0007),XGB,0.11,2022-07-02,2022-07-02,0.0,0.13258111476898193
ZJV3D049,ST12000NM0007,Seagate (ST12000NM0007),XGB,0.11,2023-05-31,2023-05-26,5.0,0.13981713354587555
ZJV3D9GE,ST12000NM0007,Seagate (ST12000NM0007),XGB,0.11,2023-11-28,2023-11-24,4.0,0.24024660885334015
ZJV4K6RZ,ST12000NM0007,Seagate (ST12000NM0007),XGB,0.11,2023-12-04,2023-11-28,6.0,0.1897059679031372
ZJV4LLAA,ST12000NM0007,Seagate (ST12000NM0007),XGB,0.11,2025-07-17,2025-07-14,3.0,0.11475561559200287
ZJV4M12C,ST12000NM0007,Seagate (ST12000NM0007),XGB,0.11,2020-03-08,2020-02-09,28.0,0.21629542112350464
ZCH065DF,ST12000NM0007,Seagate (ST12000NM0007),LSTM,0.3,2018-08-02,2018-08-02,0.0,0.31224700808525085
ZCH06WWK,ST12000NM0007,Seagate (ST12000NM0007),LSTM,0.3,2019-07-16,2019-07-04,12.0,0.32237526774406433
ZCH06ZR3,ST12000NM0007,Seagate (ST12000NM0007),LSTM,0.3,2019-02-18,2019-02-16,2.0,0.3640274405479431
ZCH070VR,ST12000NM0007,Seagate (ST12000NM0007),LSTM,0.3,2019-08-01,2019-07-31,1.0,0.39610594511032104
ZCH072P4,ST12000NM0007,Seagate (ST12000NM0007),LSTM,0.3,2018-06-02,2018-05-08,25.0,0.30301132798194885
ZCH077N9,ST12000NM0007,Seagate (ST12000NM0007),LSTM,0.3,2019-06-12,2019-06-10,2.0,0.39635512232780457
ZCH078J5,ST12000NM0007,Seagate (ST12000NM0007),LSTM,0.3,2020-11-23,2020-11-18,5.0,0.3040253221988678
ZCH078YM,ST12000NM0007,Seagate (ST12000NM0007),LSTM,0.3,2019-09-13,2019-08-23,21.0,0.3378966748714447
ZCH07BWD,ST12000NM0007,Seagate (ST12000NM0007),LSTM,0.3,2019-12-13,2019-11-21,22.0,0.3205103874206543
ZCH07G29,ST12000NM0007,Seagate (ST12000NM0007),LSTM,0.3,2020-09-03,2020-08-20,14.0,0.37875109910964966
ZCH07HM0,ST12000NM0007,Seagate (ST12000NM0007),LSTM,0.3,2019-11-02,2019-10-09,24.0,0.3102995753288269
ZCH07JAG,ST12000NM0007,Seagate (ST12000NM0007),LSTM,0.3,2018-01-20,2017-12-30,21.0,0.3400426208972931
ZCH080S1,ST12000NM0007,Seagate (ST12000NM0007),LSTM,0.3,2019-06-12,2019-06-09,3.0,0.30579042434692383
ZCH089YR,ST12000NM0007,Seagate (ST12000NM0007),LSTM,0.3,2019-08-05,2019-08-02,3.0,0.34281042218208313
ZCH08B2G,ST12000NM0007,Seagate (ST12000NM0007),LSTM,0.3,2019-09-28,2019-09-08,20.0,0.34074434638023376
ZCH0A87H,ST12000NM0007,Seagate (ST12000NM0007),LSTM,0.3,2019-10-30,2019-10-30,0.0,0.3169565200805664
ZCH0BJ46,ST12000NM0007,Seagate (ST12000NM0007),LSTM,0.3,2019-06-25,2019-06-18,7.0,0.30675750970840454
ZCH0DG3H,ST12000NM0007,Seagate (ST12000NM0007),LSTM,0.3,2019-07-26,2019-07-26,0.0,0.30121898651123047
ZCH0E7WL,ST12000NM0007,Seagate (ST12000NM0007),LSTM,0.3,2019-05-10,2019-04-19,21.0,0.3956497013568878
ZJV00D2C,ST12000NM0007,Seagate (ST12000NM0007),LSTM,0.3,2020-11-03,2020-10-25,9.0,0.3130483031272888
ZJV00FQZ,ST12000NM0007,Seagate (ST12000NM0007),LSTM,0.3,2019-07-25,2019-07-15,10.0,0.34007030725479126
ZJV03SVX,ST12000NM0007,Seagate (ST12000NM0007),LSTM,0.3,2019-08-07,2019-08-05,2.0,0.30476245284080505
ZJV03W5T,ST12000NM0007,Seagate (ST12000NM0007),LSTM,0.3,2019-09-17,2019-09-09,8.0,0.3261863887310028
ZJV04HXS,ST12000NM0007,Seagate (ST12000NM0007),LSTM,0.3,2019-11-17,2019-10-25,23.0,0.3369913399219513
ZJV19EWJ,ST12000NM0007,Seagate (ST12000NM0007),LSTM,0.3,2019-07-19,2019-07-16,3.0,0.30750319361686707
ZJV1KYJ9,ST12000NM0007,Seagate (ST12000NM0007),LSTM,0.3,2020-01-30,2020-01-24,6.0,0.3379264175891876
ZJV2ENN5,ST12000NM0007,Seagate (ST12000NM0007),LSTM,0.3,2019-03-18,2019-03-15,3.0,0.3508906364440918
ZJV2FPYG,ST12000NM0007,Seagate (ST12000NM0007),LSTM,0.3,2019-07-07,2019-06-17,20.0,0.33853864669799805
ZJV3A0BA,ST12000NM0007,Seagate (ST12000NM0007),LSTM,0.3,2021-03-25,2021-03-13,12.0,0.3754079341888428
ZJV3AFSA,ST12000NM0007,Seagate (ST12000NM0007),LSTM,0.3,2023-08-08,2023-08-08,0.0,0.3803443908691406
ZJV3BF8Z,ST12000NM0007,Seagate (ST12000NM0007),LSTM,0.3,2022-10-28,2022-10-28,0.0,0.37269291281700134
ZJV3CSA2,ST12000NM0007,Seagate (ST12000NM0007),LSTM,0.3,2021-01-12,2021-01-11,1.0,0.3568681478500366
ZJV3D049,ST12000NM0007,Seagate (ST12000NM0007),LSTM,0.3,2023-05-31,2023-05-26,5.0,0.3088316321372986
ZJV4K6RZ,ST12000NM0007,Seagate (ST12000NM0007),LSTM,0.3,2023-12-04,2023-11-30,4.0,0.31308767199516296
ZJV4LE7S,ST12000NM0007,Seagate (ST12000NM0007),LSTM,0.3,2023-05-22,2023-05-02,20.0,0.30021169781684875
ZJV4M12C,ST12000NM0007,Seagate (ST12000NM0007),LSTM,0.3,2020-03-08,2020-02-09,28.0,0.35049381852149963
ZCH06TH0,ST12000NM0007,Seagate (ST12000NM0007),GRU,0.32,2019-02-19,2019-02-19,0.0,0.49590370059013367
ZCH06WWK,ST12000NM0007,Seagate (ST12000NM0007),GRU,0.32,2019-07-16,2019-07-03,13.0,0.3717493712902069
ZCH06ZR3,ST12000NM0007,Seagate (ST12000NM0007),GRU,0.32,2019-02-18,2019-02-16,2.0,0.4458807706832886
ZCH070MN,ST12000NM0007,Seagate (ST12000NM0007),GRU,0.32,2018-09-17,2018-09-16,1.0,0.41473260521888733
ZCH070VR,ST12000NM0007,Seagate (ST12000NM0007),GRU,0.32,2019-08-01,2019-07-29,3.0,0.35996145009994507
ZCH070ZQ,ST12000NM0007,Seagate (ST12000NM0007),GRU,0.32,2018-10-02,2018-10-02,0.0,0.37085938453674316
ZCH073Z9,ST12000NM0007,Seagate (ST12000NM0007),GRU,0.32,2018-12-17,2018-12-17,0.0,0.34088951349258423
ZCH077N9,ST12000NM0007,Seagate (ST12000NM0007),GRU,0.32,2019-06-12,2019-06-09,3.0,0.5011377930641174
ZCH078J5,ST12000NM0007,Seagate (ST12000NM0007),GRU,0.32,2020-11-23,2020-11-16,7.0,0.37911927700042725
ZCH078YM,ST12000NM0007,Seagate (ST12000NM0007),GRU,0.32,2019-09-13,2019-08-21,23.0,0.3530372381210327
ZCH07BWD,ST12000NM0007,Seagate (ST12000NM0007),GRU,0.32,2019-12-13,2019-11-22,21.0,0.4017889201641083
ZCH07G29,ST12000NM0007,Seagate (ST12000NM0007),GRU,0.32,2020-09-03,2020-08-18,16.0,0.32536545395851135
ZCH07HM0,ST12000NM0007,Seagate (ST12000NM0007),GRU,0.32,2019-11-02,2019-10-08,25.0,0.35884347558021545
ZCH07JAG,ST12000NM0007,Seagate (ST12000NM0007),GRU,0.32,2018-01-20,2017-12-29,22.0,0.3378782868385315
ZCH07NLF,ST12000NM0007,Seagate (ST12000NM0007),GRU,0.32,2020-07-10,2020-07-04,6.0,0.32297855615615845
ZCH07QC8,ST12000NM0007,Seagate (ST12000NM0007),GRU,0.32,2020-01-09,2020-01-08,1.0,0.4212706387042999
ZCH080S1,ST12000NM0007,Seagate (ST12000NM0007),GRU,0.32,2019-06-12,2019-06-07,5.0,0.3661852478981018
ZCH089YR,ST12000NM0007,Seagate (ST12000NM0007),GRU,0.32,2019-08-05,2019-08-01,4.0,0.3319302201271057
ZCH08B2G,ST12000NM0007,Seagate (ST12000NM0007),GRU,0.32,2019-09-28,2019-09-06,22.0,0.35124120116233826
ZCH09PRH,ST12000NM0007,Seagate (ST12000NM0007),GRU,0.32,2018-11-11,2018-11-11,0.0,0.40033090114593506
ZCH0APGY,ST12000NM0007,Seagate (ST12000NM0007),GRU,0.32,2021-04-04,2021-04-03,1.0,0.37416547536849976
ZCH0BCWV,ST12000NM0007,Seagate (ST12000NM0007),GRU,0.32,2018-04-25,2018-04-25,0.0,0.482898086309433
ZCH0BJ46,ST12000NM0007,Seagate (ST12000NM0007),GRU,0.32,2019-06-25,2019-06-16,9.0,0.3213502764701843
ZCH0BTJN,ST12000NM0007,Seagate (ST12000NM0007),GRU,0.32,2019-09-27,2019-09-27,0.0,0.35172733664512634
ZCH0DG3H,ST12000NM0007,Seagate (ST12000NM0007),GRU,0.32,2019-07-26,2019-07-25,1.0,0.3703306317329407
ZCH0E7WL,ST12000NM0007,Seagate (ST12000NM0007),GRU,0.32,2019-05-10,2019-04-17,23.0,0.326589435338974
ZJV00D2C,ST12000NM0007,Seagate (ST12000NM0007),GRU,0.32,2020-11-03,2020-10-23,11.0,0.3633570671081543
ZJV00F20,ST12000NM0007,Seagate (ST12000NM0007),GRU,0.32,2019-11-20,2019-11-20,0.0,0.47096937894821167
ZJV00FQZ,ST12000NM0007,Seagate (ST12000NM0007),GRU,0.32,2019-07-25,2019-07-17,8.0,0.3352850675582886
ZJV00H1Q,ST12000NM0007,Seagate (ST12000NM0007),GRU,0.32,2018-12-29,2018-12-29,0.0,0.39149928092956543
ZJV02D6G,ST12000NM0007,Seagate (ST12000NM0007),GRU,0.32,2019-09-17,2019-09-15,2.0,0.34711870551109314
ZJV03SVX,ST12000NM0007,Seagate (ST12000NM0007),GRU,0.32,2019-08-07,2019-08-07,0.0,0.32365578413009644
ZJV03W5T,ST12000NM0007,Seagate (ST12000NM0007),GRU,0.32,2019-09-17,2019-09-13,4.0,0.46431756019592285
ZJV04HXS,ST12000NM0007,Seagate (ST12000NM0007),GRU,0.32,2019-11-17,2019-10-26,22.0,0.3381303548812866
ZJV19EWJ,ST12000NM0007,Seagate (ST12000NM0007),GRU,0.32,2019-07-19,2019-07-15,4.0,0.3534267544746399
ZJV1KYJ9,ST12000NM0007,Seagate (ST12000NM0007),GRU,0.32,2020-01-30,2020-01-23,7.0,0.39603424072265625
ZJV2ECQW,ST12000NM0007,Seagate (ST12000NM0007),GRU,0.32,2019-07-13,2019-07-13,0.0,0.3541717827320099
ZJV2ENN5,ST12000NM0007,Seagate (ST12000NM0007),GRU,0.32,2019-03-18,2019-03-14,4.0,0.44929710030555725
ZJV2FPYG,ST12000NM0007,Seagate (ST12000NM0007),GRU,0.32,2019-07-07,2019-06-15,22.0,0.3757171034812927
ZJV3A0BA,ST12000NM0007,Seagate (ST12000NM0007),GRU,0.32,2021-03-25,2021-03-13,12.0,0.41000741720199585
ZJV3AFSA,ST12000NM0007,Seagate (ST12000NM0007),GRU,0.32,2023-08-08,2023-08-07,1.0,0.3999873995780945
ZJV3BF8Z,ST12000NM0007,Seagate (ST12000NM0007),GRU,0.32,2022-10-28,2022-10-27,1.0,0.4047916829586029
ZJV3C4KD,ST12000NM0007,Seagate (ST12000NM0007),GRU,0.32,2022-02-11,2022-01-28,14.0,0.3897504508495331
ZJV3C8BB,ST12000NM0007,Seagate (ST12000NM0007),GRU,0.32,2022-07-02,2022-07-02,0.0,0.3536137342453003
ZJV3CG0J,ST12000NM0007,Seagate (ST12000NM0007),GRU,0.32,2025-03-13,2025-03-05,8.0,0.33627820014953613
ZJV3CSA2,ST12000NM0007,Seagate (ST12000NM0007),GRU,0.32,2021-01-12,2021-01-11,1.0,0.39904114603996277
ZJV3D049,ST12000NM0007,Seagate (ST12000NM0007),GRU,0.32,2023-05-31,2023-05-31,0.0,0.33272507786750793
ZJV3D9GE,ST12000NM0007,Seagate (ST12000NM0007),GRU,0.32,2023-11-28,2023-11-24,4.0,0.41490674018859863
ZJV4K3F6,ST12000NM0007,Seagate (ST12000NM0007),GRU,0.32,2021-05-29,2021-05-09,20.0,0.44399458169937134
ZJV4K6RZ,ST12000NM0007,Seagate (ST12000NM0007),GRU,0.32,2023-12-04,2023-11-30,4.0,0.4017946720123291
ZJV4LE7S,ST12000NM0007,Seagate (ST12000NM0007),GRU,0.32,2023-05-22,2023-05-04,18.0,0.33226311206817627
ZJV4LLAA,ST12000NM0007,Seagate (ST12000NM0007),GRU,0.32,2025-07-17,2025-07-04,13.0,0.4084589183330536
ZJV4M12C,ST12000NM0007,Seagate (ST12000NM0007),GRU,0.32,2020-03-08,2020-02-08,29.0,0.4414324462413788
2AGMHWAY,HGST_20HUH721212ALN604,HGST (20HUH721212ALN604),LGBM,0.99,2023-09-22,2023-09-13,9.0,0.9999993672390599
2AGMKV4Y,HGST_20HUH721212ALN604,HGST (20HUH721212ALN604),LGBM,0.99,2026-01-28,2026-01-18,10.0,1.0
2AGMLSZY,HGST_20HUH721212ALN604,HGST (20HUH721212ALN604),LGBM,0.99,2020-07-30,2020-07-23,7.0,0.9999896914968729
2AGMLZLY,HGST_20HUH721212ALN604,HGST (20HUH721212ALN604),LGBM,0.99,2026-02-11,2026-02-11,0.0,0.9999998637572406
2AGMND4Y,HGST_20HUH721212ALN604,HGST (20HUH721212ALN604),LGBM,0.99,2025-10-27,2025-10-14,13.0,0.9999999999999938
2AGMNJKY,HGST_20HUH721212ALN604,HGST (20HUH721212ALN604),LGBM,0.99,2025-09-29,2025-09-15,14.0,0.9999936056993834
2AGMPP4Y,HGST_20HUH721212ALN604,HGST (20HUH721212ALN604),LGBM,0.99,2025-09-23,2025-08-27,27.0,0.9999998624028877
AAG5YYKH,HGST_20HUH721212ALN604,HGST (20HUH721212ALN604),LGBM,0.99,2025-09-30,2025-09-03,27.0,0.9983253204234089
AAG5YZZH,HGST_20HUH721212ALN604,HGST (20HUH721212ALN604),LGBM,0.99,2025-07-30,2025-07-08,22.0,0.9993999910044077
AAG61LHH,HGST_20HUH721212ALN604,HGST (20HUH721212ALN604),LGBM,0.99,2024-05-17,2024-05-09,8.0,0.9998845047923023
AAG63Z8H,HGST_20HUH721212ALN604,HGST (20HUH721212ALN604),LGBM,0.99,2025-09-28,2025-09-13,15.0,0.9999996202674969
AAG6417H,HGST_20HUH721212ALN604,HGST (20HUH721212ALN604),LGBM,0.99,2024-06-06,2024-05-30,7.0,0.9998919035649305
AAG6NPRH,HGST_20HUH721212ALN604,HGST (20HUH721212ALN604),LGBM,0.99,2026-03-12,2026-03-12,0.0,0.9999994603920747
AAG76HYH,HGST_20HUH721212ALN604,HGST (20HUH721212ALN604),LGBM,0.99,2021-09-29,2021-09-10,19.0,1.0
AAG7MULH,HGST_20HUH721212ALN604,HGST (20HUH721212ALN604),LGBM,0.99,2026-03-13,2026-03-08,5.0,1.0
AAHLBWGH,HGST_20HUH721212ALN604,HGST (20HUH721212ALN604),LGBM,0.99,2025-08-30,2025-08-22,8.0,0.9999996673555985
AAHMR03H,HGST_20HUH721212ALN604,HGST (20HUH721212ALN604),LGBM,0.99,2025-11-26,2025-11-13,13.0,0.9999993971403778
2AGGHGJY,HGST_20HUH721212ALN604,HGST (20HUH721212ALN604),XGB,0.46,2024-11-19,2024-11-19,0.0,0.5702230930328369
2AGM8EMY,HGST_20HUH721212ALN604,HGST (20HUH721212ALN604),XGB,0.46,2024-10-29,2024-10-29,0.0,0.6446989178657532
2AGME9PY,HGST_20HUH721212ALN604,HGST (20HUH721212ALN604),XGB,0.46,2024-08-06,2024-08-06,0.0,0.5974369645118713
2AGMHWAY,HGST_20HUH721212ALN604,HGST (20HUH721212ALN604),XGB,0.46,2023-09-22,2023-09-09,13.0,0.7170466184616089
2AGMLSZY,HGST_20HUH721212ALN604,HGST (20HUH721212ALN604),XGB,0.46,2020-07-30,2020-07-23,7.0,0.5774312615394592
2AGMND4Y,HGST_20HUH721212ALN604,HGST (20HUH721212ALN604),XGB,0.46,2025-10-27,2025-10-22,5.0,0.5847644805908203
2AGMTK0Y,HGST_20HUH721212ALN604,HGST (20HUH721212ALN604),XGB,0.46,2025-08-30,2025-08-25,5.0,0.5902120471000671
5QJBW5VB,HGST_20HUH721212ALN604,HGST (20HUH721212ALN604),XGB,0.46,2024-05-25,2024-05-08,17.0,0.5267643928527832
8HHARE1H,HGST_20HUH721212ALN604,HGST (20HUH721212ALN604),XGB,0.46,2023-03-24,2023-03-05,19.0,0.7036895751953125
8HHNHSUH,HGST_20HUH721212ALN604,HGST (20HUH721212ALN604),XGB,0.46,2024-12-06,2024-12-06,0.0,0.5322235822677612
8HK6VSKH,HGST_20HUH721212ALN604,HGST (20HUH721212ALN604),XGB,0.46,2024-03-10,2024-03-06,4.0,0.4712425768375397
8HKMR21H,HGST_20HUH721212ALN604,HGST (20HUH721212ALN604),XGB,0.46,2020-09-02,2020-08-25,8.0,0.5759500861167908
AAG1LW3H,HGST_20HUH721212ALN604,HGST (20HUH721212ALN604),XGB,0.46,2024-09-03,2024-08-17,17.0,0.9090418219566345
AAG61LHH,HGST_20HUH721212ALN604,HGST (20HUH721212ALN604),XGB,0.46,2024-05-17,2024-05-09,8.0,0.6097850203514099
AAG63Z8H,HGST_20HUH721212ALN604,HGST (20HUH721212ALN604),XGB,0.46,2025-09-28,2025-09-13,15.0,0.5109632015228271
AAG6417H,HGST_20HUH721212ALN604,HGST (20HUH721212ALN604),XGB,0.46,2024-06-06,2024-05-30,7.0,0.5724501609802246
AAG7LTHH,HGST_20HUH721212ALN604,HGST (20HUH721212ALN604),XGB,0.46,2024-07-29,2024-07-29,0.0,0.46665841341018677
AAHLV40H,HGST_20HUH721212ALN604,HGST (20HUH721212ALN604),XGB,0.46,2019-08-05,2019-07-27,9.0,0.6717469692230225
2AGMKV4Y,HGST_20HUH721212ALN604,HGST (20HUH721212ALN604),LSTM,0.11,2026-01-28,2026-01-17,11.0,0.11584915965795517
2AGMLSZY,HGST_20HUH721212ALN604,HGST (20HUH721212ALN604),LSTM,0.11,2020-07-30,2020-07-22,8.0,0.13575519621372223
2AGMND4Y,HGST_20HUH721212ALN604,HGST (20HUH721212ALN604),LSTM,0.11,2025-10-27,2025-10-10,17.0,0.1160031110048294
2AGMNE1Y,HGST_20HUH721212ALN604,HGST (20HUH721212ALN604),LSTM,0.11,2025-11-26,2025-11-26,0.0,0.5043136477470398
2AGMNJKY,HGST_20HUH721212ALN604,HGST (20HUH721212ALN604),LSTM,0.11,2025-09-29,2025-09-15,14.0,0.1114625483751297
2AGMPP4Y,HGST_20HUH721212ALN604,HGST (20HUH721212ALN604),LSTM,0.11,2025-09-23,2025-09-11,12.0,0.15045736730098724
2AGMTK0Y,HGST_20HUH721212ALN604,HGST (20HUH721212ALN604),LSTM,0.11,2025-08-30,2025-08-30,0.0,0.5183719992637634
5QJBW5VB,HGST_20HUH721212ALN604,HGST (20HUH721212ALN604),LSTM,0.11,2024-05-25,2024-05-09,16.0,0.13739386200904846
8CGXNNUE,HGST_20HUH721212ALN604,HGST (20HUH721212ALN604),LSTM,0.11,2022-05-10,2022-04-28,12.0,0.11290296167135239
8CH5214E,HGST_20HUH721212ALN604,HGST (20HUH721212ALN604),LSTM,0.11,2024-02-15,2024-02-14,1.0,0.11968739330768585
8HHARE1H,HGST_20HUH721212ALN604,HGST (20HUH721212ALN604),LSTM,0.11,2023-03-24,2023-03-11,13.0,0.11926200240850449
8HK6VSKH,HGST_20HUH721212ALN604,HGST (20HUH721212ALN604),LSTM,0.11,2024-03-10,2024-03-05,5.0,0.11121607571840286
AAG63PKH,HGST_20HUH721212ALN604,HGST (20HUH721212ALN604),LSTM,0.11,2022-05-22,2022-05-12,10.0,0.12343376129865646
AAG63WHH,HGST_20HUH721212ALN604,HGST (20HUH721212ALN604),LSTM,0.11,2025-11-30,2025-11-30,0.0,0.11893967539072037
AAG63Z8H,HGST_20HUH721212ALN604,HGST (20HUH721212ALN604),LSTM,0.11,2025-09-28,2025-09-16,12.0,0.12694096565246582
AAG6417H,HGST_20HUH721212ALN604,HGST (20HUH721212ALN604),LSTM,0.11,2024-06-06,2024-06-04,2.0,0.11531414836645126
AAG6NPRH,HGST_20HUH721212ALN604,HGST (20HUH721212ALN604),LSTM,0.11,2026-03-12,2026-03-12,0.0,0.42260321974754333
AAG76HYH,HGST_20HUH721212ALN604,HGST (20HUH721212ALN604),LSTM,0.11,2021-09-29,2021-08-30,30.0,0.19463646411895752
AAG7MULH,HGST_20HUH721212ALN604,HGST (20HUH721212ALN604),LSTM,0.11,2026-03-13,2026-02-13,28.0,0.3342767357826233
AAHLBWGH,HGST_20HUH721212ALN604,HGST (20HUH721212ALN604),LSTM,0.11,2025-08-30,2025-08-30,0.0,0.3367379307746887
AAHMR03H,HGST_20HUH721212ALN604,HGST (20HUH721212ALN604),LSTM,0.11,2025-11-26,2025-11-18,8.0,0.11159428209066391
2AGMHXDY,HGST_20HUH721212ALN604,HGST (20HUH721212ALN604),GRU,0.16,2025-06-02,2025-05-29,4.0,0.18275313079357147
2AGMLSZY,HGST_20HUH721212ALN604,HGST (20HUH721212ALN604),GRU,0.16,2020-07-30,2020-07-19,11.0,0.21197369694709778
2AGMND4Y,HGST_20HUH721212ALN604,HGST (20HUH721212ALN604),GRU,0.16,2025-10-27,2025-10-12,15.0,0.23808957636356354
2AGMNJKY,HGST_20HUH721212ALN604,HGST (20HUH721212ALN604),GRU,0.16,2025-09-29,2025-09-14,15.0,0.1636914312839508
2AGMPP4Y,HGST_20HUH721212ALN604,HGST (20HUH721212ALN604),GRU,0.16,2025-09-23,2025-09-11,12.0,0.21768617630004883
2AGMTK0Y,HGST_20HUH721212ALN604,HGST (20HUH721212ALN604),GRU,0.16,2025-08-30,2025-08-30,0.0,0.40515491366386414
5QJBW5VB,HGST_20HUH721212ALN604,HGST (20HUH721212ALN604),GRU,0.16,2024-05-25,2024-05-08,17.0,0.2667936384677887
8CGXNNUE,HGST_20HUH721212ALN604,HGST (20HUH721212ALN604),GRU,0.16,2022-05-10,2022-05-01,9.0,0.1618124395608902
8CH190UE,HGST_20HUH721212ALN604,HGST (20HUH721212ALN604),GRU,0.16,2022-03-26,2022-03-16,10.0,0.17795643210411072
8CH5214E,HGST_20HUH721212ALN604,HGST (20HUH721212ALN604),GRU,0.16,2024-02-15,2024-01-17,29.0,0.1999327689409256
8HHARE1H,HGST_20HUH721212ALN604,HGST (20HUH721212ALN604),GRU,0.16,2023-03-24,2023-03-11,13.0,0.16467660665512085
8HJ9K7HH,HGST_20HUH721212ALN604,HGST (20HUH721212ALN604),GRU,0.16,2025-01-28,2025-01-26,2.0,0.1633688360452652
8HK6VSKH,HGST_20HUH721212ALN604,HGST (20HUH721212ALN604),GRU,0.16,2024-03-10,2024-03-06,4.0,0.16187071800231934
AAG63PKH,HGST_20HUH721212ALN604,HGST (20HUH721212ALN604),GRU,0.16,2022-05-22,2022-05-22,0.0,0.16017933189868927
AAG63Z8H,HGST_20HUH721212ALN604,HGST (20HUH721212ALN604),GRU,0.16,2025-09-28,2025-09-14,14.0,0.2812838852405548
AAG6417H,HGST_20HUH721212ALN604,HGST (20HUH721212ALN604),GRU,0.16,2024-06-06,2024-05-30,7.0,0.19988000392913818
AAG67V3H,HGST_20HUH721212ALN604,HGST (20HUH721212ALN604),GRU,0.16,2025-06-20,2025-06-20,0.0,0.18631112575531006
AAG76HYH,HGST_20HUH721212ALN604,HGST (20HUH721212ALN604),GRU,0.16,2021-09-29,2021-08-30,30.0,0.2807566523551941
AAG7MULH,HGST_20HUH721212ALN604,HGST (20HUH721212ALN604),GRU,0.16,2026-03-13,2026-02-13,28.0,0.4905445873737335
AAHLBWGH,HGST_20HUH721212ALN604,HGST (20HUH721212ALN604),GRU,0.16,2025-08-30,2025-08-14,16.0,0.2103600800037384
AAHMR03H,HGST_20HUH721212ALN604,HGST (20HUH721212ALN604),GRU,0.16,2025-11-26,2025-11-13,13.0,0.16950097680091858
1070A03AF97G,TOSHIBA_20MG07ACA14TA,Toshiba (20MG07ACA14TA),LGBM,0.13,2023-06-22,2023-06-18,4.0,0.43096538573526894
11F0A006F97G,TOSHIBA_20MG07ACA14TA,Toshiba (20MG07ACA14TA),LGBM,0.13,2024-11-27,2024-11-27,0.0,0.16412078379708317
40N0A0MAF97G,TOSHIBA_20MG07ACA14TA,Toshiba (20MG07ACA14TA),LGBM,0.13,2020-08-15,2020-08-14,1.0,0.9999990134690118
40X0A0ARF97G,TOSHIBA_20MG07ACA14TA,Toshiba (20MG07ACA14TA),LGBM,0.13,2025-04-05,2025-04-01,4.0,0.9999999999999998
5120A09XF97G,TOSHIBA_20MG07ACA14TA,Toshiba (20MG07ACA14TA),LGBM,0.13,2025-07-26,2025-07-11,15.0,0.16482822463749922
69J0A057F97G,TOSHIBA_20MG07ACA14TA,Toshiba (20MG07ACA14TA),LGBM,0.13,2024-10-12,2024-10-02,10.0,0.16482822463749922
70M0A03RF97G,TOSHIBA_20MG07ACA14TA,Toshiba (20MG07ACA14TA),LGBM,0.13,2025-05-10,2025-04-14,26.0,0.16412078379708317
88P0A0EJF97G,TOSHIBA_20MG07ACA14TA,Toshiba (20MG07ACA14TA),LGBM,0.13,2025-05-02,2025-04-03,29.0,0.9999981804352683
88Q0A0MWF97G,TOSHIBA_20MG07ACA14TA,Toshiba (20MG07ACA14TA),LGBM,0.13,2024-05-11,2024-05-03,8.0,0.16412078379708317
X820A002F97G,TOSHIBA_20MG07ACA14TA,Toshiba (20MG07ACA14TA),LGBM,0.13,2025-05-22,2025-04-28,24.0,0.16412078379708317
X880A0BXF97G,TOSHIBA_20MG07ACA14TA,Toshiba (20MG07ACA14TA),LGBM,0.13,2023-06-25,2023-06-14,11.0,0.16412078379708317
X880A0E4F97G,TOSHIBA_20MG07ACA14TA,Toshiba (20MG07ACA14TA),LGBM,0.13,2025-01-17,2025-01-07,10.0,0.5553379397357955
X8E0A00MF97G,TOSHIBA_20MG07ACA14TA,Toshiba (20MG07ACA14TA),LGBM,0.13,2022-04-25,2022-04-10,15.0,0.16412078379708317
X8G0A05GF97G,TOSHIBA_20MG07ACA14TA,Toshiba (20MG07ACA14TA),LGBM,0.13,2022-06-21,2022-06-09,12.0,0.16412078379708317
X8H0A02SF97G,TOSHIBA_20MG07ACA14TA,Toshiba (20MG07ACA14TA),LGBM,0.13,2023-04-08,2023-03-09,30.0,0.16412078379708317
Y0K0A001F97G,TOSHIBA_20MG07ACA14TA,Toshiba (20MG07ACA14TA),LGBM,0.13,2025-06-19,2025-05-20,30.0,0.16482822463749922
Y810A004F97G,TOSHIBA_20MG07ACA14TA,Toshiba (20MG07ACA14TA),LGBM,0.13,2024-04-24,2024-04-22,2.0,0.16412078379708317
Z840A00MF97G,TOSHIBA_20MG07ACA14TA,Toshiba (20MG07ACA14TA),LGBM,0.13,2025-01-17,2024-12-25,23.0,0.16412078379708317
Z840A01PF97G,TOSHIBA_20MG07ACA14TA,Toshiba (20MG07ACA14TA),LGBM,0.13,2026-01-13,2026-01-03,10.0,0.43096538573526894
1070A03AF97G,TOSHIBA_20MG07ACA14TA,Toshiba (20MG07ACA14TA),XGB,0.13,2023-06-22,2023-06-18,4.0,0.8743941783905029
10A0A0KPF97G,TOSHIBA_20MG07ACA14TA,Toshiba (20MG07ACA14TA),XGB,0.13,2021-08-12,2021-08-12,0.0,0.17945991456508636
10C0A0ADF97G,TOSHIBA_20MG07ACA14TA,Toshiba (20MG07ACA14TA),XGB,0.13,2020-12-20,2020-12-07,13.0,0.16783837974071503
29A0A008F97G,TOSHIBA_20MG07ACA14TA,Toshiba (20MG07ACA14TA),XGB,0.13,2024-05-10,2024-05-10,0.0,0.4192263185977936
40N0A0MAF97G,TOSHIBA_20MG07ACA14TA,Toshiba (20MG07ACA14TA),XGB,0.13,2020-08-15,2020-08-14,1.0,0.999887228012085
40P0A01MF97G,TOSHIBA_20MG07ACA14TA,Toshiba (20MG07ACA14TA),XGB,0.13,2023-01-12,2023-01-07,5.0,0.15077106654644012
40W0A04AF97G,TOSHIBA_20MG07ACA14TA,Toshiba (20MG07ACA14TA),XGB,0.13,2025-07-26,2025-07-21,5.0,0.3156960904598236
40X0A0ARF97G,TOSHIBA_20MG07ACA14TA,Toshiba (20MG07ACA14TA),XGB,0.13,2025-04-05,2025-04-01,4.0,0.9929023385047913
5090A0CJF97G,TOSHIBA_20MG07ACA14TA,Toshiba (20MG07ACA14TA),XGB,0.13,2022-11-29,2022-11-29,0.0,0.2474973201751709
5120A09XF97G,TOSHIBA_20MG07ACA14TA,Toshiba (20MG07ACA14TA),XGB,0.13,2025-07-26,2025-07-13,13.0,0.3487802743911743
5120A0UFF97G,TOSHIBA_20MG07ACA14TA,Toshiba (20MG07ACA14TA),XGB,0.13,2024-08-03,2024-07-14,20.0,0.16627825796604156
60U0A001F97G,TOSHIBA_20MG07ACA14TA,Toshiba (20MG07ACA14TA),XGB,0.13,2024-03-28,2024-03-27,1.0,0.2574861943721771
6190A015F97G,TOSHIBA_20MG07ACA14TA,Toshiba (20MG07ACA14TA),XGB,0.13,2026-03-11,2026-03-03,8.0,0.13119544088840485
61A0A0C4F97G,TOSHIBA_20MG07ACA14TA,Toshiba (20MG07ACA14TA),XGB,0.13,2024-12-09,2024-12-01,8.0,0.21009968221187592
69J0A057F97G,TOSHIBA_20MG07ACA14TA,Toshiba (20MG07ACA14TA),XGB,0.13,2024-10-12,2024-10-02,10.0,0.25784599781036377
70B0A019F97G,TOSHIBA_20MG07ACA14TA,Toshiba (20MG07ACA14TA),XGB,0.13,2025-07-28,2025-07-16,12.0,0.262944757938385
70M0A03RF97G,TOSHIBA_20MG07ACA14TA,Toshiba (20MG07ACA14TA),XGB,0.13,2025-05-10,2025-04-14,26.0,0.19032521545886993
88Q0A0AXF97G,TOSHIBA_20MG07ACA14TA,Toshiba (20MG07ACA14TA),XGB,0.13,2025-11-21,2025-10-23,29.0,0.3949667811393738
88S0A004F97G,TOSHIBA_20MG07ACA14TA,Toshiba (20MG07ACA14TA),XGB,0.13,2023-05-15,2023-05-12,3.0,0.17029310762882233
88T0A02FF97G,TOSHIBA_20MG07ACA14TA,Toshiba (20MG07ACA14TA),XGB,0.13,2025-03-21,2025-03-21,0.0,0.32112187147140503
98F0B00EV97G,TOSHIBA_20MG07ACA14TA,Toshiba (20MG07ACA14TA),XGB,0.13,2024-08-15,2024-08-13,2.0,0.30070677399635315
X820A002F97G,TOSHIBA_20MG07ACA14TA,Toshiba (20MG07ACA14TA),XGB,0.13,2025-05-22,2025-04-28,24.0,0.9998180270195007
X870A0LYF97G,TOSHIBA_20MG07ACA14TA,Toshiba (20MG07ACA14TA),XGB,0.13,2024-02-06,2024-01-31,6.0,0.19550152122974396
X880A0BXF97G,TOSHIBA_20MG07ACA14TA,Toshiba (20MG07ACA14TA),XGB,0.13,2023-06-25,2023-06-14,11.0,0.3463830053806305
X880A0E4F97G,TOSHIBA_20MG07ACA14TA,Toshiba (20MG07ACA14TA),XGB,0.13,2025-01-17,2025-01-07,10.0,0.3167015314102173
X880A0EUF97G,TOSHIBA_20MG07ACA14TA,Toshiba (20MG07ACA14TA),XGB,0.13,2022-08-20,2022-08-18,2.0,0.3278597295284271
X880A0FKF97G,TOSHIBA_20MG07ACA14TA,Toshiba (20MG07ACA14TA),XGB,0.13,2024-06-04,2024-05-31,4.0,0.20269536972045898
X8D0A063F97G,TOSHIBA_20MG07ACA14TA,Toshiba (20MG07ACA14TA),XGB,0.13,2024-07-20,2024-06-26,24.0,0.29718562960624695
X8E0A00MF97G,TOSHIBA_20MG07ACA14TA,Toshiba (20MG07ACA14TA),XGB,0.13,2022-04-25,2022-04-08,17.0,0.14293071627616882
X8E0A00VF97G,TOSHIBA_20MG07ACA14TA,Toshiba (20MG07ACA14TA),XGB,0.13,2022-05-06,2022-04-29,7.0,0.4439823627471924
X8F0A074F97G,TOSHIBA_20MG07ACA14TA,Toshiba (20MG07ACA14TA),XGB,0.13,2022-04-24,2022-04-21,3.0,0.15556657314300537
X8G0A05GF97G,TOSHIBA_20MG07ACA14TA,Toshiba (20MG07ACA14TA),XGB,0.13,2022-06-21,2022-06-09,12.0,0.5682933330535889
X8H0A02SF97G,TOSHIBA_20MG07ACA14TA,Toshiba (20MG07ACA14TA),XGB,0.13,2023-04-08,2023-03-09,30.0,0.34927570819854736
Y810A004F97G,TOSHIBA_20MG07ACA14TA,Toshiba (20MG07ACA14TA),XGB,0.13,2024-04-24,2024-04-22,2.0,0.2321675717830658
Y8S0A00MF97G,TOSHIBA_20MG07ACA14TA,Toshiba (20MG07ACA14TA),XGB,0.13,2023-12-07,2023-12-04,3.0,0.3709881603717804
Z840A00MF97G,TOSHIBA_20MG07ACA14TA,Toshiba (20MG07ACA14TA),XGB,0.13,2025-01-17,2025-01-01,16.0,0.13704495131969452
Z840A01PF97G,TOSHIBA_20MG07ACA14TA,Toshiba (20MG07ACA14TA),XGB,0.13,2026-01-13,2026-01-03,10.0,0.9274061322212219
Z870A01ZF97G,TOSHIBA_20MG07ACA14TA,Toshiba (20MG07ACA14TA),XGB,0.13,2025-05-04,2025-05-04,0.0,0.8676404356956482
1070A03AF97G,TOSHIBA_20MG07ACA14TA,Toshiba (20MG07ACA14TA),LSTM,0.18,2023-06-22,2023-06-19,3.0,0.23191116750240326
10A0A0KPF97G,TOSHIBA_20MG07ACA14TA,Toshiba (20MG07ACA14TA),LSTM,0.18,2021-08-12,2021-08-09,3.0,0.20510220527648926
10B0A0R0F97G,TOSHIBA_20MG07ACA14TA,Toshiba (20MG07ACA14TA),LSTM,0.18,2025-11-27,2025-11-06,21.0,0.28555846214294434
10C0A0AVF97G,TOSHIBA_20MG07ACA14TA,Toshiba (20MG07ACA14TA),LSTM,0.18,2023-04-08,2023-03-27,12.0,0.1883549839258194
10L0A03VF97G,TOSHIBA_20MG07ACA14TA,Toshiba (20MG07ACA14TA),LSTM,0.18,2024-11-12,2024-11-12,0.0,0.3324529528617859
10N0A03XF97G,TOSHIBA_20MG07ACA14TA,Toshiba (20MG07ACA14TA),LSTM,0.18,2024-04-25,2024-04-19,6.0,0.1848198026418686
20H0A06PF97G,TOSHIBA_20MG07ACA14TA,Toshiba (20MG07ACA14TA),LSTM,0.18,2025-07-26,2025-07-08,18.0,0.34222617745399475
40N0A0MAF97G,TOSHIBA_20MG07ACA14TA,Toshiba (20MG07ACA14TA),LSTM,0.18,2020-08-15,2020-08-14,1.0,0.5604700446128845
5090A0CJF97G,TOSHIBA_20MG07ACA14TA,Toshiba (20MG07ACA14TA),LSTM,0.18,2022-11-29,2022-11-18,11.0,0.20216012001037598
5120A09XF97G,TOSHIBA_20MG07ACA14TA,Toshiba (20MG07ACA14TA),LSTM,0.18,2025-07-26,2025-07-15,11.0,0.24524983763694763
5120A0UFF97G,TOSHIBA_20MG07ACA14TA,Toshiba (20MG07ACA14TA),LSTM,0.18,2024-08-03,2024-07-18,16.0,0.2596782147884369
60U0A001F97G,TOSHIBA_20MG07ACA14TA,Toshiba (20MG07ACA14TA),LSTM,0.18,2024-03-28,2024-03-16,12.0,0.27087870240211487
69Q0A004F97G,TOSHIBA_20MG07ACA14TA,Toshiba (20MG07ACA14TA),LSTM,0.18,2024-03-06,2024-03-02,4.0,0.27353203296661377
7020A05WF97G,TOSHIBA_20MG07ACA14TA,Toshiba (20MG07ACA14TA),LSTM,0.18,2024-08-25,2024-07-26,30.0,0.24036556482315063
7030A0CTF97G,TOSHIBA_20MG07ACA14TA,Toshiba (20MG07ACA14TA),LSTM,0.18,2023-12-08,2023-11-27,11.0,0.20331017673015594
70B0A019F97G,TOSHIBA_20MG07ACA14TA,Toshiba (20MG07ACA14TA),LSTM,0.18,2025-07-28,2025-07-23,5.0,0.18140621483325958
70M0A03RF97G,TOSHIBA_20MG07ACA14TA,Toshiba (20MG07ACA14TA),LSTM,0.18,2025-05-10,2025-04-16,24.0,0.18670882284641266
70N0A00EF97G,TOSHIBA_20MG07ACA14TA,Toshiba (20MG07ACA14TA),LSTM,0.18,2026-01-22,2025-12-27,26.0,0.18554247915744781
88Q0A0MWF97G,TOSHIBA_20MG07ACA14TA,Toshiba (20MG07ACA14TA),LSTM,0.18,2024-05-11,2024-05-06,5.0,0.2962811291217804
X820A002F97G,TOSHIBA_20MG07ACA14TA,Toshiba (20MG07ACA14TA),LSTM,0.18,2025-05-22,2025-05-01,21.0,0.2456311136484146
X870A0LYF97G,TOSHIBA_20MG07ACA14TA,Toshiba (20MG07ACA14TA),LSTM,0.18,2024-02-06,2024-01-30,7.0,0.2376505434513092
X880A02YF97G,TOSHIBA_20MG07ACA14TA,Toshiba (20MG07ACA14TA),LSTM,0.18,2022-05-25,2022-04-27,28.0,0.20392927527427673
X880A0BXF97G,TOSHIBA_20MG07ACA14TA,Toshiba (20MG07ACA14TA),LSTM,0.18,2023-06-25,2023-06-17,8.0,0.2219306379556656
X880A0E4F97G,TOSHIBA_20MG07ACA14TA,Toshiba (20MG07ACA14TA),LSTM,0.18,2025-01-17,2025-01-08,9.0,0.22688892483711243
X8D0A02XF97G,TOSHIBA_20MG07ACA14TA,Toshiba (20MG07ACA14TA),LSTM,0.18,2025-02-28,2025-02-04,24.0,0.29184091091156006
X8D0A063F97G,TOSHIBA_20MG07ACA14TA,Toshiba (20MG07ACA14TA),LSTM,0.18,2024-07-20,2024-06-30,20.0,0.19597649574279785
X8E0A00MF97G,TOSHIBA_20MG07ACA14TA,Toshiba (20MG07ACA14TA),LSTM,0.18,2022-04-25,2022-04-12,13.0,0.2493003010749817
X8E0A00VF97G,TOSHIBA_20MG07ACA14TA,Toshiba (20MG07ACA14TA),LSTM,0.18,2022-05-06,2022-05-03,3.0,0.2486913502216339
X8G0A05GF97G,TOSHIBA_20MG07ACA14TA,Toshiba (20MG07ACA14TA),LSTM,0.18,2022-06-21,2022-06-13,8.0,0.19153766334056854
Z840A00MF97G,TOSHIBA_20MG07ACA14TA,Toshiba (20MG07ACA14TA),LSTM,0.18,2025-01-17,2024-12-29,19.0,0.22040094435214996
1070A03AF97G,TOSHIBA_20MG07ACA14TA,Toshiba (20MG07ACA14TA),GRU,0.13,2023-06-22,2023-06-19,3.0,0.3260973393917084
10B0A0R0F97G,TOSHIBA_20MG07ACA14TA,Toshiba (20MG07ACA14TA),GRU,0.13,2025-11-27,2025-11-05,22.0,0.14368785917758942
10C0A0AVF97G,TOSHIBA_20MG07ACA14TA,Toshiba (20MG07ACA14TA),GRU,0.13,2023-04-08,2023-03-24,15.0,0.14513719081878662
10L0A03VF97G,TOSHIBA_20MG07ACA14TA,Toshiba (20MG07ACA14TA),GRU,0.13,2024-11-12,2024-11-12,0.0,0.13106191158294678
10N0A03XF97G,TOSHIBA_20MG07ACA14TA,Toshiba (20MG07ACA14TA),GRU,0.13,2024-04-25,2024-04-16,9.0,0.13518455624580383
20H0A06PF97G,TOSHIBA_20MG07ACA14TA,Toshiba (20MG07ACA14TA),GRU,0.13,2025-07-26,2025-07-07,19.0,0.1593932956457138
40N0A0MAF97G,TOSHIBA_20MG07ACA14TA,Toshiba (20MG07ACA14TA),GRU,0.13,2020-08-15,2020-08-14,1.0,0.42476752400398254
40W0A04AF97G,TOSHIBA_20MG07ACA14TA,Toshiba (20MG07ACA14TA),GRU,0.13,2025-07-26,2025-07-23,3.0,0.13209493458271027
40X0A0ARF97G,TOSHIBA_20MG07ACA14TA,Toshiba (20MG07ACA14TA),GRU,0.13,2025-04-05,2025-04-04,1.0,0.3103894293308258
5120A09XF97G,TOSHIBA_20MG07ACA14TA,Toshiba (20MG07ACA14TA),GRU,0.13,2025-07-26,2025-07-14,12.0,0.13884440064430237
5120A0UFF97G,TOSHIBA_20MG07ACA14TA,Toshiba (20MG07ACA14TA),GRU,0.13,2024-08-03,2024-07-18,16.0,0.14584271609783173
69Q0A004F97G,TOSHIBA_20MG07ACA14TA,Toshiba (20MG07ACA14TA),GRU,0.13,2024-03-06,2024-03-02,4.0,0.2195236086845398
70B0A019F97G,TOSHIBA_20MG07ACA14TA,Toshiba (20MG07ACA14TA),GRU,0.13,2025-07-28,2025-07-01,27.0,0.1304134875535965
70M0A03RF97G,TOSHIBA_20MG07ACA14TA,Toshiba (20MG07ACA14TA),GRU,0.13,2025-05-10,2025-04-14,26.0,0.13943025469779968
88Q0A00CF97G,TOSHIBA_20MG07ACA14TA,Toshiba (20MG07ACA14TA),GRU,0.13,2025-11-15,2025-11-09,6.0,0.14545488357543945
88Q0A0AXF97G,TOSHIBA_20MG07ACA14TA,Toshiba (20MG07ACA14TA),GRU,0.13,2025-11-21,2025-11-07,14.0,0.13279785215854645
88Q0A0MWF97G,TOSHIBA_20MG07ACA14TA,Toshiba (20MG07ACA14TA),GRU,0.13,2024-05-11,2024-05-06,5.0,0.16692271828651428
X820A002F97G,TOSHIBA_20MG07ACA14TA,Toshiba (20MG07ACA14TA),GRU,0.13,2025-05-22,2025-04-30,22.0,0.16999100148677826
X880A0BXF97G,TOSHIBA_20MG07ACA14TA,Toshiba (20MG07ACA14TA),GRU,0.13,2023-06-25,2023-06-16,9.0,0.18613579869270325
X880A0E4F97G,TOSHIBA_20MG07ACA14TA,Toshiba (20MG07ACA14TA),GRU,0.13,2025-01-17,2025-01-09,8.0,0.13462431728839874
X8D0A02XF97G,TOSHIBA_20MG07ACA14TA,Toshiba (20MG07ACA14TA),GRU,0.13,2025-02-28,2025-02-04,24.0,0.22115468978881836
X8D0A063F97G,TOSHIBA_20MG07ACA14TA,Toshiba (20MG07ACA14TA),GRU,0.13,2024-07-20,2024-06-29,21.0,0.141977459192276
X8E0A00MF97G,TOSHIBA_20MG07ACA14TA,Toshiba (20MG07ACA14TA),GRU,0.13,2022-04-25,2022-04-11,14.0,0.17907072603702545
X8E0A00VF97G,TOSHIBA_20MG07ACA14TA,Toshiba (20MG07ACA14TA),GRU,0.13,2022-05-06,2022-05-03,3.0,0.14655368030071259
X8E0A02YF97G,TOSHIBA_20MG07ACA14TA,Toshiba (20MG07ACA14TA),GRU,0.13,2025-07-25,2025-07-25,0.0,0.231011301279068
X8G0A05GF97G,TOSHIBA_20MG07ACA14TA,Toshiba (20MG07ACA14TA),GRU,0.13,2022-06-21,2022-06-12,9.0,0.1436878740787506
Y810A004F97G,TOSHIBA_20MG07ACA14TA,Toshiba (20MG07ACA14TA),GRU,0.13,2024-04-24,2024-04-24,0.0,0.16615110635757446
