serial_number,has_failed,alarm_triggered,first_alarm_date,actual_failure_date,days_to_failure_at_alarm,is_hit,is_false_alarm,is_miss,is_correct_rejection,max_predicted_score,alarm_predicted_score,first_seen_date,days_since_observed
2AG61PSY,0,0,,,,0,0,0,1,0.0007909511676434602,,2019-05-27,
2AG8AVRY,0,0,,,,0,0,0,1,0.007722740742580458,,2019-08-13,
2AGEGU7Y,0,0,,,,0,0,0,1,0.0006955173013130974,,2019-05-27,
2AGEU1JY,0,1,2025-08-04,,,0,1,0,0,0.9999999999953595,0.999999999994442,2019-06-01,2256.0
2AGG48NY,0,0,,,,0,0,0,1,0.0006882857216211939,,2019-05-27,
2AGG7H1Y,0,0,,,,0,0,0,1,0.00070855183124194,,2019-05-27,
2AGGHGJY,1,0,,2024-11-19,,0,0,1,0,0.9211300108081435,,2019-05-16,
2AGGHLEY,0,0,,,,0,0,0,1,0.000723645533577128,,2019-06-01,
2AGGHM0Y,0,0,,,,0,0,0,1,0.00070855183124194,,2019-05-27,
2AGGHMUY,0,0,,,,0,0,0,1,0.0007029480152224588,,2019-05-16,
2AGGHR1Y,0,0,,,,0,0,0,1,0.008093638028792467,,2019-05-27,
2AGGHR7Y,0,0,,,,0,0,0,1,0.000849240849908026,,2019-05-27,
2AGGL0UY,1,0,,2022-02-27,,0,0,1,0,0.0006082513881543846,,2019-05-27,
2AGGR3NY,0,0,,,,0,0,0,1,0.052563897828881836,,2019-05-27,
2AGGZNJY,0,0,,,,0,0,0,1,0.0008700505025266063,,2019-05-27,
2AGH31BY,1,0,,2023-11-01,,0,0,1,0,0.044811706978495916,,2019-05-27,
2AGH31PY,1,0,,2024-11-18,,0,0,1,0,0.3685927597091291,,2019-05-27,
2AGH33SY,1,1,2025-04-02,2025-05-08,36.0,1,0,0,0,0.9999356136347155,0.9999356136347155,2019-05-27,2137.0
2AGH34HY,0,0,,,,0,0,0,1,0.06385077010006232,,2019-05-27,
2AGH34PY,0,0,,,,0,0,0,1,0.0007305429701563391,,2019-05-27,
2AGH35GY,0,0,,,,0,0,0,1,0.00070855183124194,,2019-05-27,
2AGHB9XY,1,0,,2024-12-02,,0,0,1,0,0.06769892664400987,,2019-05-27,
2AGHDYHY,0,0,,,,0,0,0,1,0.0007470892432184242,,2019-05-27,
2AGHEP9Y,1,0,,2024-07-26,,0,0,1,0,0.02931090232759593,,2019-05-27,
2AGHGR1Y,0,0,,,,0,0,0,1,0.006427094968745146,,2019-05-27,
2AGHGRLY,0,0,,,,0,0,0,1,0.0007909511676434602,,2019-05-27,
2AGHGRRY,0,0,,,,0,0,0,1,0.00070855183124194,,2019-05-27,
2AGHJD4Y,0,1,2026-02-20,,,0,1,0,0,0.996672883651531,0.996672883651531,2019-06-01,2456.0
2AGHK55Y,0,0,,,,0,0,0,1,0.0006882857216211939,,2019-05-27,
2AGHK8MY,0,0,,,,0,0,0,1,0.0008610057928441051,,2019-05-27,
2AGHLEUY,1,0,,2023-11-06,,0,0,1,0,0.0140632511065168,,2019-05-27,
2AGHLGTY,1,0,,2025-08-05,,0,0,1,0,0.45343811120296795,,2019-05-27,
2AGHLKHY,0,0,,,,0,0,0,1,0.0006955173013130974,,2019-05-27,
2AGHLMXY,0,0,,,,0,0,0,1,0.0007029480152224588,,2019-05-27,
2AGHLN0Y,0,0,,,,0,0,0,1,0.000723645533577128,,2019-05-27,
2AGHMUTY,0,0,,,,0,0,0,1,0.0007029480152224588,,2019-05-27,
2AGHMUYY,0,0,,,,0,0,0,1,0.000723645533577128,,2019-06-01,
2AGHMW5Y,0,0,,,,0,0,0,1,0.01961421010047768,,2019-05-27,
2AGHMXGY,1,0,,2023-05-14,,0,0,1,0,0.013601479143619305,,2019-05-27,
2AGHMYTY,0,0,,,,0,0,0,1,0.02629471831247194,,2019-05-27,
2AGHMZMY,0,0,,,,0,0,0,1,0.08333814698256571,,2019-05-27,
2AGHN0TY,1,1,2020-09-15,2020-10-22,37.0,1,0,0,0,1.0,0.9999890359664909,2019-05-27,477.0
2AGHN0WY,0,0,,,,0,0,0,1,0.000723645533577128,,2019-05-27,
2AGHN16Y,0,0,,,,0,0,0,1,0.00070855183124194,,2019-05-27,
2AGHN2AY,0,0,,,,0,0,0,1,0.0006955173013130974,,2019-05-27,
2AGHN3XY,0,0,,,,0,0,0,1,0.0006955173013130974,,2019-05-27,
2AGHPDKY,0,0,,,,0,0,0,1,0.0007029480152224588,,2019-05-27,
2AGHSJ4Y,0,0,,,,0,0,0,1,0.0006882857216211939,,2019-05-27,
2AGHSS9Y,0,0,,,,0,0,0,1,0.0007305429701563391,,2019-05-27,
2AGHTBYY,1,1,2024-08-31,2025-01-25,147.0,1,0,0,0,1.0,0.9999321928736283,2019-05-27,1923.0
2AGHTGEY,1,0,,2023-03-14,,0,0,1,0,0.3580231663416016,,2019-05-27,
2AGHTKBY,0,0,,,,0,0,0,1,0.011029527490302749,,2019-05-27,
2AGLY65Y,1,0,,2023-11-20,,0,0,1,0,0.03129512066082407,,2019-08-13,
2AGM231Y,0,0,,,,0,0,0,1,0.0007909511676434602,,2019-05-04,
2AGM23NY,0,0,,,,0,0,0,1,0.0007909511676434602,,2019-05-04,
2AGM5UVY,0,0,,,,0,0,0,1,0.5620168570146441,,2019-05-16,
2AGM5V7Y,1,0,,2025-12-05,,0,0,1,0,0.5493807335199914,,2019-05-16,
2AGM5VBY,0,0,,,,0,0,0,1,0.5620168570146441,,2019-05-16,
2AGM5VHY,1,0,,2025-01-18,,0,0,1,0,0.03584387852136097,,2019-08-13,
2AGM5W9Y,1,0,,2025-01-16,,0,0,1,0,0.033071289494686254,,2019-05-16,
2AGM5YEY,0,0,,,,0,0,0,1,0.008529257046199128,,2019-05-04,
2AGM8EMY,1,0,,2024-10-29,,0,0,1,0,0.06094595374640796,,2019-05-16,
2AGM8EUY,0,0,,,,0,0,0,1,0.0007029480152224588,,2019-05-27,
2AGM8J2Y,0,0,,,,0,0,0,1,0.0007573054614285788,,2019-05-16,
2AGM8JAY,0,0,,,,0,0,0,1,0.0007029480152224588,,2019-05-16,
2AGM8LNY,0,0,,,,0,0,0,1,0.8782703796461501,,2019-05-04,
2AGM8RJY,0,0,,,,0,0,0,1,0.031497723895431574,,2019-08-13,
2AGM8RTY,0,1,2025-04-09,,,0,1,0,0,0.9994423689279132,0.9994423689279132,2019-05-16,2155.0
2AGM8UNY,1,1,2025-10-30,2026-03-12,133.0,1,0,0,0,0.999999999999966,0.999999999999966,2019-08-13,2270.0
2AGM8V7Y,0,0,,,,0,0,0,1,0.0007305429701563391,,2019-05-16,
2AGM9MXY,1,0,,2025-09-21,,0,0,1,0,0.014383632277967883,,2019-05-04,
2AGM9PJY,0,0,,,,0,0,0,1,0.00902612762833216,,2019-05-04,
2AGM9RGY,1,0,,2022-12-23,,0,0,1,0,0.000635987331402998,,2019-05-16,
2AGM9S6Y,0,0,,,,0,0,0,1,0.0065553295619674365,,2019-05-16,
2AGM9SDY,0,0,,,,0,0,0,1,0.000723645533577128,,2019-05-04,
2AGM9U1Y,0,0,,,,0,0,0,1,0.0006955173013130974,,2019-05-16,
2AGMDJKY,0,0,,,,0,0,0,1,0.0007909511676434602,,2019-05-04,
2AGMDUAY,1,0,,2023-02-04,,0,0,1,0,0.0099438413189386,,2019-05-16,
2AGMDY1Y,0,0,,,,0,0,0,1,0.007307767247716785,,2019-08-13,
2AGME0XY,1,0,,2024-05-29,,0,0,1,0,0.438289547310662,,2019-05-16,
2AGME3BY,0,0,,,,0,0,0,1,0.006902817679351536,,2019-05-16,
2AGME9PY,1,0,,2024-08-06,,0,0,1,0,0.8898869960155664,,2019-08-13,
2AGMGAYY,0,0,,,,0,0,0,1,0.0007909511676434602,,2019-05-16,
2AGMGDPY,0,0,,,,0,0,0,1,0.0007305429701563391,,2019-08-13,
2AGMGKLY,0,0,,,,0,0,0,1,0.0008700505025266063,,2019-08-13,
2AGMGXEY,0,0,,,,0,0,0,1,0.00070855183124194,,2019-08-13,
2AGMH2YY,1,0,,2024-12-10,,0,0,1,0,0.050441254102228626,,2019-05-16,
2AGMH3JY,0,0,,,,0,0,0,1,0.0007029480152224588,,2019-05-16,
2AGMHK6Y,0,0,,,,0,0,0,1,0.0086549713953276,,2019-05-04,
2AGMHPEY,1,0,,2024-06-25,,0,0,1,0,0.020965677765335654,,2019-06-01,
2AGMHRYY,1,0,,2024-05-16,,0,0,1,0,0.3763595165503541,,2019-05-16,
2AGMHTLY,0,0,,,,0,0,0,1,0.0007909511676434602,,2019-05-04,
2AGMHU7Y,1,0,,2024-07-08,,0,0,1,0,0.01160286522987784,,2019-05-04,
2AGMHVTY,0,0,,,,0,0,0,1,0.0007700044021774857,,2019-05-16,
2AGMHWAY,1,1,2023-09-13,2023-09-22,9.0,1,0,0,0,0.9999993672390599,0.9999993672390599,2019-08-13,1492.0
2AGMHXDY,1,0,,2025-06-02,,0,0,1,0,0.0629172865704558,,2019-08-13,
2AGMHY3Y,1,0,,2025-11-18,,0,0,1,0,0.009384835429238982,,2019-08-13,
2AGMHY5Y,0,0,,,,0,0,0,1,0.0007029480152224588,,2019-08-13,
2AGMJ35Y,0,0,,,,0,0,0,1,0.0007909511676434602,,2019-05-04,
2AGMJ3JY,0,0,,,,0,0,0,1,0.0007909511676434602,,2019-05-16,
2AGMJ3TY,0,0,,,,0,0,0,1,0.000723645533577128,,2019-08-13,
2AGMJ47Y,0,0,,,,0,0,0,1,0.000723645533577128,,2019-06-01,
2AGMJ5BY,1,0,,2021-05-03,,0,0,1,0,0.0005877768454647372,,2019-05-04,
2AGMKV4Y,1,1,2026-01-18,2026-01-28,10.0,1,0,0,0,1.0,1.0,2019-05-04,2451.0
2AGMKVHY,1,0,,2023-05-06,,0,0,1,0,0.028142751136140724,,2019-08-13,
2AGMKVTY,1,0,,2024-12-04,,0,0,1,0,0.38284842858338625,,2019-08-13,
2AGMLMLY,0,0,,,,0,0,0,1,0.037415341102311525,,2019-08-13,
2AGMLSZY,1,1,2020-07-23,2020-07-30,7.0,1,0,0,0,1.0,0.9999896914968729,2019-05-16,434.0
2AGMLT7Y,0,0,,,,0,0,0,1,0.37661652871057133,,2019-05-16,
2AGMLWNY,0,0,,,,0,0,0,1,0.052154647948466706,,2019-08-13,
2AGMLZLY,1,1,2026-02-11,2026-02-11,0.0,1,0,0,0,0.9999998637572406,0.9999998637572406,2019-05-16,2463.0
2AGMM0UY,0,1,2019-12-28,,,0,1,0,0,0.9999906839500842,0.9999896914968729,2019-05-16,226.0
2AGMMNKY,0,0,,,,0,0,0,1,0.023351267647801023,,2019-06-01,
2AGMMU1Y,0,0,,,,0,0,0,1,0.0007037504453697233,,2019-05-16,
2AGMMU4Y,0,0,,,,0,0,0,1,0.000723645533577128,,2019-08-13,
2AGMNB7Y,1,0,,2023-03-30,,0,0,1,0,0.05059539380542513,,2019-05-16,
2AGMNBEY,0,0,,,,0,0,0,1,0.0007029480152224588,,2019-05-16,
2AGMND4Y,1,1,2025-10-14,2025-10-27,13.0,1,0,0,0,1.0,0.9999999999999938,2019-05-04,2355.0
2AGMNE1Y,1,0,,2025-11-26,,0,0,1,0,0.4401095541102883,,2019-05-16,
2AGMNEBY,1,0,,2024-08-05,,0,0,1,0,0.21021362412287672,,2019-05-04,
2AGMNG0Y,0,0,,,,0,0,0,1,0.0588763516220712,,2019-05-16,
2AGMNJKY,1,1,2025-09-15,2025-09-29,14.0,1,0,0,0,0.9999936056993834,0.9999936056993834,2019-05-16,2314.0
2AGMNM8Y,0,0,,,,0,0,0,1,0.03584387852136097,,2019-08-13,
2AGMNMWY,1,0,,2023-05-10,,0,0,1,0,0.015315103895073186,,2019-05-16,
2AGMNTXY,0,0,,,,0,0,0,1,0.0007909511676434602,,2019-05-16,
2AGMNUVY,0,0,,,,0,0,0,1,0.00429489110538875,,2019-05-04,
2AGMNWBY,0,0,,,,0,0,0,1,0.000879344239918842,,2019-08-13,
2AGMNXRY,0,0,,,,0,0,0,1,0.040681101222868804,,2019-08-13,
2AGMP7ZY,0,0,,,,0,0,0,1,0.0007909511676434602,,2019-08-13,
2AGMPBWY,0,0,,,,0,0,0,1,0.03306463106126698,,2019-05-16,
2AGMPD8Y,1,0,,2023-11-21,,0,0,1,0,0.0006882857216211939,,2019-08-13,
2AGMPK3Y,0,0,,,,0,0,0,1,0.009939139511402562,,2019-05-04,
2AGMPL7Y,1,0,,2025-02-27,,0,0,1,0,0.012127259909416729,,2019-05-16,
2AGMPP1Y,0,0,,,,0,0,0,1,0.006268613062480539,,2019-05-16,
2AGMPP4Y,1,1,2025-08-27,2025-09-23,27.0,1,0,0,0,1.0,0.9999998624028877,2019-05-16,2295.0
2AGMPPGY,0,0,,,,0,0,0,1,0.0007305429701563391,,2019-05-16,
2AGMPSSY,0,0,,,,0,0,0,1,0.0007029480152224588,,2019-05-16,
2AGMPT2Y,0,0,,,,0,0,0,1,0.0007700044021774857,,2019-05-16,
2AGMPZ8Y,0,0,,,,0,0,0,1,0.000723645533577128,,2019-08-13,
2AGMS6PY,0,0,,,,0,0,0,1,0.00070855183124194,,2019-08-13,
2AGMSHHY,1,0,,2022-08-12,,0,0,1,0,0.0051338797440151325,,2019-05-04,
2AGMTK0Y,1,0,,2025-08-30,,0,0,1,0,0.15810633604477922,,2019-05-16,
2AGMTL0Y,1,0,,2023-04-17,,0,0,1,0,0.0006955173013130974,,2019-05-04,
2AGMTXAY,0,0,,,,0,0,0,1,0.0007029480152224588,,2019-08-13,
2AGMUBMY,0,0,,,,0,0,0,1,0.000723645533577128,,2019-06-01,
2AGMUBRY,1,0,,2024-08-04,,0,0,1,0,0.008093638028792467,,2019-08-13,
2AGMV9UY,0,0,,,,0,0,0,1,0.0007029480152224588,,2019-08-13,
2AGMVDDY,0,0,,,,0,0,0,1,0.0009019190579605741,,2019-05-16,
2AGMWHVY,1,0,,2024-07-19,,0,0,1,0,0.05867606880651252,,2019-05-16,
2AGMZLMY,1,0,,2023-05-16,,0,0,1,0,0.04417945710794528,,2019-08-13,
2AGN038Y,0,0,,,,0,0,0,1,0.0006955173013130974,,2019-08-13,
2AGN03MY,0,0,,,,0,0,0,1,0.007875590573687525,,2019-08-13,
2AGN05MY,0,0,,,,0,0,0,1,0.0006955173013130974,,2019-08-13,
2AGN071Y,0,0,,,,0,0,0,1,0.006405990008128349,,2019-08-13,
2AGN07AY,0,0,,,,0,0,0,1,0.0007305429701563391,,2019-08-13,
2AGN17RY,0,0,,,,0,0,0,1,0.0006955173013130974,,2019-08-13,
2AGN1YNY,0,0,,,,0,0,0,1,0.0007305429701563391,,2019-08-13,
2AGN29AY,0,0,,,,0,0,0,1,0.00070855183124194,,2019-08-13,
2AGN43EY,0,0,,,,0,0,0,1,0.06711464257994663,,2019-08-13,
2AGN5A3Y,0,0,,,,0,0,0,1,0.000723645533577128,,2019-06-01,
2AGN7GZY,0,0,,,,0,0,0,1,0.0006955173013130974,,2019-08-13,
2AGN7XVY,0,0,,,,0,0,0,1,0.042007654079198035,,2019-08-13,
2AGN7XYY,0,0,,,,0,0,0,1,0.012059629408829453,,2019-05-27,
2AGN853Y,0,0,,,,0,0,0,1,0.00070855183124194,,2019-08-13,
2AGN8H9Y,0,0,,,,0,0,0,1,0.00070855183124194,,2019-08-13,
2AGN8Y9Y,0,0,,,,0,0,0,1,0.009787978084014232,,2019-08-13,
2AGN8ZGY,0,0,,,,0,0,0,1,0.08333814698256571,,2019-06-01,
2AGN90RY,1,0,,2023-12-07,,0,0,1,0,0.38444826697187756,,2019-08-13,
2AGN9N4Y,1,1,2025-01-26,2025-03-06,39.0,1,0,0,0,0.999933443688618,0.999931667507064,2019-08-13,1993.0
2AGNAK7Y,0,0,,,,0,0,0,1,0.00070855183124194,,2019-08-13,
2AGNAKGY,0,0,,,,0,0,0,1,0.000723645533577128,,2019-08-13,
2AGNAYKY,0,0,,,,0,0,0,1,0.0007029480152224588,,2019-08-13,
2AGNBWPY,0,0,,,,0,0,0,1,0.000723645533577128,,2019-08-13,
2AGND0EY,0,0,,,,0,0,0,1,0.09738128395592018,,2019-08-13,
2AGNEAHY,0,0,,,,0,0,0,1,0.0007029480152224588,,2019-08-13,
2AGNEK5Y,0,0,,,,0,0,0,1,0.001464994310398346,,2019-08-13,
2AGNEN9Y,0,0,,,,0,0,0,1,0.000723645533577128,,2019-08-13,
2AGNEREY,0,0,,,,0,0,0,1,0.0076443460318559,,2019-08-13,
2AGNGZPY,0,0,,,,0,0,0,1,0.00070855183124194,,2019-05-27,
2AGNJE2Y,0,0,,,,0,0,0,1,0.005697180385712087,,2019-06-01,
2AGNJG7Y,0,0,,,,0,0,0,1,0.0007305429701563391,,2019-08-13,
2AGNJGHY,0,0,,,,0,0,0,1,0.0007305429701563391,,2019-08-13,
2AGNJRYY,0,0,,,,0,0,0,1,0.00070855183124194,,2019-06-01,
2AGNJTAY,0,0,,,,0,0,0,1,0.000723645533577128,,2019-08-13,
2AGNJTRY,0,0,,,,0,0,0,1,0.000723645533577128,,2019-08-13,
2AGNKB9Y,1,0,,2023-11-29,,0,0,1,0,0.0007029480152224588,,2019-08-13,
2AGNKGXY,0,0,,,,0,0,0,1,0.000723645533577128,,2019-08-13,
2AGNKNJY,0,0,,,,0,0,0,1,0.000905230842998406,,2019-08-13,
2AGNKSPY,0,0,,,,0,0,0,1,0.000755628569754544,,2019-08-13,
2AGNKV4Y,0,0,,,,0,0,0,1,0.0006955173013130974,,2019-08-13,
2AGNL61Y,0,0,,,,0,0,0,1,0.000723645533577128,,2019-05-16,
2AGNNTHY,0,0,,,,0,0,0,1,0.00968353209143998,,2019-05-16,
2AGNT47Y,0,0,,,,0,0,0,1,0.000723645533577128,,2019-05-16,
2AGP393Y,1,1,2019-08-08,2023-04-06,1337.0,1,0,0,0,0.9999900915303958,0.9999900915303958,2019-06-01,68.0
2AGP43EY,1,0,,2024-09-01,,0,0,1,0,0.012477746689867796,,2019-05-16,
2AGP5EDY,0,0,,,,0,0,0,1,0.0007909511676434602,,2019-05-16,
2AGP5GBY,0,0,,,,0,0,0,1,0.000723645533577128,,2019-05-16,
2AGP5J1Y,0,0,,,,0,0,0,1,0.000723645533577128,,2019-05-16,
2AGP6TYY,0,0,,,,0,0,0,1,0.00070855183124194,,2019-05-16,
2AGP6UBY,0,0,,,,0,0,0,1,0.000723645533577128,,2019-05-16,
2AGP9W7Y,0,0,,,,0,0,0,1,0.07300683430057854,,2019-05-16,
2AGPHHKY,0,0,,,,0,0,0,1,0.0007427934753998354,,2019-06-01,
2AGPHHTY,0,0,,,,0,0,0,1,0.000723645533577128,,2019-06-01,
2AGPJAVY,0,0,,,,0,0,0,1,0.00070855183124194,,2019-05-27,
2AGPJBGY,0,0,,,,0,0,0,1,0.0008610057928441051,,2019-05-27,
2AGPJBNY,0,0,,,,0,0,0,1,0.00070855183124194,,2019-05-27,
2AGPJE5Y,0,0,,,,0,0,0,1,0.0007029480152224588,,2019-05-16,
2AGPJGPY,1,0,,2021-02-22,,0,0,1,0,0.0006082513881543846,,2019-05-16,
2AGPJH1Y,1,0,,2024-08-11,,0,0,1,0,0.043745576744389746,,2019-05-16,
2AGPJHAY,0,0,,,,0,0,0,1,0.0007029480152224588,,2019-08-13,
2AGPJHXY,0,0,,,,0,0,0,1,0.0006882857216211939,,2019-05-27,
2AGPJL8Y,0,0,,,,0,0,0,1,0.0007305429701563391,,2019-05-27,
2AGPJLWY,0,0,,,,0,0,0,1,0.0007029480152224588,,2019-08-13,
2AGPJMRY,0,0,,,,0,0,0,1,0.0007029480152224588,,2019-08-13,
2AGPJP0Y,0,0,,,,0,0,0,1,0.0006882857216211939,,2019-05-27,
2AGPK9HY,0,0,,,,0,0,0,1,0.0007305429701563391,,2019-08-13,
2AGPKA3Y,0,0,,,,0,0,0,1,0.008902701363799354,,2019-08-13,
2AGPKALY,0,0,,,,0,0,0,1,0.0007909511676434602,,2019-05-16,
2AGPKARY,0,0,,,,0,0,0,1,0.000723645533577128,,2019-05-16,
2AGPKB2Y,0,0,,,,0,0,0,1,0.0006882857216211939,,2019-05-27,
2AGPKTUY,0,0,,,,0,0,0,1,0.0007909511676434602,,2019-05-16,
2AGPKVGY,0,0,,,,0,0,0,1,0.00070855183124194,,2019-05-16,
2AGPKWNY,1,0,,2023-10-29,,0,0,1,0,0.046659987427976016,,2019-05-16,
2AGPKX4Y,0,0,,,,0,0,0,1,0.04674968877888249,,2019-05-16,
2AGPL2YY,0,0,,,,0,0,0,1,0.0008700505025266063,,2019-05-16,
2AGPL4UY,0,0,,,,0,0,0,1,0.00070855183124194,,2019-05-16,
2AGPL4ZY,0,0,,,,0,0,0,1,0.0007029480152224588,,2019-05-27,
2AGPLSSY,0,0,,,,0,0,0,1,0.000723645533577128,,2019-05-16,
2AGPMDVY,0,0,,,,0,0,0,1,0.00070855183124194,,2019-05-27,
2AGPMEPY,0,0,,,,0,0,0,1,0.000849240849908026,,2019-05-16,
2AGPMGGY,0,0,,,,0,0,0,1,0.000723645533577128,,2019-05-16,
2AGPMM3Y,0,0,,,,0,0,0,1,0.0013428103642420103,,2019-05-27,
2AGPMN9Y,0,0,,,,0,0,0,1,0.0006882857216211939,,2019-05-27,
2AGPMRDY,0,0,,,,0,0,0,1,0.0007909511676434602,,2019-05-27,
2AGPMY1Y,0,0,,,,0,0,0,1,0.000723645533577128,,2019-05-16,
2AGPN6PY,0,0,,,,0,0,0,1,0.08333814698256571,,2019-05-16,
2AGPPJAY,0,0,,,,0,0,0,1,0.0006955173013130974,,2019-05-16,
2AGPPLLY,1,0,,2023-11-29,,0,0,1,0,0.35655000818686755,,2019-05-16,
2AGPR6YY,0,0,,,,0,0,0,1,0.000879344239918842,,2019-05-16,
2AGPR7RY,0,0,,,,0,0,0,1,0.0007029480152224588,,2019-05-16,
2AGPR8EY,0,0,,,,0,0,0,1,0.0007029480152224588,,2019-05-16,
2AGPRL8Y,0,0,,,,0,0,0,1,0.001464994310398346,,2019-05-27,
2AGPRMLY,1,0,,2026-03-26,,0,0,1,0,0.009884316038078881,,2019-08-13,
2AGPRMRY,1,0,,2024-08-12,,0,0,1,0,0.005931273222805406,,2019-05-04,
2AGPRRJY,0,0,,,,0,0,0,1,0.6632759995419085,,2019-05-04,
2AGPS2ZY,0,0,,,,0,0,0,1,0.0007029480152224588,,2019-05-16,
2AGPSEDY,0,0,,,,0,0,0,1,0.0006955173013130974,,2019-05-27,
2AGPSG5Y,0,0,,,,0,0,0,1,0.0007305429701563391,,2019-05-27,
2AGPSGKY,0,0,,,,0,0,0,1,0.0007909511676434602,,2019-08-13,
2AGPSJKY,0,0,,,,0,0,0,1,0.0007909511676434602,,2019-08-13,
2AGPSRUY,0,0,,,,0,0,0,1,0.00070855183124194,,2019-05-16,
2AGPT2PY,0,0,,,,0,0,0,1,0.000849240849908026,,2019-08-13,
2AGPT48Y,0,0,,,,0,0,0,1,0.000723645533577128,,2019-06-01,
2AGPT7PY,0,0,,,,0,0,0,1,0.0007637010049815511,,2019-08-13,
2AGPTL4Y,0,0,,,,0,0,0,1,0.00646925829237498,,2019-05-27,
2AGPTVLY,0,0,,,,0,0,0,1,0.000879344239918842,,2019-06-01,
5PG0TA6F,0,0,,,,0,0,0,1,0.00070855183124194,,2020-07-14,
5PG0TAKF,0,0,,,,0,0,0,1,0.000723645533577128,,2020-05-10,
5PJEJUHE,0,0,,,,0,0,0,1,0.0007029480152224588,,2021-12-28,
5PJJHD9C,0,0,,,,0,0,0,1,0.0006341958750243617,,2022-07-18,
5PJJLZTF,0,0,,,,0,0,0,1,0.0007029480152224588,,2021-12-03,
5PJKZP4D,0,0,,,,0,0,0,1,0.000635987331402998,,2022-08-04,
5PJVPJGF,0,0,,,,0,0,0,1,0.0007029480152224588,,2021-05-16,
5PK10N4B,0,0,,,,0,0,0,1,0.0005877768454647372,,2024-12-22,
5PK5ZB1B,0,0,,,,0,0,0,1,0.010402924296654657,,2024-04-29,
5PKEBJVB,0,0,,,,0,0,0,1,0.0005877768454647372,,2023-11-27,
5PKVXW6B,0,0,,,,0,0,0,1,0.0005877768454647372,,2024-06-01,
5QG63PMB,0,0,,,,0,0,0,1,0.0005877768454647372,,2024-05-28,
5QGBH0MB,0,0,,,,0,0,0,1,0.0005877768454647372,,2023-12-09,
5QGG5KLB,0,0,,,,0,0,0,1,0.0005877768454647372,,2023-04-05,
5QGG5UPB,0,0,,,,0,0,0,1,0.0014961777641997096,,2022-12-06,
5QGGAELB,1,0,,2025-06-04,,0,0,1,0,0.965724221065436,,2023-03-28,
5QGGHWVB,0,0,,,,0,0,0,1,0.0005877768454647372,,2023-12-16,
5QH0Z60B,1,1,2024-01-07,2024-05-14,128.0,1,0,0,0,0.9993178057839059,0.9993178057839059,2023-10-22,77.0
5QHDKVHB,0,0,,,,0,0,0,1,0.0005877768454647372,,2023-11-17,
5QHKE66B,0,0,,,,0,0,0,1,0.0005877768454647372,,2024-04-18,
5QHYP4MB,0,0,,,,0,0,0,1,0.0005877768454647372,,2024-05-15,
5QJBW5VB,1,1,2024-03-31,2024-05-25,55.0,1,0,0,0,1.0,1.0,2024-02-07,53.0
5QJS57NB,0,0,,,,0,0,0,1,0.0005877768454647372,,2024-01-23,
5QKBEVWB,0,0,,,,0,0,0,1,0.0005877768454647372,,2023-12-14,
5QKDK07B,0,0,,,,0,0,0,1,0.0005877768454647372,,2024-12-20,
5QKHBVPB,0,0,,,,0,0,0,1,0.0005877768454647372,,2024-05-30,
5QKKSM3B,0,0,,,,0,0,0,1,0.0006082513881543846,,2024-04-06,
5QKV55TB,0,0,,,,0,0,0,1,0.0005877768454647372,,2024-02-29,
5QKV6W0B,0,0,,,,0,0,0,1,0.0005877768454647372,,2023-08-14,
5QKV74SB,0,0,,,,0,0,0,1,0.0005877768454647372,,2024-01-09,
5QKV778B,0,0,,,,0,0,0,1,0.0005877768454647372,,2024-06-07,
5QKV7UHB,0,0,,,,0,0,0,1,0.0005877768454647372,,2024-03-04,
5QKV85UB,0,0,,,,0,0,0,1,0.0005877768454647372,,2023-12-02,
5QKVAN8B,0,0,,,,0,0,0,1,0.0005877768454647372,,2023-12-24,
5QKVARLB,0,0,,,,0,0,0,1,0.0005877768454647372,,2023-11-03,
5QKVATKB,0,0,,,,0,0,0,1,0.0005877768454647372,,2024-01-09,
5QKVD71B,0,0,,,,0,0,0,1,0.0005877768454647372,,2024-05-10,
5QKVDDVB,0,0,,,,0,0,0,1,0.0005877768454647372,,2024-06-19,
5QKVETTB,0,0,,,,0,0,0,1,0.2344079592596901,,2024-06-27,
5QKVEUZB,0,0,,,,0,0,0,1,0.0005877768454647372,,2024-04-22,
5QKVEXJB,0,0,,,,0,0,0,1,0.0005877768454647372,,2023-11-30,
5QKVGLWB,0,0,,,,0,0,0,1,0.0005877768454647372,,2024-05-08,
5QKVHPLB,0,0,,,,0,0,0,1,0.0005877768454647372,,2024-05-07,
5QKVHRMB,0,0,,,,0,0,0,1,0.0005877768454647372,,2024-06-23,
5QKVVTHB,0,0,,,,0,0,0,1,0.0005877768454647372,,2024-04-15,
8CGNK9GE,0,0,,,,0,0,0,1,0.020527542409428775,,2019-05-04,
8CGR1V5E,0,0,,,,0,0,0,1,0.000905230842998406,,2019-06-01,
8CGSN9XE,0,0,,,,0,0,0,1,0.0008246850304697972,,2019-05-16,
8CGSTSRE,0,0,,,,0,0,0,1,0.000723645533577128,,2019-05-04,
8CGT5S2E,1,0,,2024-11-05,,0,0,1,0,0.06769892664400987,,2019-06-01,
8CGTW4VE,0,0,,,,0,0,0,1,0.0007909511676434602,,2019-06-01,
8CGTZ9HE,1,1,2023-05-06,2023-07-12,67.0,1,0,0,0,1.0,1.0,2019-05-16,1451.0
8CGU9LLE,0,0,,,,0,0,0,1,0.0006955173013130974,,2019-05-16,
8CGV369E,0,0,,,,0,0,0,1,0.0007029480152224588,,2019-05-16,
8CGVR04E,0,0,,,,0,0,0,1,0.06567774427645194,,2019-05-16,
8CGVTH0E,0,0,,,,0,0,0,1,0.00070855183124194,,2019-05-04,
8CGW3HPE,0,0,,,,0,0,0,1,0.00070855183124194,,2019-05-04,
8CGW6ULE,0,0,,,,0,0,0,1,0.0006955173013130974,,2019-05-04,
8CGWPGEE,0,0,,,,0,0,0,1,0.000723645533577128,,2019-05-16,
8CGXKYVE,0,0,,,,0,0,0,1,0.0008700505025266063,,2019-05-04,
8CGXNNUE,1,0,,2022-05-10,,0,0,1,0,0.04977662740146627,,2019-06-01,
8CGY4KUE,0,0,,,,0,0,0,1,0.0007305429701563391,,2019-05-16,
8CGYJ5TE,0,0,,,,0,0,0,1,0.0007909511676434602,,2019-06-01,
8CGYVS8E,0,0,,,,0,0,0,1,0.00070855183124194,,2019-06-01,
8CGYW96E,0,0,,,,0,0,0,1,0.012783488845219891,,2019-06-01,
8CGYXB6E,0,0,,,,0,0,0,1,0.0007909511676434602,,2019-08-13,
8CGZ8K3E,0,0,,,,0,0,0,1,0.00070855183124194,,2019-05-04,
8CGZ8S1E,0,0,,,,0,0,0,1,0.0007427934753998354,,2019-05-04,
8CGZ8SDE,0,0,,,,0,0,0,1,0.06490875754506091,,2019-05-04,
8CGZB98E,0,0,,,,0,0,0,1,0.00070855183124194,,2019-08-13,
8CGZB9VE,0,0,,,,0,0,0,1,0.000723645533577128,,2019-06-01,
8CGZKBME,0,0,,,,0,0,0,1,0.37293677567535144,,2019-05-04,
8CGZKDHE,0,0,,,,0,0,0,1,0.0006955173013130974,,2019-05-04,
8CGZMEAE,0,0,,,,0,0,0,1,0.0008700505025266063,,2019-05-04,
8CH02WUE,0,0,,,,0,0,0,1,0.00070855183124194,,2019-08-13,
8CH05AGE,0,0,,,,0,0,0,1,0.0006955173013130974,,2019-05-04,
8CH06AGE,0,0,,,,0,0,0,1,0.0007029480152224588,,2019-05-16,
8CH06B5E,0,0,,,,0,0,0,1,0.0006955173013130974,,2019-05-04,
8CH06E7E,0,0,,,,0,0,0,1,0.000723645533577128,,2019-05-04,
8CH06EDE,0,0,,,,0,0,0,1,0.0007909511676434602,,2019-06-01,
8CH0869E,0,0,,,,0,0,0,1,0.010002198513797592,,2019-05-04,
8CH08RNE,0,0,,,,0,0,0,1,0.0007909511676434602,,2019-08-13,
8CH09GGE,0,0,,,,0,0,0,1,0.000723645533577128,,2019-06-01,
8CH0BYPE,0,0,,,,0,0,0,1,0.0006955173013130974,,2019-08-13,
8CH0BYTE,0,0,,,,0,0,0,1,0.000723645533577128,,2019-06-01,
8CH0DM8E,0,0,,,,0,0,0,1,0.00070855183124194,,2019-08-13,
8CH0GNLE,0,0,,,,0,0,0,1,0.00070855183124194,,2019-05-04,
8CH0GNNE,0,0,,,,0,0,0,1,0.01941615403709921,,2019-05-04,
8CH0GNSE,0,0,,,,0,0,0,1,0.0007305429701563391,,2019-05-16,
8CH0HRKE,0,0,,,,0,0,0,1,0.000723645533577128,,2019-06-01,
8CH0HTRE,0,0,,,,0,0,0,1,0.0007909511676434602,,2019-06-01,
8CH0L5PE,0,0,,,,0,0,0,1,0.00070855183124194,,2019-06-01,
8CH0R06E,0,0,,,,0,0,0,1,0.000723645533577128,,2019-05-04,
8CH0R3YE,0,0,,,,0,0,0,1,0.08496377311966934,,2019-08-13,
8CH0TLTE,0,0,,,,0,0,0,1,0.0007029480152224588,,2019-08-13,
8CH0TLUE,0,0,,,,0,0,0,1,0.000723645533577128,,2019-06-01,
8CH0TN2E,0,0,,,,0,0,0,1,0.000723645533577128,,2019-06-01,
8CH0TN3E,0,0,,,,0,0,0,1,0.0007029480152224588,,2019-08-13,
8CH0TVRE,0,0,,,,0,0,0,1,0.0007909511676434602,,2019-08-13,
8CH0V7TE,0,0,,,,0,0,0,1,0.013601479143619305,,2019-06-01,
8CH0VH1E,0,0,,,,0,0,0,1,0.000723645533577128,,2019-05-16,
8CH0VW0E,0,0,,,,0,0,0,1,0.000723645533577128,,2019-06-01,
8CH11KPE,0,0,,,,0,0,0,1,0.0006955173013130974,,2019-05-04,
8CH13D7E,0,0,,,,0,0,0,1,0.0006882857216211939,,2019-06-01,
8CH13DAE,0,0,,,,0,0,0,1,0.000723645533577128,,2019-06-01,
8CH15D3E,0,0,,,,0,0,0,1,0.056031377340131513,,2019-05-16,
8CH15YME,0,0,,,,0,0,0,1,0.0007427934753998354,,2019-06-01,
8CH160KE,0,0,,,,0,0,0,1,0.0007909511676434602,,2019-08-13,
8CH16PBE,0,0,,,,0,0,0,1,0.010548147459659296,,2019-06-01,
8CH16ZDE,0,0,,,,0,0,0,1,0.000905230842998406,,2019-06-01,
8CH16ZUE,0,0,,,,0,0,0,1,0.000879344239918842,,2019-06-01,
8CH17M9E,0,0,,,,0,0,0,1,0.0006882857216211939,,2019-06-01,
8CH17MHE,0,0,,,,0,0,0,1,0.0006955173013130974,,2019-08-13,
8CH190UE,1,0,,2022-03-26,,0,0,1,0,0.5052282224129333,,2019-08-13,
8CH1APUE,1,0,,2025-09-18,,0,0,1,0,0.03823386667622473,,2019-06-01,
8CH1AR5E,0,0,,,,0,0,0,1,0.0006955173013130974,,2019-05-04,
8CH1ARHE,1,0,,2023-09-28,,0,0,1,0,0.011243484532956559,,2019-06-01,
8CH1WBME,1,0,,2024-05-05,,0,0,1,0,0.07261649860209964,,2019-05-04,
8CH1XHUE,0,0,,,,0,0,0,1,0.000723645533577128,,2019-05-04,
8CH4AT4E,0,0,,,,0,0,0,1,0.0006882857216211939,,2019-05-27,
8CH4X3TE,1,0,,2022-10-12,,0,0,1,0,0.04674968877888249,,2019-05-16,
8CH4YM4E,1,0,,2023-03-03,,0,0,1,0,0.01063893939240295,,2019-05-16,
8CH4YM6E,1,0,,2025-03-13,,0,0,1,0,0.3834461890570081,,2019-05-16,
8CH4YN8E,1,0,,2024-04-09,,0,0,1,0,0.05862012626806606,,2019-05-16,
8CH4Z6UE,0,0,,,,0,0,0,1,0.0007029480152224588,,2019-05-16,
8CH5214E,1,0,,2024-02-15,,0,0,1,0,0.14273838069109088,,2019-05-16,
8CH52U5E,0,0,,,,0,0,0,1,0.00070855183124194,,2019-05-16,
8CH5B9LE,0,0,,,,0,0,0,1,0.0007909511676434602,,2019-05-16,
8CH5E8EE,1,0,,2023-04-04,,0,0,1,0,0.051934289164057915,,2019-05-16,
8CH5HRYE,1,0,,2024-12-24,,0,0,1,0,0.0771738147444515,,2019-05-16,
8CHRG6JE,0,0,,,,0,0,0,1,0.000723645533577128,,2019-11-25,
8CHU2WSE,0,0,,,,0,0,0,1,0.0007305429701563391,,2020-06-17,
8CHU7R9E,1,0,,2024-11-09,,0,0,1,0,0.024185744624348512,,2021-05-05,
8CHUHHXE,0,0,,,,0,0,0,1,0.3667982180592604,,2020-06-26,
8CJMA59E,0,0,,,,0,0,0,1,0.0005877768454647372,,2024-04-02,
8DG1BB5Y,0,0,,,,0,0,0,1,0.0005877768454647372,,2024-12-20,
8DG3MU5D,0,0,,,,0,0,0,1,0.008183386967222097,,2018-07-12,
8DG4SAUD,0,0,,,,0,0,0,1,0.0007029480152224588,,2018-07-12,
8DG4SAZD,0,0,,,,0,0,0,1,0.0007029480152224588,,2018-07-12,
8DG52U7D,0,0,,,,0,0,0,1,0.0006955173013130974,,2018-07-12,
8DG52W9D,0,0,,,,0,0,0,1,0.0007029480152224588,,2018-07-12,
8DG52WND,0,0,,,,0,0,0,1,0.0007029480152224588,,2018-07-12,
8DG6S3UD,1,0,,2024-06-11,,0,0,1,0,0.41151168108828506,,2018-07-12,
8DG88GTY,0,0,,,,0,0,0,1,0.0005877768454647372,,2025-01-01,
8DG93TXY,0,0,,,,0,0,0,1,0.008154829283386454,,2024-04-01,
8DJE2HWH,0,0,,,,0,0,0,1,0.00070855183124194,,2019-01-05,
8DJEPPSH,0,0,,,,0,0,0,1,0.00070855183124194,,2019-01-05,
8DJEPTWH,0,0,,,,0,0,0,1,0.0006810098940726097,,2019-01-05,
8DJEUXLH,0,0,,,,0,0,0,1,0.28701902949982067,,2019-01-05,
8DK5NDLH,0,0,,,,0,0,0,1,0.0007909511676434602,,2020-01-03,
8DKHU24H,0,0,,,,0,0,0,1,0.000723645533577128,,2019-12-29,
8DKUD8AH,0,0,,,,0,0,0,1,0.00070855183124194,,2019-01-05,
8DKV390H,0,0,,,,0,0,0,1,0.0007029480152224588,,2019-03-01,
8HG28M3H,0,0,,,,0,0,0,1,0.0008519057081571211,,2019-03-01,
8HG7LGUH,1,1,2025-02-07,2025-06-01,114.0,1,0,0,0,1.0,0.9999968744452099,2019-06-01,2078.0
8HGBYHPH,0,0,,,,0,0,0,1,0.0007029480152224588,,2021-10-03,
8HGNAB0H,0,0,,,,0,0,0,1,0.000723645533577128,,2019-03-28,
8HGZPYVH,0,0,,,,0,0,0,1,0.5047946303890526,,2019-01-05,
8HH12ZPH,0,0,,,,0,0,0,1,0.0007029480152224588,,2018-11-14,
8HH5JYSH,0,0,,,,0,0,0,1,0.0007305429701563391,,2018-11-14,
8HH8BNRH,0,0,,,,0,0,0,1,0.005004809877880307,,2019-03-28,
8HH8P7RH,0,0,,,,0,0,0,1,0.0007909511676434602,,2019-03-01,
8HH901KH,0,0,,,,0,0,0,1,0.0007029480152224588,,2019-03-28,
8HH9ZRUH,0,0,,,,0,0,0,1,0.0007029480152224588,,2019-03-01,
8HHARE1H,1,1,2022-06-28,2023-03-24,269.0,1,0,0,0,0.9999998867676677,0.9999998867676677,2019-08-13,1050.0
8HHARGBH,0,0,,,,0,0,0,1,0.0007909511676434602,,2019-03-01,
8HHATBKH,0,0,,,,0,0,0,1,0.0007029480152224588,,2019-03-01,
8HHJXENH,0,0,,,,0,0,0,1,0.000723645533577128,,2019-01-05,
8HHNHSUH,1,0,,2024-12-06,,0,0,1,0,0.5931898035155305,,2019-05-04,
8HHPUREH,1,0,,2024-05-16,,0,0,1,0,0.5119492905120627,,2018-11-14,
8HHT1P2H,0,0,,,,0,0,0,1,0.007123236059702976,,2018-11-14,
8HHTWXYH,0,0,,,,0,0,0,1,0.0007029480152224588,,2018-11-14,
8HHZ6MGH,0,0,,,,0,0,0,1,0.0007909511676434602,,2018-11-14,
8HJ1NNDH,0,0,,,,0,0,0,1,0.0007305429701563391,,2018-11-14,
8HJ6SJAH,0,0,,,,0,0,0,1,0.0007573054614285788,,2018-11-14,
8HJ6SJTH,0,0,,,,0,0,0,1,0.0007573054614285788,,2018-11-14,
8HJ74BPH,0,0,,,,0,0,0,1,0.0007909511676434602,,2018-11-14,
8HJ7UJHH,0,0,,,,0,0,0,1,0.0007029480152224588,,2018-11-14,
8HJ7Y9BH,0,0,,,,0,0,0,1,0.0007573054614285788,,2018-11-14,
8HJ7Z0DH,0,0,,,,0,0,0,1,0.0006955173013130974,,2019-05-04,
8HJ7Z10H,0,0,,,,0,0,0,1,0.0007909511676434602,,2018-11-14,
8HJ7Z1MH,0,0,,,,0,0,0,1,0.0071347891829407015,,2018-11-14,
8HJ86APH,0,0,,,,0,0,0,1,0.07093210070480602,,2018-11-14,
8HJ86NXH,0,0,,,,0,0,0,1,0.0006955173013130974,,2019-05-04,
8HJ8LEXH,0,0,,,,0,0,0,1,0.05046808711446851,,2019-05-04,
8HJ8LKMH,1,0,,2026-03-14,,0,0,1,0,0.05966532946609764,,2018-11-14,
8HJ91WDH,0,0,,,,0,0,0,1,0.0006955173013130974,,2019-05-04,
8HJ94EVH,0,0,,,,0,0,0,1,0.0007305429701563391,,2018-11-14,
8HJ9JWTH,0,0,,,,0,0,0,1,0.0007573054614285788,,2018-11-14,
8HJ9K7HH,1,0,,2025-01-28,,0,0,1,0,0.4126194520905613,,2018-11-14,
8HJ9KKGH,0,0,,,,0,0,0,1,0.0006955173013130974,,2019-05-04,
8HJ9KN1H,0,0,,,,0,0,0,1,0.0007029480152224588,,2018-11-14,
8HJ9LS1H,0,0,,,,0,0,0,1,0.0007909511676434602,,2018-11-14,
8HJ9M5NH,0,0,,,,0,0,0,1,0.0007029480152224588,,2018-11-14,
8HJ9M94H,0,0,,,,0,0,0,1,0.0007909511676434602,,2018-11-14,
8HJ9MZBH,0,0,,,,0,0,0,1,0.0006955173013130974,,2019-05-04,
8HJ9NHPH,0,0,,,,0,0,0,1,0.0007470892432184242,,2018-11-14,
8HJ9NKKH,0,0,,,,0,0,0,1,0.0007305429701563391,,2018-11-14,
8HJ9RYSH,0,0,,,,0,0,0,1,0.0007573054614285788,,2018-11-14,
8HJ9S05H,0,0,,,,0,0,0,1,0.0007909511676434602,,2018-11-14,
8HJ9S0EH,0,0,,,,0,0,0,1,0.0013428103642420103,,2018-11-14,
8HJ9Y3ZH,0,0,,,,0,0,0,1,0.000723645533577128,,2019-05-04,
8HJA085H,0,0,,,,0,0,0,1,0.0007573054614285788,,2018-11-14,
8HJA2DPH,0,0,,,,0,0,0,1,0.0007909511676434602,,2018-11-14,
8HJA8DBH,0,0,,,,0,0,0,1,0.0007909511676434602,,2018-11-14,
8HJBNYTH,0,0,,,,0,0,0,1,0.5216899830084409,,2019-01-05,
8HJDK12H,0,0,,,,0,0,0,1,0.0007573054614285788,,2018-11-14,
8HJDX4PH,0,0,,,,0,0,0,1,0.023153784515731232,,2018-11-14,
8HJEY89H,0,0,,,,0,0,0,1,0.0006882857216211939,,2019-03-01,
8HJG85RH,0,0,,,,0,0,0,1,0.0007909511676434602,,2019-03-01,
8HJGZPXH,0,0,,,,0,0,0,1,0.0007909511676434602,,2018-11-14,
8HJH62EH,0,0,,,,0,0,0,1,0.0007305429701563391,,2018-11-14,
8HJH8RWH,0,0,,,,0,0,0,1,0.0007573054614285788,,2019-03-01,
8HJK2HSH,0,0,,,,0,0,0,1,0.01633349307658829,,2018-11-14,
8HJLKZRH,0,0,,,,0,0,0,1,0.0007573054614285788,,2018-11-14,
8HJRD7PH,0,0,,,,0,0,0,1,0.000905230842998406,,2019-03-01,
8HJRUMWH,0,0,,,,0,0,0,1,0.0008700505025266063,,2018-11-14,
8HJRVW4H,0,0,,,,0,0,0,1,0.0007573054614285788,,2018-11-14,
8HJUGTVH,0,0,,,,0,0,0,1,0.06660707661789604,,2018-11-14,
8HJVJKPH,0,0,,,,0,0,0,1,0.000947329092820433,,2018-11-14,
8HJVUAGH,0,0,,,,0,0,0,1,0.0007573054614285788,,2018-11-14,
8HJWBJXH,0,0,,,,0,0,0,1,0.0007630032498235676,,2018-11-14,
8HJWHD6H,0,0,,,,0,0,0,1,0.0007029480152224588,,2018-11-14,
8HJWHEJH,0,0,,,,0,0,0,1,0.001464994310398346,,2019-03-28,
8HJXG0WH,1,0,,2022-05-01,,0,0,1,0,0.010020118971935398,,2018-11-14,
8HJXKBDH,0,0,,,,0,0,0,1,0.0006955173013130974,,2019-03-01,
8HJXU87H,0,0,,,,0,0,0,1,0.031530643071304744,,2018-11-14,
8HJY20MH,0,0,,,,0,0,0,1,0.0007305429701563391,,2018-11-14,
8HJYTXWH,0,0,,,,0,0,0,1,0.0007305429701563391,,2018-11-14,
8HJYU0JH,0,0,,,,0,0,0,1,0.0005867532402301793,,2018-11-14,
8HJYZNZH,0,0,,,,0,0,0,1,0.004289263834758963,,2018-11-14,
8HJZ13TH,0,0,,,,0,0,0,1,0.0007029480152224588,,2018-11-14,
8HJZADEH,0,0,,,,0,0,0,1,0.0007305429701563391,,2018-11-14,
8HJZEG6H,1,1,2022-10-20,2023-11-17,393.0,1,0,0,0,0.9955714533634064,0.9953464280016274,2018-11-14,1436.0
8HJZG4AH,0,0,,,,0,0,0,1,0.0007305429701563391,,2018-11-14,
8HJZNVWH,0,0,,,,0,0,0,1,0.0005745131775660124,,2018-11-14,
8HK087WH,0,0,,,,0,0,0,1,0.05230599264524798,,2018-11-14,
8HK0HH3H,0,0,,,,0,0,0,1,0.0007909511676434602,,2018-11-14,
8HK12NNH,0,0,,,,0,0,0,1,0.0007909511676434602,,2018-11-14,
8HK17SKH,0,0,,,,0,0,0,1,0.010182278693215845,,2018-11-14,
8HK17SWH,0,0,,,,0,0,0,1,0.0007909511676434602,,2018-11-14,
8HK17SYH,0,0,,,,0,0,0,1,0.06492847856079335,,2018-11-14,
8HK19K9H,0,0,,,,0,0,0,1,0.0007909511676434602,,2018-11-14,
8HK19KVH,0,0,,,,0,0,0,1,0.0007909511676434602,,2018-11-14,
8HK1KY3H,0,0,,,,0,0,0,1,0.0007427934753998354,,2018-11-14,
8HK1LYPH,0,0,,,,0,0,0,1,0.0007573054614285788,,2018-11-14,
8HK1N18H,0,0,,,,0,0,0,1,0.0007029480152224588,,2018-11-14,
8HK1PV7H,0,0,,,,0,0,0,1,0.0007573054614285788,,2018-11-14,
8HK1UULH,0,0,,,,0,0,0,1,0.0007700044021774857,,2018-11-14,
8HK1XAAH,1,0,,2021-10-24,,0,0,1,0,0.0006408595158853029,,2018-11-14,
8HK224GH,0,0,,,,0,0,0,1,0.0007909511676434602,,2018-11-14,
8HK25XSH,0,0,,,,0,0,0,1,0.0007573054614285788,,2018-11-14,
8HK266WH,0,0,,,,0,0,0,1,0.018057666600520654,,2018-11-14,
8HK28TJH,0,0,,,,0,0,0,1,0.0009019190579605741,,2018-11-14,
8HK28Y0H,0,0,,,,0,0,0,1,0.0007029480152224588,,2018-11-14,
8HK2A1EH,0,0,,,,0,0,0,1,0.000723645533577128,,2019-06-01,
8HK2BA6H,0,0,,,,0,0,0,1,0.0007029480152224588,,2018-11-14,
8HK2BAEH,0,0,,,,0,0,0,1,0.000723645533577128,,2018-11-14,
8HK2DVKH,0,0,,,,0,0,0,1,0.0007029480152224588,,2018-11-14,
8HK2JXUH,0,0,,,,0,0,0,1,0.00070855183124194,,2019-03-28,
8HK2KY6H,0,0,,,,0,0,0,1,0.0007305429701563391,,2018-11-14,
8HK2MXPH,0,0,,,,0,0,0,1,0.0007573054614285788,,2018-11-14,
8HK2RMWH,0,0,,,,0,0,0,1,0.009787978084014232,,2018-11-14,
8HK2RNWH,0,0,,,,0,0,0,1,0.0007029480152224588,,2018-11-14,
8HK2RP9H,0,0,,,,0,0,0,1,0.0007700044021774857,,2018-11-14,
8HK2VLMH,0,0,,,,0,0,0,1,0.0007909511676434602,,2018-11-14,
8HK2X4YH,0,0,,,,0,0,0,1,0.0007029480152224588,,2018-11-14,
8HK2ZPDH,0,0,,,,0,0,0,1,0.000723645533577128,,2019-05-04,
8HK2ZT1H,0,0,,,,0,0,0,1,0.0007029480152224588,,2018-11-14,
8HK31WMH,0,0,,,,0,0,0,1,0.0007909511676434602,,2019-05-04,
8HK31Y8H,0,0,,,,0,0,0,1,0.005001779878313704,,2018-11-14,
8HK341ZH,0,0,,,,0,0,0,1,0.0007573054614285788,,2018-11-14,
8HK34EZH,0,0,,,,0,0,0,1,0.0007305429701563391,,2018-11-14,
8HK3BWZH,0,0,,,,0,0,0,1,0.0007573054614285788,,2018-11-14,
8HK3GTLH,0,0,,,,0,0,0,1,0.0086549713953276,,2018-11-14,
8HK3GUXH,0,0,,,,0,0,0,1,0.0007029480152224588,,2018-11-14,
8HK3MMSH,0,0,,,,0,0,0,1,0.0007305429701563391,,2018-11-14,
8HK3NG2H,0,0,,,,0,0,0,1,0.001292151444800053,,2018-11-14,
8HK3NJMH,0,0,,,,0,0,0,1,0.0007029480152224588,,2018-11-14,
8HK41HEH,0,0,,,,0,0,0,1,0.000879344239918842,,2018-11-14,
8HK69BMH,0,0,,,,0,0,0,1,0.000947329092820433,,2019-03-01,
8HK6T2AH,0,0,,,,0,0,0,1,0.0009138574794227843,,2018-11-14,
8HK6TL7H,0,0,,,,0,0,0,1,0.0007909511676434602,,2018-11-14,
8HK6UUDH,0,0,,,,0,0,0,1,0.0007029480152224588,,2019-03-28,
8HK6V14H,0,0,,,,0,0,0,1,0.0007573054614285788,,2018-11-14,
8HK6VSKH,1,0,,2024-03-10,,0,0,1,0,0.4039687734672205,,2018-11-14,
8HK70X7H,0,0,,,,0,0,0,1,0.0007573054614285788,,2018-11-14,
8HK7194H,0,0,,,,0,0,0,1,0.0007700044021774857,,2018-11-14,
8HK72J0H,0,0,,,,0,0,0,1,0.0007573054614285788,,2018-11-14,
8HK7DKMH,0,0,,,,0,0,0,1,0.00070855183124194,,2019-03-01,
8HK7E5DH,0,0,,,,0,0,0,1,0.0007305429701563391,,2018-11-14,
8HK7E68H,0,0,,,,0,0,0,1,0.0007029480152224588,,2018-11-14,
8HK7H58H,0,0,,,,0,0,0,1,0.0007305429701563391,,2018-11-14,
8HK80P1H,0,0,,,,0,0,0,1,0.014338630339336786,,2019-01-05,
8HKB2WEH,0,0,,,,0,0,0,1,0.01201016033744507,,2019-01-05,
8HKB3M2H,0,0,,,,0,0,0,1,0.0006955173013130974,,2019-01-05,
8HKB4R4H,0,0,,,,0,0,0,1,0.0006955173013130974,,2019-05-04,
8HKBBKKH,0,0,,,,0,0,0,1,0.0463811806058608,,2018-11-14,
8HKBYNVH,0,0,,,,0,0,0,1,0.0006955173013130974,,2019-05-04,
8HKE039H,0,0,,,,0,0,0,1,0.014189476801902016,,2018-11-14,
8HKE6E1H,0,0,,,,0,0,0,1,0.000723645533577128,,2019-01-05,
8HKE8S7H,0,0,,,,0,0,0,1,0.01428234433528384,,2019-01-05,
8HKEAWEH,0,0,,,,0,0,0,1,0.0008700505025266063,,2019-06-01,
8HKEKYRH,0,0,,,,0,0,0,1,0.000723645533577128,,2019-06-01,
8HKG0GWH,0,0,,,,0,0,0,1,0.0006955173013130974,,2019-01-05,
8HKHPZHH,0,0,,,,0,0,0,1,0.000723645533577128,,2019-06-01,
8HKJ4MAH,0,0,,,,0,0,0,1,0.0007029480152224588,,2019-03-01,
8HKJ5KDH,1,0,,2025-06-29,,0,0,1,0,0.0007029480152224588,,2018-11-14,
8HKL6STH,0,0,,,,0,0,0,1,0.0007573054614285788,,2019-03-01,
8HKLRUSH,0,1,2026-02-09,,,0,1,0,0,0.9999980468167609,0.9999980468167609,2019-03-01,2537.0
8HKM415H,0,0,,,,0,0,0,1,0.0006882857216211939,,2019-03-01,
8HKM5RVH,0,0,,,,0,0,0,1,0.000723645533577128,,2019-03-28,
8HKM654H,0,0,,,,0,0,0,1,0.0008863530178973319,,2019-03-28,
8HKM9Z1H,0,0,,,,0,0,0,1,0.0006955173013130974,,2019-03-28,
8HKMR21H,1,0,,2020-09-02,,0,0,1,0,0.05200273673275335,,2019-03-28,
8HKNMW1H,0,0,,,,0,0,0,1,0.0006955173013130974,,2019-05-04,
8HKNN28H,0,0,,,,0,0,0,1,0.03129512066082407,,2019-06-01,
8HKPM7RH,0,0,,,,0,0,0,1,0.00070855183124194,,2019-03-01,
8HKPZY9H,1,0,,2024-08-13,,0,0,1,0,0.04662746869781098,,2019-03-28,
8HKRER2H,0,0,,,,0,0,0,1,0.005627734494935185,,2019-06-01,
8HKS4X3H,0,0,,,,0,0,0,1,0.20436365039513965,,2019-03-01,
8HKTBA3H,1,0,,2024-09-22,,0,0,1,0,0.0530962322154097,,2019-03-01,
8HKTE54H,0,0,,,,0,0,0,1,0.0007029480152224588,,2019-03-01,
8HKTH2SH,1,0,,2023-11-27,,0,0,1,0,0.036257278552582595,,2019-03-01,
8HKTK0XH,0,0,,,,0,0,0,1,0.00070855183124194,,2019-01-05,
8HKU0DXH,0,0,,,,0,0,0,1,0.0007305429701563391,,2019-03-01,
8HKU3YTH,1,0,,2024-07-13,,0,0,1,0,0.21859928816057,,2019-03-01,
8HKU4WXH,0,0,,,,0,0,0,1,0.28701902949982067,,2019-01-05,
8HKUEJHH,1,0,,2025-04-25,,0,0,1,0,0.0063195036922253514,,2019-03-28,
8HKVW60H,0,0,,,,0,0,0,1,0.0007427934753998354,,2019-03-28,
8HKW4NPH,0,0,,,,0,0,0,1,0.000723645533577128,,2019-06-01,
8HKWV1GH,0,0,,,,0,0,0,1,0.0008574417425069382,,2019-01-05,
8HKWXJYH,0,0,,,,0,0,0,1,0.000723645533577128,,2019-03-28,
8HKY0KHH,1,1,2024-01-10,2024-05-14,125.0,1,0,0,0,1.0,0.9999999414712056,2019-03-01,1776.0
8HKY66PH,0,0,,,,0,0,0,1,0.0007573054614285788,,2019-03-01,
8HKYJ38H,0,0,,,,0,0,0,1,0.0007029480152224588,,2019-03-28,
8HKYZ6YH,0,0,,,,0,0,0,1,0.00070855183124194,,2019-03-28,
8HKZ213H,0,0,,,,0,0,0,1,0.0007427934753998354,,2019-01-05,
8HKZDBRH,0,0,,,,0,0,0,1,0.00070855183124194,,2019-06-01,
8HKZL75H,0,0,,,,0,0,0,1,0.017194833229958625,,2019-05-04,
AAG0EXPH,0,0,,,,0,0,0,1,0.0006955173013130974,,2019-01-05,
AAG0LHRH,0,0,,,,0,0,0,1,0.000723645533577128,,2019-01-05,
AAG121VH,0,0,,,,0,0,0,1,0.007246341329964629,,2019-03-01,
AAG16VPH,0,0,,,,0,0,0,1,0.0006955173013130974,,2019-01-05,
AAG18L0H,0,0,,,,0,0,0,1,0.0007029480152224588,,2019-03-28,
AAG18MEH,0,0,,,,0,0,0,1,0.0008700505025266063,,2019-03-01,
AAG197UH,0,0,,,,0,0,0,1,0.000723645533577128,,2019-06-01,
AAG1LSNH,1,0,,2025-07-30,,0,0,1,0,0.046373951447169985,,2019-01-05,
AAG1LSVH,0,0,,,,0,0,0,1,0.007113612585234678,,2019-01-05,
AAG1LW3H,1,0,,2024-09-03,,0,0,1,0,0.9059716694748589,,2019-01-05,
AAG1PLVH,0,0,,,,0,0,0,1,0.0007029480152224588,,2019-03-28,
AAG1PM9H,0,0,,,,0,0,0,1,0.0006955173013130974,,2019-03-28,
AAG1RJAH,0,0,,,,0,0,0,1,0.055017134195307425,,2019-03-28,
AAG1RK5H,0,0,,,,0,0,0,1,0.0006955173013130974,,2019-01-05,
AAG1RR9H,0,0,,,,0,0,0,1,0.0006955173013130974,,2019-03-28,
AAG1RUJH,0,0,,,,0,0,0,1,0.000723645533577128,,2019-03-28,
AAG1TGGH,0,0,,,,0,0,0,1,0.000723645533577128,,2019-01-05,
AAG1VJYH,0,0,,,,0,0,0,1,0.0006882857216211939,,2019-03-28,
AAG1VNPH,0,0,,,,0,0,0,1,0.0006810098940726097,,2019-01-05,
AAG1Z4AH,0,0,,,,0,0,0,1,0.06538323622315459,,2019-08-13,
AAG23A2H,0,0,,,,0,0,0,1,0.058886730359600924,,2019-01-05,
AAG23AKH,0,0,,,,0,0,0,1,0.0006955173013130974,,2019-01-05,
AAG23AVH,0,0,,,,0,0,0,1,0.0007029480152224588,,2019-03-28,
AAG246TH,0,0,,,,0,0,0,1,0.0007029480152224588,,2019-06-01,
AAG24UVH,0,0,,,,0,0,0,1,0.0006955173013130974,,2019-01-05,
AAG24VXH,0,0,,,,0,0,0,1,0.0006955173013130974,,2019-01-05,
AAG26NBH,1,0,,2023-10-19,,0,0,1,0,0.09323569392583345,,2019-03-28,
AAG26TPH,0,0,,,,0,0,0,1,0.03160776262942599,,2019-03-28,
AAG26U9H,1,0,,2023-01-26,,0,0,1,0,0.060073594025001106,,2019-06-01,
AAG27VEH,0,0,,,,0,0,0,1,0.000723645533577128,,2019-03-28,
AAG27W2H,0,0,,,,0,0,0,1,0.0006882857216211939,,2019-03-01,
AAG27XPH,1,0,,2025-10-06,,0,0,1,0,0.011029527490302749,,2019-03-28,
AAG27ZLH,0,0,,,,0,0,0,1,0.0007909511676434602,,2019-03-28,
AAG281TH,1,0,,2024-07-25,,0,0,1,0,0.0588763516220712,,2019-01-05,
AAG2GGJH,0,0,,,,0,0,0,1,0.0008610057928441051,,2019-06-01,
AAG2JGJH,1,0,,2026-02-10,,0,0,1,0,0.015167744200638955,,2019-06-01,
AAG2JL4H,0,0,,,,0,0,0,1,0.0006810098940726097,,2019-01-05,
AAG2RZJH,0,0,,,,0,0,0,1,0.0006955173013130974,,2019-03-28,
AAG2S62H,0,0,,,,0,0,0,1,0.000723645533577128,,2019-03-28,
AAG2S9YH,0,0,,,,0,0,0,1,0.0007427934753998354,,2019-06-01,
AAG2SAYH,0,0,,,,0,0,0,1,0.000723645533577128,,2019-08-13,
AAG2SJ3H,0,0,,,,0,0,0,1,0.0006955173013130974,,2019-08-13,
AAG2VSVH,0,0,,,,0,0,0,1,0.0007029480152224588,,2019-03-28,
AAG2Y6JH,0,0,,,,0,0,0,1,0.0007427934753998354,,2019-03-28,
AAG2Z67H,0,0,,,,0,0,0,1,0.000723645533577128,,2019-06-01,
AAG2ZU1H,0,0,,,,0,0,0,1,0.0007029480152224588,,2019-06-01,
AAG305AH,0,0,,,,0,0,0,1,0.000723645533577128,,2019-06-01,
AAG306GH,0,0,,,,0,0,0,1,0.012459164589460186,,2019-01-05,
AAG34Z4H,0,0,,,,0,0,0,1,0.00070855183124194,,2019-01-05,
AAG350BH,0,0,,,,0,0,0,1,0.03130639070516828,,2019-03-28,
AAG350TH,0,0,,,,0,0,0,1,0.0008700505025266063,,2019-03-28,
AAG3512H,0,0,,,,0,0,0,1,0.0013428103642420103,,2019-03-28,
AAG352AH,0,0,,,,0,0,0,1,0.000723645533577128,,2019-06-01,
AAG353EH,0,0,,,,0,0,0,1,0.0006955173013130974,,2019-01-05,
AAG35LWH,0,0,,,,0,0,0,1,0.727662954344796,,2019-01-05,
AAG401PH,0,0,,,,0,0,0,1,0.0007909511676434602,,2019-01-05,
AAG46YHH,0,0,,,,0,0,0,1,0.0006955173013130974,,2019-03-28,
AAG477BH,0,0,,,,0,0,0,1,0.0006955173013130974,,2019-01-05,
AAG478DH,0,0,,,,0,0,0,1,0.005004809877880307,,2019-03-28,
AAG48B3H,0,0,,,,0,0,0,1,0.0007305429701563391,,2019-03-01,
AAG4AA9H,0,0,,,,0,0,0,1,0.012816695411078417,,2019-03-01,
AAG4VESH,0,1,2025-06-12,,,0,1,0,0,0.999999501771762,0.9999935218018261,2019-03-01,2295.0
AAG4Z4YH,0,0,,,,0,0,0,1,0.007065058400179971,,2019-03-01,
AAG4Z52H,0,0,,,,0,0,0,1,0.0007573054614285788,,2019-03-01,
AAG4Z5AH,1,0,,2025-03-14,,0,0,1,0,0.16685658516075697,,2019-01-05,
AAG4ZABH,0,0,,,,0,0,0,1,0.0007573054614285788,,2019-03-01,
AAG51RHH,0,0,,,,0,0,0,1,0.0006955173013130974,,2019-01-05,
AAG540GH,0,0,,,,0,0,0,1,0.0007029480152224588,,2019-03-28,
AAG5DTTH,0,0,,,,0,0,0,1,0.000905230842998406,,2019-03-28,
AAG5Y4DH,0,0,,,,0,0,0,1,0.0006955173013130974,,2019-01-05,
AAG5Y4LH,0,0,,,,0,0,0,1,0.008518569166752922,,2019-01-05,
AAG5Y4TH,0,0,,,,0,0,0,1,0.0059648046119519455,,2019-01-05,
AAG5Y4UH,0,0,,,,0,0,0,1,0.0006955173013130974,,2019-01-05,
AAG5Y5UH,0,0,,,,0,0,0,1,0.009030904812629997,,2019-01-05,
AAG5YJ4H,0,0,,,,0,0,0,1,0.008093638028792467,,2019-03-28,
AAG5YLKH,0,0,,,,0,0,0,1,0.0007573054614285788,,2019-03-01,
AAG5YYBH,0,0,,,,0,0,0,1,0.0006955173013130974,,2019-01-05,
AAG5YYKH,1,1,2025-09-03,2025-09-30,27.0,1,0,0,0,0.9983253204234089,0.9983253204234089,2019-01-05,2433.0
AAG5YZ8H,0,0,,,,0,0,0,1,0.00070855183124194,,2019-03-28,
AAG5YZZH,1,1,2025-07-08,2025-07-30,22.0,1,0,0,0,0.9993999910044077,0.9993999910044077,2019-03-01,2321.0
AAG613MH,0,0,,,,0,0,0,1,0.0006810098940726097,,2019-01-05,
AAG613RH,1,0,,2025-06-06,,0,0,1,0,0.011666394044883486,,2019-01-05,
AAG61KPH,0,1,2019-03-28,,,0,1,0,0,1.0,1.0,2019-03-28,0.0
AAG61LHH,1,1,2024-05-09,2024-05-17,8.0,1,0,0,0,0.9998845047923023,0.9998845047923023,2019-03-01,1896.0
AAG61NEH,0,0,,,,0,0,0,1,0.0006955173013130974,,2019-01-05,
AAG61NZH,0,0,,,,0,0,0,1,0.03337610774763737,,2019-03-28,
AAG61P2H,0,0,,,,0,0,0,1,0.0007427934753998354,,2019-03-01,
AAG61UMH,0,0,,,,0,0,0,1,0.01577216515391493,,2019-01-05,
AAG61WRH,0,0,,,,0,0,0,1,0.0006882857216211939,,2019-03-01,
AAG61Z1H,0,0,,,,0,0,0,1,0.00070855183124194,,2019-01-05,
AAG61ZAH,0,0,,,,0,0,0,1,0.0007305429701563391,,2019-03-01,
AAG620PH,0,0,,,,0,0,0,1,0.00070855183124194,,2019-03-28,
AAG621WH,0,0,,,,0,0,0,1,0.0006955173013130974,,2019-01-05,
AAG623DH,0,0,,,,0,0,0,1,0.0006955173013130974,,2019-01-05,
AAG6376H,0,0,,,,0,0,0,1,0.008529257046199128,,2019-03-28,
AAG637RH,1,0,,2022-05-21,,0,0,1,0,0.0005877768454647372,,2019-01-05,
AAG6381H,0,0,,,,0,0,0,1,0.0007427934753998354,,2019-01-05,
AAG638GH,0,0,,,,0,0,0,1,0.0006955173013130974,,2019-01-05,
AAG639BH,0,0,,,,0,0,0,1,0.012581459586604476,,2019-01-05,
AAG63DLH,0,0,,,,0,0,0,1,0.0007909511676434602,,2019-03-28,
AAG63JSH,0,0,,,,0,0,0,1,0.0007305429701563391,,2019-03-01,
AAG63PJH,0,0,,,,0,0,0,1,0.0006955173013130974,,2019-03-28,
AAG63PKH,1,0,,2022-05-22,,0,0,1,0,0.0006082513881543846,,2019-03-01,
AAG63PLH,0,0,,,,0,0,0,1,0.0007029480152224588,,2019-03-01,
AAG63RGH,0,0,,,,0,0,0,1,0.0007029480152224588,,2019-03-01,
AAG63TMH,1,1,2024-09-29,2025-09-02,338.0,1,0,0,0,0.9999999999942879,0.9999999999942879,2019-03-01,2039.0
AAG63TSH,0,0,,,,0,0,0,1,0.0007029480152224588,,2019-03-28,
AAG63V6H,0,0,,,,0,0,0,1,0.48427417838100667,,2019-03-28,
AAG63WHH,1,0,,2025-11-30,,0,0,1,0,0.057960570767793415,,2019-01-05,
AAG63Z8H,1,1,2025-09-13,2025-09-28,15.0,1,0,0,0,0.9999996202674969,0.9999996202674969,2019-03-01,2388.0
AAG6417H,1,1,2024-05-30,2024-06-06,7.0,1,0,0,0,0.9998919035649305,0.9998919035649305,2019-03-01,1917.0
AAG6436H,0,0,,,,0,0,0,1,0.0007909511676434602,,2019-06-01,
AAG64VXH,0,0,,,,0,0,0,1,0.023776488721100525,,2019-01-05,
AAG6509H,0,0,,,,0,0,0,1,0.00070855183124194,,2019-03-28,
AAG67UZH,0,0,,,,0,0,0,1,0.06485599273069577,,2019-03-28,
AAG67V3H,1,0,,2025-06-20,,0,0,1,0,0.44019070432708923,,2019-03-01,
AAG67VBH,0,0,,,,0,0,0,1,0.005392601260714617,,2019-03-28,
AAG67W3H,0,0,,,,0,0,0,1,0.0006955173013130974,,2019-03-01,
AAG67Z8H,0,0,,,,0,0,0,1,0.000723645533577128,,2019-06-01,
AAG682YH,1,1,2020-08-26,2024-07-04,1408.0,1,0,0,0,0.9909633354420243,0.9909633354420243,2019-03-28,517.0
AAG683JH,0,0,,,,0,0,0,1,0.0007029480152224588,,2019-03-01,
AAG686GH,0,0,,,,0,0,0,1,0.000723645533577128,,2019-03-01,
AAG6870H,0,0,,,,0,0,0,1,0.000879344239918842,,2019-01-05,
AAG6878H,0,0,,,,0,0,0,1,0.0008574361499758853,,2019-01-05,
AAG687GH,0,0,,,,0,0,0,1,0.0007305429701563391,,2019-03-01,
AAG687MH,0,0,,,,0,0,0,1,0.0006955173013130974,,2019-03-28,
AAG68AGH,0,0,,,,0,0,0,1,0.00070855183124194,,2019-06-01,
AAG68AKH,0,0,,,,0,0,0,1,0.2006753387566056,,2019-03-01,
AAG68AUH,0,0,,,,0,0,0,1,0.00070855183124194,,2019-01-05,
AAG68AXH,0,0,,,,0,0,0,1,0.00070855183124194,,2019-03-28,
AAG68BRH,0,0,,,,0,0,0,1,0.6233531280995404,,2019-01-05,
AAG68EWH,1,0,,2023-04-01,,0,0,1,0,0.07243720536624632,,2019-01-05,
AAG68EXH,1,0,,2024-06-19,,0,0,1,0,0.04734352495926991,,2019-01-05,
AAG68KVH,0,0,,,,0,0,0,1,0.0007909511676434602,,2019-01-05,
AAG691PH,0,0,,,,0,0,0,1,0.000723645533577128,,2019-06-01,
AAG691VH,0,0,,,,0,0,0,1,0.02239340493366522,,2019-01-05,
AAG69LHH,0,0,,,,0,0,0,1,0.00070855183124194,,2019-06-01,
AAG69TTH,0,0,,,,0,0,0,1,0.0007305429701563391,,2019-03-01,
AAG69WWH,0,0,,,,0,0,0,1,0.0006955173013130974,,2019-01-05,
AAG69YWH,0,0,,,,0,0,0,1,0.0007573054614285788,,2019-03-01,
AAG6A03H,0,0,,,,0,0,0,1,0.0007305429701563391,,2019-03-01,
AAG6A07H,0,0,,,,0,0,0,1,0.005886962629380668,,2019-03-01,
AAG6A0AH,0,0,,,,0,0,0,1,0.000723645533577128,,2019-01-05,
AAG6AATH,0,0,,,,0,0,0,1,0.0006882857216211939,,2019-06-01,
AAG6AV4H,0,0,,,,0,0,0,1,0.0007305429701563391,,2019-03-01,
AAG6AWTH,1,0,,2024-07-08,,0,0,1,0,0.060505699410887036,,2019-03-28,
AAG6AX6H,0,0,,,,0,0,0,1,0.004819110733270814,,2019-03-28,
AAG6B4HH,0,0,,,,0,0,0,1,0.0007029480152224588,,2019-03-28,
AAG6B5KH,0,0,,,,0,0,0,1,0.0007029480152224588,,2019-03-28,
AAG6DT9H,1,0,,2019-04-25,,0,0,1,0,0.0005877768454647372,,2019-03-01,
AAG6DVEH,0,0,,,,0,0,0,1,0.000879344239918842,,2019-03-01,
AAG6DXTH,0,0,,,,0,0,0,1,0.11655635694356792,,2019-01-05,
AAG6E2HH,0,0,,,,0,0,0,1,0.0008700505025266063,,2019-03-28,
AAG6E60H,0,0,,,,0,0,0,1,0.006405990008128349,,2019-03-01,
AAG6E7EH,0,0,,,,0,0,0,1,0.0006955173013130974,,2019-03-28,
AAG6E7RH,0,0,,,,0,0,0,1,0.0007305429701563391,,2019-03-01,
AAG6ESPH,0,0,,,,0,0,0,1,0.0006955173013130974,,2019-01-05,
AAG6EVRH,0,0,,,,0,0,0,1,0.0006955173013130974,,2019-01-05,
AAG6EX3H,0,0,,,,0,0,0,1,0.00070855183124194,,2019-01-05,
AAG6GM1H,0,0,,,,0,0,0,1,0.0006955173013130974,,2019-03-28,
AAG6H25H,0,0,,,,0,0,0,1,0.0007573054614285788,,2019-03-01,
AAG6HG0H,0,0,,,,0,0,0,1,0.0007029480152224588,,2019-03-01,
AAG6HSEH,0,0,,,,0,0,0,1,0.00070855183124194,,2019-03-01,
AAG6HYXH,0,0,,,,0,0,0,1,0.0007573054614285788,,2019-03-01,
AAG6J1MH,0,0,,,,0,0,0,1,0.0006955173013130974,,2019-01-05,
AAG6J1TH,1,0,,2025-10-07,,0,0,1,0,0.3929132052980135,,2019-03-01,
AAG6J2DH,1,0,,2024-01-03,,0,0,1,0,0.06274368559656104,,2019-03-28,
AAG6J2KH,1,0,,2023-10-19,,0,0,1,0,0.5388743157839228,,2019-01-05,
AAG6KJ6H,0,0,,,,0,0,0,1,0.0007909511676434602,,2019-03-28,
AAG6KJPH,0,0,,,,0,0,0,1,0.00070855183124194,,2019-03-28,
AAG6KTJH,0,0,,,,0,0,0,1,0.00070855183124194,,2019-03-01,
AAG6KTRH,0,0,,,,0,0,0,1,0.0006955173013130974,,2019-01-05,
AAG6KUAH,0,1,2025-10-09,,,0,1,0,0,0.9998570526303548,0.9983033846299885,2019-01-05,2469.0
AAG6KUJH,0,0,,,,0,0,0,1,0.0007029480152224588,,2019-03-01,
AAG6KV6H,1,0,,2021-11-27,,0,0,1,0,0.007623390280456335,,2019-03-01,
AAG6L88H,0,0,,,,0,0,0,1,0.0006955173013130974,,2019-03-28,
AAG6L8VH,0,0,,,,0,0,0,1,0.032344505785172346,,2019-03-28,
AAG6LD7H,1,0,,2025-06-16,,0,0,1,0,0.022979526195652075,,2019-03-01,
AAG6LDTH,0,0,,,,0,0,0,1,0.0008863530178973319,,2019-03-28,
AAG6LEHH,0,0,,,,0,0,0,1,0.0007029480152224588,,2019-03-01,
AAG6LEJH,0,0,,,,0,0,0,1,0.0007029480152224588,,2019-03-01,
AAG6LG9H,0,0,,,,0,0,0,1,0.000723645533577128,,2019-01-05,
AAG6LTSH,0,0,,,,0,0,0,1,0.0007573054614285788,,2019-03-01,
AAG6M3BH,0,0,,,,0,0,0,1,0.0007305429701563391,,2019-03-01,
AAG6M8TH,0,0,,,,0,0,0,1,0.00070855183124194,,2019-01-05,
AAG6MABH,0,0,,,,0,0,0,1,0.000723645533577128,,2019-05-04,
AAG6NEEH,0,0,,,,0,0,0,1,0.00070855183124194,,2019-03-28,
AAG6NP0H,1,1,2024-05-29,2024-09-22,116.0,1,0,0,0,0.997808447113909,0.997808447113909,2019-03-01,1916.0
AAG6NPRH,1,1,2026-03-12,2026-03-12,0.0,1,0,0,0,0.9999994603920747,0.9999994603920747,2019-03-01,2568.0
AAG6NRBH,1,0,,2024-07-11,,0,0,1,0,0.43843181077050003,,2019-03-28,
AAG6NRZH,0,0,,,,0,0,0,1,0.0007909511676434602,,2019-03-28,
AAG6NS8H,0,0,,,,0,0,0,1,0.601221545042664,,2019-03-28,
AAG6NSKH,0,0,,,,0,0,0,1,0.37293677567535144,,2019-01-05,
AAG6NVKH,0,0,,,,0,0,0,1,0.000723645533577128,,2019-01-05,
AAG6NW3H,0,0,,,,0,0,0,1,0.00070855183124194,,2019-06-01,
AAG6P40H,0,0,,,,0,0,0,1,0.0006955173013130974,,2019-01-05,
AAG6P42H,0,0,,,,0,0,0,1,0.0006882857216211939,,2019-03-01,
AAG6P4EH,0,0,,,,0,0,0,1,0.0006955173013130974,,2019-03-28,
AAG6P9AH,0,0,,,,0,0,0,1,0.0006955173013130974,,2019-03-01,
AAG6PWBH,0,0,,,,0,0,0,1,0.000723645533577128,,2019-03-01,
AAG6PY2H,0,0,,,,0,0,0,1,0.0006955173013130974,,2019-01-05,
AAG6PYLH,0,0,,,,0,0,0,1,0.00070855183124194,,2019-06-01,
AAG6R0AH,0,0,,,,0,0,0,1,0.000723645533577128,,2019-06-01,
AAG6R2RH,0,0,,,,0,0,0,1,0.0007305429701563391,,2019-03-01,
AAG6R32H,0,0,,,,0,0,0,1,0.0007573054614285788,,2019-03-01,
AAG6R48H,0,0,,,,0,0,0,1,0.0007427934753998354,,2019-03-28,
AAG6R8UH,0,0,,,,0,0,0,1,0.00070855183124194,,2019-03-28,
AAG6T4ZH,0,0,,,,0,0,0,1,0.000723645533577128,,2019-03-28,
AAG6T52H,1,0,,2023-06-10,,0,0,1,0,0.0006882857216211939,,2019-06-01,
AAG6T55H,0,0,,,,0,0,0,1,0.000723645533577128,,2019-06-01,
AAG6T5JH,0,0,,,,0,0,0,1,0.0008610057928441051,,2019-05-16,
AAG6T7LH,0,0,,,,0,0,0,1,0.0007573054614285788,,2019-03-01,
AAG6T9NH,0,0,,,,0,0,0,1,0.0006955173013130974,,2019-06-01,
AAG6TA8H,0,0,,,,0,0,0,1,0.00070855183124194,,2019-01-05,
AAG6TAHH,0,0,,,,0,0,0,1,0.0007029480152224588,,2019-06-01,
AAG6TAKH,0,0,,,,0,0,0,1,0.000723645533577128,,2019-06-01,
AAG6TBBH,0,0,,,,0,0,0,1,0.0006955173013130974,,2019-03-28,
AAG6TBJH,0,0,,,,0,0,0,1,0.000723645533577128,,2019-01-05,
AAG6THHH,0,0,,,,0,0,0,1,0.0007029480152224588,,2019-06-01,
AAG6THJH,0,0,,,,0,0,0,1,0.0007909511676434602,,2019-06-01,
AAG6THLH,0,0,,,,0,0,0,1,0.0006955173013130974,,2019-05-04,
AAG6TRKH,0,0,,,,0,0,0,1,0.0006955173013130974,,2019-05-04,
AAG6TS8H,0,0,,,,0,0,0,1,0.001464994310398346,,2019-06-01,
AAG6TSUH,0,0,,,,0,0,0,1,0.0006955173013130974,,2019-03-28,
AAG6TT1H,0,0,,,,0,0,0,1,0.0007029480152224588,,2019-05-16,
AAG6TT9H,0,0,,,,0,0,0,1,0.0013428103642420103,,2019-03-28,
AAG6TTNH,0,0,,,,0,0,0,1,0.000723645533577128,,2019-01-05,
AAG6TUVH,0,0,,,,0,0,0,1,0.000723645533577128,,2019-06-01,
AAG6TVPH,0,0,,,,0,0,0,1,0.000723645533577128,,2019-03-28,
AAG6TY4H,0,0,,,,0,0,0,1,0.010569886225618124,,2019-06-01,
AAG6U5AH,0,0,,,,0,0,0,1,0.0007029480152224588,,2019-03-01,
AAG6UKNH,0,0,,,,0,0,0,1,0.0006882857216211939,,2019-03-28,
AAG6UMGH,0,0,,,,0,0,0,1,0.0007427934753998354,,2019-01-05,
AAG6UMJH,0,0,,,,0,0,0,1,0.004952791748280345,,2019-01-05,
AAG6UNKH,0,0,,,,0,0,0,1,0.037277028372486413,,2019-06-01,
AAG6US4H,0,0,,,,0,0,0,1,0.0007305429701563391,,2019-03-01,
AAG6UT0H,0,0,,,,0,0,0,1,0.00070855183124194,,2019-06-01,
AAG6UU8H,0,0,,,,0,0,0,1,0.030405700192945015,,2019-01-05,
AAG6UZTH,0,0,,,,0,0,0,1,0.000723645533577128,,2019-03-28,
AAG6V1MH,0,0,,,,0,0,0,1,0.000879344239918842,,2019-03-28,
AAG6V71H,0,0,,,,0,0,0,1,0.0007700044021774857,,2019-03-01,
AAG6V7DH,0,0,,,,0,0,0,1,0.0007029480152224588,,2019-03-01,
AAG6V7VH,0,0,,,,0,0,0,1,0.0007029480152224588,,2019-03-01,
AAG6VHXH,0,0,,,,0,0,0,1,0.005627734494935185,,2019-06-01,
AAG6VJKH,0,0,,,,0,0,0,1,0.0007909511676434602,,2019-03-28,
AAG6VM8H,0,0,,,,0,0,0,1,0.0007427934753998354,,2019-03-28,
AAG6VMBH,0,0,,,,0,0,0,1,0.0007029480152224588,,2019-03-01,
AAG6VMGH,0,0,,,,0,0,0,1,0.0007029480152224588,,2019-03-01,
AAG6X6JH,0,0,,,,0,0,0,1,0.0006882857216211939,,2019-03-28,
AAG6XU7H,1,1,2019-06-30,2020-05-23,328.0,1,0,0,0,1.0,0.9999896914968729,2019-05-04,57.0
AAG6XWGH,0,0,,,,0,0,0,1,0.0007573054614285788,,2019-03-01,
AAG6XWJH,1,0,,2025-04-04,,0,0,1,0,0.37293677567535144,,2019-03-28,
AAG6XXWH,0,0,,,,0,0,0,1,0.0007909511676434602,,2019-01-05,
AAG6XYBH,0,0,,,,0,0,0,1,0.0007029480152224588,,2019-06-01,
AAG6XYNH,0,0,,,,0,0,0,1,0.000723645533577128,,2019-06-01,
AAG6XZ6H,0,0,,,,0,0,0,1,0.0006955173013130974,,2019-03-28,
AAG6XZNH,0,0,,,,0,0,0,1,0.00070855183124194,,2019-06-01,
AAG6Y0GH,0,0,,,,0,0,0,1,0.0007700044021774857,,2019-03-01,
AAG6Y0KH,0,0,,,,0,0,0,1,0.00070855183124194,,2019-01-05,
AAG6Y1BH,0,0,,,,0,0,0,1,0.0007909511676434602,,2019-03-01,
AAG6Y3LH,0,0,,,,0,0,0,1,0.0040886180739989775,,2019-03-28,
AAG6Y3UH,0,0,,,,0,0,0,1,0.0007029480152224588,,2019-06-01,
AAG6Y41H,0,0,,,,0,0,0,1,0.0006955173013130974,,2019-01-05,
AAG6Y46H,0,0,,,,0,0,0,1,0.000723645533577128,,2019-06-01,
AAG6YZ1H,0,1,2019-06-17,,,0,1,0,0,0.9993419156597013,0.9993419156597013,2019-03-28,81.0
AAG6YZ9H,0,0,,,,0,0,0,1,0.00070855183124194,,2019-01-05,
AAG6Z0DH,0,0,,,,0,0,0,1,0.010002198513797592,,2019-01-05,
AAG6Z17H,0,0,,,,0,0,0,1,0.00070855183124194,,2019-06-01,
AAG6Z1MH,0,0,,,,0,0,0,1,0.0007909511676434602,,2019-03-01,
AAG6Z1XH,0,0,,,,0,0,0,1,0.000723645533577128,,2019-03-01,
AAG6Z2DH,0,0,,,,0,0,0,1,0.0007909511676434602,,2019-03-01,
AAG6Z2RH,0,0,,,,0,0,0,1,0.00070855183124194,,2019-06-01,
AAG6Z42H,1,0,,2024-11-24,,0,0,1,0,0.3685927597091291,,2019-01-05,
AAG6Z4VH,0,0,,,,0,0,0,1,0.001464994310398346,,2019-03-01,
AAG6Z53H,0,0,,,,0,0,0,1,0.000723645533577128,,2019-05-16,
AAG6ZJ9H,0,0,,,,0,0,0,1,0.0007909511676434602,,2019-03-01,
AAG705GH,0,0,,,,0,0,0,1,0.0007573054614285788,,2019-03-01,
AAG7078H,0,0,,,,0,0,0,1,0.011234494278613236,,2019-05-04,
AAG70HDH,0,0,,,,0,0,0,1,0.0006955173013130974,,2019-01-05,
AAG70JEH,0,0,,,,0,0,0,1,0.008902701363799354,,2019-06-01,
AAG70U9H,0,0,,,,0,0,0,1,0.007831266048961694,,2019-01-05,
AAG73ZWH,0,0,,,,0,0,0,1,0.000723645533577128,,2019-01-05,
AAG73ZZH,0,0,,,,0,0,0,1,0.000849240849908026,,2019-03-28,
AAG740EH,0,0,,,,0,0,0,1,0.000723645533577128,,2019-01-05,
AAG740NH,0,0,,,,0,0,0,1,0.00070855183124194,,2019-06-01,
AAG740WH,0,0,,,,0,0,0,1,0.0006955173013130974,,2019-03-01,
AAG740YH,0,0,,,,0,0,0,1,0.0007029480152224588,,2019-03-28,
AAG741PH,0,0,,,,0,0,0,1,0.00070855183124194,,2019-03-28,
AAG742EH,0,0,,,,0,0,0,1,0.0008610057928441051,,2019-03-28,
AAG742JH,0,0,,,,0,0,0,1,0.011122905551478936,,2019-06-01,
AAG742WH,0,0,,,,0,0,0,1,0.20436365039513965,,2019-01-05,
AAG7431H,0,0,,,,0,0,0,1,0.0008519057081571211,,2019-01-05,
AAG743EH,0,0,,,,0,0,0,1,0.00070855183124194,,2019-06-01,
AAG743UH,0,0,,,,0,0,0,1,0.000723645533577128,,2019-01-05,
AAG743VH,0,0,,,,0,0,0,1,0.011029527490302749,,2019-01-05,
AAG7454H,0,0,,,,0,0,0,1,0.00070855183124194,,2019-03-28,
AAG74DKH,0,0,,,,0,0,0,1,0.0006955173013130974,,2019-05-04,
AAG74EAH,1,1,2024-07-09,2025-07-27,383.0,1,0,0,0,1.0,1.0,2019-05-04,1893.0
AAG74EBH,0,0,,,,0,0,0,1,0.000723645533577128,,2019-03-28,
AAG74EYH,0,0,,,,0,0,0,1,0.000723645533577128,,2019-06-01,
AAG74EZH,0,0,,,,0,0,0,1,0.00070855183124194,,2019-06-01,
AAG74VHH,0,0,,,,0,0,0,1,0.0007305429701563391,,2019-03-01,
AAG74WRH,0,0,,,,0,0,0,1,0.0007029480152224588,,2019-06-01,
AAG76HYH,1,1,2021-09-10,2021-09-29,19.0,1,0,0,0,1.0,1.0,2019-03-01,924.0
AAG77A5H,0,0,,,,0,0,0,1,0.0008610057928441051,,2019-06-01,
AAG799NH,0,0,,,,0,0,0,1,0.000723645533577128,,2019-03-01,
AAG79B0H,0,0,,,,0,0,0,1,0.0007029480152224588,,2019-03-28,
AAG7A8EH,0,0,,,,0,0,0,1,0.000723645533577128,,2019-06-01,
AAG7A9KH,0,0,,,,0,0,0,1,0.00070855183124194,,2019-01-05,
AAG7ADMH,0,0,,,,0,0,0,1,0.0007029480152224588,,2019-05-16,
AAG7AGWH,0,0,,,,0,0,0,1,0.0006955173013130974,,2019-05-04,
AAG7AHMH,0,0,,,,0,0,0,1,0.00070855183124194,,2019-06-01,
AAG7BP3H,0,0,,,,0,0,0,1,0.000723645533577128,,2019-06-01,
AAG7BPKH,0,0,,,,0,0,0,1,0.0007029480152224588,,2019-06-01,
AAG7BRGH,0,0,,,,0,0,0,1,0.0013713966171088946,,2019-01-05,
AAG7BS8H,0,0,,,,0,0,0,1,0.0007573054614285788,,2019-03-01,
AAG7BWAH,0,0,,,,0,0,0,1,0.00070855183124194,,2019-03-28,
AAG7D1SH,0,0,,,,0,0,0,1,0.000723645533577128,,2019-06-01,
AAG7D29H,0,0,,,,0,0,0,1,0.000723645533577128,,2019-03-28,
AAG7D2PH,0,0,,,,0,0,0,1,0.00070855183124194,,2019-06-01,
AAG7D48H,0,0,,,,0,0,0,1,0.0007029480152224588,,2019-06-01,
AAG7D4DH,0,0,,,,0,0,0,1,0.0007573054614285788,,2019-03-01,
AAG7D85H,0,0,,,,0,0,0,1,0.014323778438895535,,2019-06-01,
AAG7DPYH,0,0,,,,0,0,0,1,0.0007573054614285788,,2019-03-01,
AAG7DRDH,0,0,,,,0,0,0,1,0.0006955173013130974,,2019-03-01,
AAG7DS9H,0,0,,,,0,0,0,1,0.011017001867104952,,2019-03-01,
AAG7DW0H,0,0,,,,0,0,0,1,0.0006955173013130974,,2019-05-04,
AAG7E1MH,0,0,,,,0,0,0,1,0.0007029480152224588,,2019-03-01,
AAG7E1PH,0,0,,,,0,0,0,1,0.0013713966171088946,,2019-01-05,
AAG7E2HH,0,0,,,,0,0,0,1,0.000723645533577128,,2019-03-01,
AAG7LG4H,0,0,,,,0,0,0,1,0.0007630032498235676,,2019-03-01,
AAG7LG7H,0,0,,,,0,0,0,1,0.0007029480152224588,,2019-05-16,
AAG7LHYH,0,0,,,,0,0,0,1,0.0007029480152224588,,2019-03-28,
AAG7LNAH,0,0,,,,0,0,0,1,0.0008519057081571211,,2019-06-01,
AAG7LSWH,0,0,,,,0,0,0,1,0.00070855183124194,,2019-01-05,
AAG7LTHH,1,0,,2024-07-29,,0,0,1,0,0.4308543566686634,,2019-03-28,
AAG7LZEH,0,1,2019-03-04,,,0,1,0,0,1.0,1.0,2019-03-01,3.0
AAG7M25H,0,0,,,,0,0,0,1,0.000723645533577128,,2019-06-01,
AAG7M3NH,0,0,,,,0,0,0,1,0.0007029480152224588,,2019-06-01,
AAG7M3TH,0,0,,,,0,0,0,1,0.0007909511676434602,,2019-03-28,
AAG7MMDH,0,0,,,,0,0,0,1,0.0007909511676434602,,2019-05-16,
AAG7MP8H,0,0,,,,0,0,0,1,0.0007427934753998354,,2019-06-01,
AAG7MULH,1,1,2026-03-08,2026-03-13,5.0,1,0,0,0,1.0,1.0,2019-03-01,2564.0
AAG7MUNH,0,0,,,,0,0,0,1,0.007236488128863919,,2019-06-01,
AAG7MVMH,0,0,,,,0,0,0,1,0.0007909511676434602,,2019-03-01,
AAG7N3ZH,0,0,,,,0,0,0,1,0.0007029480152224588,,2019-03-28,
AAG7N5WH,0,0,,,,0,0,0,1,0.000723645533577128,,2019-03-28,
AAG7N62H,0,0,,,,0,0,0,1,0.00070855183124194,,2019-06-01,
AAG7N63H,0,0,,,,0,0,0,1,0.0007470892432184242,,2019-03-28,
AAG7N6MH,0,0,,,,0,0,0,1,0.000723645533577128,,2019-05-04,
AAG7PPHH,1,0,,2025-10-28,,0,0,1,0,0.22196193645847678,,2019-03-01,
AAG7R02H,0,0,,,,0,0,0,1,0.0060749153019117735,,2019-06-01,
AAG7R5VH,0,0,,,,0,0,0,1,0.00070855183124194,,2019-06-01,
AAG7R93H,0,0,,,,0,0,0,1,0.0007029480152224588,,2019-06-01,
AAG7RA1H,0,0,,,,0,0,0,1,0.0006955173013130974,,2019-01-05,
AAG7RAMH,0,0,,,,0,0,0,1,0.0007573054614285788,,2019-03-01,
AAG7RBDH,0,0,,,,0,0,0,1,0.0006955173013130974,,2019-05-04,
AAG90D8H,0,0,,,,0,0,0,1,0.001464994310398346,,2019-05-04,
AAG9VK6H,0,0,,,,0,0,0,1,0.0007909511676434602,,2019-03-01,
AAGA4YNH,0,0,,,,0,0,0,1,0.000723645533577128,,2019-06-01,
AAGA7W1H,1,0,,2023-04-11,,0,0,1,0,0.07500046915210808,,2019-03-01,
AAGA9E3H,0,0,,,,0,0,0,1,0.0007305429701563391,,2019-05-04,
AAGH3VWH,0,0,,,,0,0,0,1,0.000723645533577128,,2019-05-27,
AAGMU4TH,0,0,,,,0,0,0,1,0.0006955173013130974,,2019-05-04,
AAGN9D2H,1,0,,2023-09-17,,0,0,1,0,0.0067902366581237515,,2019-05-04,
AAGP62KH,0,0,,,,0,0,0,1,0.0007427934753998354,,2019-06-01,
AAGUS87H,0,0,,,,0,0,0,1,0.0009138574794227843,,2019-08-13,
AAGVX4UH,0,0,,,,0,0,0,1,0.0006955173013130974,,2019-05-04,
AAGWTB0H,0,0,,,,0,0,0,1,0.38444826697187756,,2019-06-01,
AAGXDBZH,0,0,,,,0,0,0,1,0.13884929290026266,,2019-05-16,
AAGXLP2H,0,0,,,,0,0,0,1,0.0007029480152224588,,2019-06-01,
AAGXMJSH,0,0,,,,0,0,0,1,0.0006955173013130974,,2019-05-04,
AAGXU8YH,0,0,,,,0,0,0,1,0.0008610057928441051,,2019-05-16,
AAGXUBRH,0,0,,,,0,0,0,1,0.0006955173013130974,,2019-05-04,
AAGXV97H,0,0,,,,0,0,0,1,0.0005877768454647372,,2024-03-13,
AAGXW8VH,0,0,,,,0,0,0,1,0.0007305429701563391,,2019-08-13,
AAGXWUWH,0,0,,,,0,0,0,1,0.0007427934753998354,,2019-05-04,
AAGXY3MH,1,0,,2025-04-09,,0,0,1,0,0.014493468312848343,,2019-05-16,
AAH22T7H,0,0,,,,0,0,0,1,0.32180626212720786,,2019-05-04,
AAH4NTGH,0,0,,,,0,0,0,1,0.0006955173013130974,,2019-05-04,
AAH6DU2H,0,0,,,,0,0,0,1,0.984732157299077,,2019-08-13,
AAH78SAH,0,0,,,,0,0,0,1,0.0006955173013130974,,2019-05-04,
AAH7HJSH,0,0,,,,0,0,0,1,0.0008395542052960596,,2019-05-04,
AAH7HKHH,0,0,,,,0,0,0,1,0.0007909511676434602,,2019-05-04,
AAH7HNDH,0,0,,,,0,0,0,1,0.000723645533577128,,2019-05-04,
AAH7X19H,0,0,,,,0,0,0,1,0.0006955173013130974,,2019-05-04,
AAH86SEH,0,0,,,,0,0,0,1,0.0006955173013130974,,2019-05-04,
AAH8BLDH,0,0,,,,0,0,0,1,0.0007909511676434602,,2019-05-04,
AAH8HPVH,0,0,,,,0,0,0,1,0.25966537522717864,,2019-05-04,
AAH8LPUH,0,0,,,,0,0,0,1,0.0006955173013130974,,2019-05-04,
AAH8P7WH,0,0,,,,0,0,0,1,0.0006955173013130974,,2019-05-27,
AAH8R0LH,0,0,,,,0,0,0,1,0.005004809877880307,,2019-05-04,
AAH8RG4H,0,0,,,,0,0,0,1,0.0008700505025266063,,2019-05-04,
AAH8V76H,0,0,,,,0,0,0,1,0.0006955173013130974,,2019-05-04,
AAH8V7KH,0,0,,,,0,0,0,1,0.0008700505025266063,,2019-05-04,
AAH90NAH,1,0,,2023-04-19,,0,0,1,0,0.012021664847075342,,2019-05-04,
AAH919BH,0,0,,,,0,0,0,1,0.005004809877880307,,2019-05-04,
AAH9285H,0,0,,,,0,0,0,1,0.0006955173013130974,,2019-05-04,
AAH92GHH,0,0,,,,0,0,0,1,0.000723645533577128,,2019-05-04,
AAH92HRH,0,0,,,,0,0,0,1,0.0006955173013130974,,2019-05-04,
AAH92JGH,0,0,,,,0,0,0,1,0.000723645533577128,,2019-05-04,
AAH92V3H,0,0,,,,0,0,0,1,0.00070855183124194,,2019-05-04,
AAH9301H,1,0,,2023-12-23,,0,0,1,0,0.06492847856079335,,2019-05-04,
AAH9305H,0,0,,,,0,0,0,1,0.0007909511676434602,,2019-05-04,
AAH9307H,1,0,,2023-04-09,,0,0,1,0,0.007907837751359928,,2019-05-04,
AAH93MDH,0,0,,,,0,0,0,1,0.22774294617771423,,2019-05-04,
AAH93RZH,0,0,,,,0,0,0,1,0.006886346939678231,,2019-05-04,
AAH953TH,0,0,,,,0,0,0,1,0.000723645533577128,,2019-05-04,
AAH9618H,0,0,,,,0,0,0,1,0.0006955173013130974,,2019-05-04,
AAH9689H,0,0,,,,0,0,0,1,0.0006810098940726097,,2019-05-04,
AAH96AUH,0,0,,,,0,0,0,1,0.28701902949982067,,2019-05-04,
AAH97BZH,0,1,2025-06-25,,,0,1,0,0,1.0,1.0,2019-05-04,2244.0
AAH99PNH,0,0,,,,0,0,0,1,0.00070855183124194,,2019-05-04,
AAH9BERH,0,0,,,,0,0,0,1,0.0006955173013130974,,2019-05-04,
AAHAS1MH,0,0,,,,0,0,0,1,0.0006882857216211939,,2019-05-27,
AAHAS9TH,0,0,,,,0,0,0,1,0.0006955173013130974,,2019-05-27,
AAHB6YXH,0,0,,,,0,0,0,1,0.00070855183124194,,2019-05-27,
AAHB8Z9H,0,0,,,,0,0,0,1,0.00070855183124194,,2019-05-27,
AAHBKUHH,0,0,,,,0,0,0,1,0.000723645533577128,,2019-05-27,
AAHD7S9H,0,0,,,,0,0,0,1,0.000723645533577128,,2019-05-19,
AAHDJD5H,0,0,,,,0,0,0,1,0.0006955173013130974,,2019-05-27,
AAHDJDSH,0,0,,,,0,0,0,1,0.0006882857216211939,,2019-05-27,
AAHDJH3H,0,0,,,,0,0,0,1,0.00070855183124194,,2019-05-27,
AAHDUS5H,0,0,,,,0,0,0,1,0.0006955173013130974,,2019-05-27,
AAHDUT6H,0,0,,,,0,0,0,1,0.000723645533577128,,2019-05-27,
AAHDYR0H,0,0,,,,0,0,0,1,0.0008700505025266063,,2019-05-27,
AAHE23AH,0,0,,,,0,0,0,1,0.0006882857216211939,,2019-05-27,
AAHE4SAH,0,0,,,,0,0,0,1,0.0006882857216211939,,2019-05-27,
AAHEAGWH,0,0,,,,0,0,0,1,0.00070855183124194,,2019-05-27,
AAHEAHLH,0,0,,,,0,0,0,1,0.0007029480152224588,,2019-05-27,
AAHED32H,0,0,,,,0,0,0,1,0.000723645533577128,,2019-05-27,
AAHED3GH,0,0,,,,0,0,0,1,0.044134743354102966,,2019-05-27,
AAHED8NH,0,0,,,,0,0,0,1,0.00070855183124194,,2019-05-27,
AAHED98H,0,0,,,,0,0,0,1,0.0007029480152224588,,2019-05-27,
AAHEEVKH,0,0,,,,0,0,0,1,0.0006955173013130974,,2019-05-27,
AAHEHEEH,0,0,,,,0,0,0,1,0.0008610057928441051,,2019-05-27,
AAHEHHMH,0,0,,,,0,0,0,1,0.00070855183124194,,2019-05-27,
AAHEHJ0H,0,0,,,,0,0,0,1,0.000723645533577128,,2019-06-01,
AAHEHJ1H,0,0,,,,0,0,0,1,0.0006882857216211939,,2019-05-27,
AAHEHL5H,0,0,,,,0,0,0,1,0.000905230842998406,,2019-05-27,
AAHEHP8H,0,0,,,,0,0,0,1,0.000723645533577128,,2019-05-27,
AAHEHRSH,0,0,,,,0,0,0,1,0.00070855183124194,,2019-05-27,
AAHEHS0H,0,0,,,,0,0,0,1,0.0006882857216211939,,2019-05-27,
AAHEHTDH,0,0,,,,0,0,0,1,0.0006955173013130974,,2019-05-27,
AAHEHTNH,0,0,,,,0,0,0,1,0.0007029480152224588,,2019-05-27,
AAHEHTPH,0,0,,,,0,0,0,1,0.00070855183124194,,2019-05-27,
AAHEHVUH,0,0,,,,0,0,0,1,0.0008519057081571211,,2019-05-27,
AAHEHY7H,0,0,,,,0,0,0,1,0.00070855183124194,,2019-05-27,
AAHEHZ2H,0,0,,,,0,0,0,1,0.0006882857216211939,,2019-05-27,
AAHEHZPH,0,0,,,,0,0,0,1,0.00070855183124194,,2019-05-27,
AAHEHZXH,0,0,,,,0,0,0,1,0.000723645533577128,,2019-05-27,
AAHEJ43H,0,0,,,,0,0,0,1,0.0006882857216211939,,2019-05-27,
AAHEJ4KH,0,0,,,,0,0,0,1,0.0006955173013130974,,2019-05-27,
AAHEJ76H,0,0,,,,0,0,0,1,0.0006955173013130974,,2019-05-27,
AAHEJDXH,0,0,,,,0,0,0,1,0.000723645533577128,,2019-05-27,
AAHEJE4H,0,0,,,,0,0,0,1,0.000879344239918842,,2019-05-27,
AAHEJHKH,0,0,,,,0,0,0,1,0.0006882857216211939,,2019-05-27,
AAHGYKJH,1,0,,2024-07-24,,0,0,1,0,0.008647146773300115,,2019-08-13,
AAHH59AH,0,0,,,,0,0,0,1,0.00070855183124194,,2019-08-13,
AAHHAXAH,0,0,,,,0,0,0,1,0.0008246850304697972,,2019-08-13,
AAHHXJ2H,0,0,,,,0,0,0,1,0.006268613062480539,,2019-08-13,
AAHJG5XH,0,0,,,,0,0,0,1,0.000723645533577128,,2019-08-13,
AAHJP8BH,0,0,,,,0,0,0,1,0.009367641878151195,,2019-06-01,
AAHK5PUH,0,0,,,,0,0,0,1,0.000879344239918842,,2019-06-01,
AAHK8NRH,0,0,,,,0,0,0,1,0.0007029480152224588,,2019-08-13,
AAHKERJH,1,0,,2026-01-13,,0,0,1,0,0.03129512066082407,,2019-08-13,
AAHKKR8H,0,0,,,,0,0,0,1,0.0007909511676434602,,2019-08-13,
AAHKLDKH,0,0,,,,0,0,0,1,0.000723645533577128,,2019-06-01,
AAHKM55H,1,0,,2025-03-25,,0,0,1,0,0.04145940003464307,,2019-08-13,
AAHKMW2H,1,0,,2022-01-12,,0,0,1,0,0.06534095756245847,,2019-06-01,
AAHKS17H,1,1,2025-02-14,2025-07-07,143.0,1,0,0,0,1.0,1.0,2019-06-01,2085.0
AAHKWLAH,0,0,,,,0,0,0,1,0.4878548104783866,,2019-08-13,
AAHKX43H,1,1,2019-10-04,2019-11-25,52.0,1,0,0,0,0.9999890359664909,0.9999890359664909,2019-08-13,52.0
AAHKXKYH,0,0,,,,0,0,0,1,0.014583491058766017,,2019-08-13,
AAHKXLYH,0,0,,,,0,0,0,1,0.0007909511676434602,,2019-08-13,
AAHKXNHH,0,0,,,,0,0,0,1,0.022939592645830943,,2019-08-13,
AAHKXZ7H,0,0,,,,0,0,0,1,0.00070855183124194,,2019-08-13,
AAHKYETH,0,0,,,,0,0,0,1,0.0007029480152224588,,2019-05-16,
AAHL0PKH,0,0,,,,0,0,0,1,0.007998289264658832,,2019-08-13,
AAHL0TLH,0,0,,,,0,0,0,1,0.010533626681402638,,2019-06-01,
AAHL4K8H,0,0,,,,0,0,0,1,0.0056833603625723135,,2019-05-16,
AAHL5LRH,1,0,,2024-09-01,,0,0,1,0,0.05457026817646539,,2019-08-13,
AAHL9A9H,0,0,,,,0,0,0,1,0.01119576418125718,,2019-08-13,
AAHL9XJH,0,0,,,,0,0,0,1,0.00873990073647228,,2019-08-13,
AAHL9XLH,0,0,,,,0,0,0,1,0.0007029480152224588,,2019-08-13,
AAHL9Y3H,0,0,,,,0,0,0,1,0.000723645533577128,,2019-08-13,
AAHL9YAH,0,0,,,,0,0,0,1,0.00070855183124194,,2019-08-13,
AAHL9ZYH,0,0,,,,0,0,0,1,0.000723645533577128,,2019-08-13,
AAHLBTZH,1,0,,2025-07-26,,0,0,1,0,0.08058519066468356,,2019-08-13,
AAHLBWGH,1,1,2025-08-22,2025-08-30,8.0,1,0,0,0,0.9999999999999813,0.9999996673555985,2019-08-13,2201.0
AAHLBWSH,1,0,,2023-12-11,,0,0,1,0,0.06492847856079335,,2019-08-13,
AAHLBXVH,0,0,,,,0,0,0,1,0.049211520907525154,,2019-08-13,
AAHLD3UH,1,0,,2025-03-11,,0,0,1,0,0.3685927597091291,,2019-08-13,
AAHLS5JH,0,0,,,,0,0,0,1,0.0007029480152224588,,2019-05-16,
AAHLS7ZH,0,0,,,,0,0,0,1,0.00070855183124194,,2019-05-16,
AAHLS8YH,0,0,,,,0,0,0,1,0.24226513531676655,,2019-05-16,
AAHLS9UH,0,0,,,,0,0,0,1,0.0007029480152224588,,2019-05-16,
AAHLV30H,0,0,,,,0,0,0,1,0.0006955173013130974,,2019-05-16,
AAHLV40H,1,0,,2019-08-05,,0,0,1,0,0.3849621615175293,,2019-05-16,
AAHLV47H,0,0,,,,0,0,0,1,0.000723645533577128,,2019-05-16,
AAHLVTVH,0,0,,,,0,0,0,1,0.0007029480152224588,,2019-05-27,
AAHLWE3H,0,0,,,,0,0,0,1,0.0006882857216211939,,2019-05-27,
AAHLWKXH,0,0,,,,0,0,0,1,0.0006955173013130974,,2019-05-16,
AAHLWM3H,0,0,,,,0,0,0,1,0.0007029480152224588,,2019-05-27,
AAHLXJ1H,0,0,,,,0,0,0,1,0.010403938673503739,,2019-05-04,
AAHLXJ9H,0,0,,,,0,0,0,1,0.0006955173013130974,,2019-05-04,
AAHLXL5H,0,0,,,,0,0,0,1,0.0007909511676434602,,2019-08-13,
AAHLXTXH,0,0,,,,0,0,0,1,0.022570687492743706,,2019-05-16,
AAHLY01H,0,0,,,,0,0,0,1,0.001464994310398346,,2019-05-27,
AAHLY04H,0,0,,,,0,0,0,1,0.0006955173013130974,,2019-05-04,
AAHLY2TH,0,0,,,,0,0,0,1,0.0007029480152224588,,2019-05-27,
AAHLY31H,1,0,,2025-07-25,,0,0,1,0,0.43843181077050003,,2019-08-13,
AAHLYJRH,0,0,,,,0,0,0,1,0.00070855183124194,,2019-05-27,
AAHLYY6H,0,0,,,,0,0,0,1,0.000723645533577128,,2019-05-16,
AAHM227H,0,0,,,,0,0,0,1,0.0007029480152224588,,2019-08-13,
AAHM4E6H,0,0,,,,0,0,0,1,0.00070855183124194,,2019-05-27,
AAHM4HSH,0,0,,,,0,0,0,1,0.0006955173013130974,,2019-05-04,
AAHM4KJH,0,0,,,,0,0,0,1,0.000723645533577128,,2019-08-13,
AAHM4S6H,0,0,,,,0,0,0,1,0.0006955173013130974,,2019-05-04,
AAHM4S8H,0,0,,,,0,0,0,1,0.0006955173013130974,,2019-05-04,
AAHM4SSH,0,0,,,,0,0,0,1,0.000723645533577128,,2019-05-04,
AAHM4T2H,0,0,,,,0,0,0,1,0.0006955173013130974,,2019-05-04,
AAHM4T6H,0,0,,,,0,0,0,1,0.0007029480152224588,,2019-08-13,
AAHM4TRH,0,0,,,,0,0,0,1,0.0006955173013130974,,2019-08-13,
AAHM4UYH,0,0,,,,0,0,0,1,0.0006955173013130974,,2019-05-04,
AAHM4WBH,0,0,,,,0,0,0,1,0.0006955173013130974,,2019-05-16,
AAHM4WEH,0,0,,,,0,0,0,1,0.0006955173013130974,,2019-05-04,
AAHM4XGH,0,0,,,,0,0,0,1,0.0007909511676434602,,2019-08-13,
AAHM5Z4H,0,0,,,,0,0,0,1,0.0006955173013130974,,2019-05-04,
AAHM5Z9H,0,0,,,,0,0,0,1,0.0006955173013130974,,2019-05-04,
AAHM5ZHH,0,0,,,,0,0,0,1,0.0006955173013130974,,2019-05-04,
AAHMD6GH,0,0,,,,0,0,0,1,0.00070855183124194,,2019-05-04,
AAHME7KH,0,0,,,,0,0,0,1,0.0007909511676434602,,2019-05-16,
AAHMGV8H,0,0,,,,0,0,0,1,0.0006882857216211939,,2019-05-27,
AAHMH4LH,0,0,,,,0,0,0,1,0.0006955173013130974,,2019-05-04,
AAHML65H,0,0,,,,0,0,0,1,0.0008700505025266063,,2019-05-16,
AAHMN38H,0,0,,,,0,0,0,1,0.0007029480152224588,,2019-05-16,
AAHMR03H,1,1,2025-11-13,2025-11-26,13.0,1,0,0,0,0.9999998720764541,0.9999993971403778,2019-05-16,2373.0
AAHMR2ZH,1,0,,2024-01-31,,0,0,1,0,0.008504591856174946,,2019-05-16,
AAHMSNRH,0,0,,,,0,0,0,1,0.0007029480152224588,,2019-05-16,
AAHMUYLH,0,0,,,,0,0,0,1,0.0007909511676434602,,2019-05-16,
AAHMW6RH,0,0,,,,0,0,0,1,0.021849837865075484,,2019-05-16,
AAHMW7NH,0,0,,,,0,0,0,1,0.000723645533577128,,2019-05-16,
